"legis.annee","cabcollab","tendance.pol","effectifs","pourcentages","mean_part.femmes","median_part.femmes","mean_age","median_age","mean_part.pol","median_part.pol","mean_part.cabcollab","median_part.cabcollab","mean_part.pcs.123","median_part.pcs.123","mean_part.pcs.456","median_part.pcs.456","mean_part.elu.local","median_part.elu.local","mean_part.mandat","median_part.mandat","mean_part.primos","median_part.primos","mean_duree.pol","median_duree.pol"
1978,"Ancien collaborateur","Centre",28,20.1438848920863,0,0,47.7142857142857,50,46.0453109695621,34.8484848484848,100,100,85.7142857142857,100,7.14285714285714,0,57.1428571428571,100,32.8395261175405,25.2380952380952,46.4285714285714,0,10.8928571428571,9
1978,"Ancien collaborateur","COM/LFI",2,2.27272727272727,0,0,52.5,52.5,49.3506493506493,49.3506493506493,100,100,0,0,100,100,100,100,33.5497835497836,33.5497835497836,50,50,14,14
1978,"Ancien collaborateur","Droite",38,21.8390804597701,0,0,50.5526315789474,53,64.8546687712151,66.6666666666667,100,100,86.8421052631579,100,2.63157894736842,0,89.4736842105263,100,51.0061611730178,54.6920821114369,26.3157894736842,0,15.7894736842105,16.5
1978,"Ancien collaborateur","ECO/SOC/RAD",7,5.78512396694215,0,0,47.4285714285714,48,48.3810778704234,42.1052631578947,100,100,71.4285714285714,100,0,0,100,100,35.757737501524,26.3157894736842,42.8571428571429,0,12.1428571428571,8
1978,"Ancien collaborateur","Non-inscrits",1,7.14285714285714,0,0,53,53,75,75,100,100,100,100,0,0,100,100,46.4285714285714,46.4285714285714,0,0,21,21
1978,"Jamais collaborateur","Centre",111,79.8561151079137,1.8018018018018,0,51.2162162162162,53,43.7092641190085,41.6666666666667,0,0,89.1891891891892,100,9.90990990990991,0,84.6846846846847,100,43.7092641190085,41.6666666666667,46.8468468468468,0,11.3963963963964,12
1978,"Jamais collaborateur","COM/LFI",86,97.7272727272727,15.1162790697674,0,50.9883720930233,52,43.7382736415235,41.8859649122807,0,0,22.093023255814,0,75.5813953488372,100,77.9069767441861,100,43.7382736415235,41.8859649122807,37.2093023255814,0,11.953488372093,8.5
1978,"Jamais collaborateur","Droite",136,78.1609195402299,2.20588235294118,0,54.7573529411765,56,49.0590590538955,51.5151515151515,0,0,88.2352941176471,100,11.0294117647059,0,75.7352941176471,100,49.0590590538955,51.5151515151515,29.4117647058824,0,14,13
1978,"Jamais collaborateur","ECO/SOC/RAD",114,94.2148760330578,1.75438596491228,0,48.0877192982456,47,40.8788490399665,35.7142857142857,0,0,71.0526315789474,100,28.0701754385965,0,84.2105263157895,100,40.8788490399665,35.7142857142857,46.4912280701754,0,9.66666666666667,7
1978,"Jamais collaborateur","Non-inscrits",13,92.8571428571429,7.69230769230769,0,53.8461538461538,55,34.1042112009854,32.258064516129,0,0,69.2307692307692,100,23.0769230769231,0,76.9230769230769,100,34.1042112009854,32.258064516129,38.4615384615385,0,10.2307692307692,8
1978,"Total","Centre",139,100,1.43884892086331,0,50.5107913669065,52,44.1798347076092,41.1764705882353,20.1438848920863,0,88.4892086330935,100,9.35251798561151,0,79.136690647482,100,41.5196766079214,40.625,46.7625899280576,0,11.294964028777,10
1978,"Total","COM/LFI",88,100,14.7727272727273,0,51.0227272727273,52,43.8658276349128,41.8859649122807,2.27272727272727,0,21.5909090909091,0,76.1363636363636,100,78.4090909090909,100,43.5067170485294,41.8859649122807,37.5,0,12,8.5
1978,"Total","Droite",174,100,1.72413793103448,0,53.8390804597701,55,52.5086749691722,56.3492063492063,21.8390804597701,0,87.9310344827586,100,9.19540229885057,0,78.7356321839081,100,49.4842882523245,51.6129032258065,28.735632183908,0,14.3908045977012,13.5
1978,"Total","ECO/SOC/RAD",121,100,1.65289256198347,0,48.0495867768595,47,41.3128622780921,35.7142857142857,5.78512396694215,0,71.0743801652893,100,26.4462809917355,0,85.1239669421488,100,40.5825863889822,35.7142857142857,46.2809917355372,0,9.8099173553719,7
1978,"Total","Non-inscrits",14,100,7.14285714285714,0,53.7857142857143,54,37.0253389723436,35.5734767025089,7.14285714285714,0,71.4285714285714,100,21.4285714285714,0,78.5714285714286,100,34.984522645813,35.5734767025089,35.7142857142857,0,11,9
1997,"Ancien collaborateur","Centre",38,30.8943089430894,7.89473684210526,0,49.8157894736842,47,67.010050667134,72.5705329153605,100,100,76.3157894736842,100,5.26315789473684,0,89.4736842105263,100,57.2832065002695,63.5278514588859,21.0526315789474,0,16.2894736842105,16
1997,"Ancien collaborateur","Droite",44,28.0254777070064,4.54545454545455,0,53.1590909090909,52,66.4360083618325,69.0909090909091,100,100,65.9090909090909,100,4.54545454545455,0,97.7272727272727,100,54.8661991193853,61.4583333333333,11.3636363636364,0,18.5227272727273,17
1997,"Ancien collaborateur","ECO/SOC/RAD",72,21.9512195121951,18.0555555555556,0,45.6944444444444,46,69.0859797758911,75.5,100,100,59.7222222222222,100,2.77777777777778,0,87.5,100,50.4375947532859,51.6666666666667,63.8888888888889,100,14.0277777777778,14
1997,"Ancien collaborateur","Non-inscrits",1,20,0,0,61,61,38.8888888888889,38.8888888888889,100,100,0,0,100,100,100,100,36.1111111111111,36.1111111111111,100,100,14,14
1997,"Jamais collaborateur","Centre",85,69.1056910569106,5.88235294117647,0,55.3764705882353,54,62.7557892362,66.6666666666667,0,0,95.2941176470588,100,4.70588235294118,0,97.6470588235294,100,62.7557892362,66.6666666666667,14.1176470588235,0,19.2,20
1997,"Jamais collaborateur","COM/LFI",41,100,9.75609756097561,0,54.5609756097561,54,60.2629020046489,63.6363636363636,0,0,34.1463414634146,0,60.9756097560976,100,95.1219512195122,100,60.2629020046489,63.6363636363636,48.780487804878,0,18.0487804878049,20
1997,"Jamais collaborateur","Droite",113,71.9745222929936,6.19469026548673,0,54.3008849557522,54,57.8655735143238,56,0,0,90.2654867256637,100,8.84955752212389,0,97.3451327433628,100,57.8655735143238,56,21.2389380530973,0,16.6814159292035,15
1997,"Jamais collaborateur","ECO/SOC/RAD",256,78.0487804878049,15.234375,0,52.8203125,53,55.9595325601228,59.041394335512,0,0,73.828125,100,23.828125,0,95.3125,100,55.9595325601228,59.041394335512,51.5625,100,15.859375,16
1997,"Jamais collaborateur","Non-inscrits",4,80,0,0,54.25,54,60.9615965254552,60.0241545893719,0,0,100,100,0,0,100,100,60.9615965254552,60.0241545893719,50,50,18,17.5
1997,"Total","Centre",123,100,6.50406504065041,0,53.6585365853659,53,64.0701139059195,66.6666666666667,30.8943089430894,0,89.4308943089431,100,4.8780487804878,0,95.1219512195122,100,61.0650726185955,65.5172413793103,16.260162601626,0,18.3008130081301,20
1997,"Total","COM/LFI",41,100,9.75609756097561,0,54.5609756097561,54,60.2629020046489,63.6363636363636,0,0,34.1463414634146,0,60.9756097560976,100,95.1219512195122,100,60.2629020046489,63.6363636363636,48.780487804878,0,18.0487804878049,20
1997,"Total","Droite",157,100,5.73248407643312,0,53.9808917197452,53,60.2674788219058,60,28.0254777070064,0,83.4394904458599,100,7.64331210191083,0,97.4522292993631,100,57.0249845119206,56,18.4713375796178,0,17.1974522292994,15
1997,"Total","ECO/SOC/RAD",328,100,15.8536585365854,0,51.2560975609756,51,58.8409478026085,61.3171355498721,21.9512195121951,0,70.7317073170732,100,19.2073170731707,0,93.5975609756098,100,54.7473998708172,58.1989247311828,54.2682926829268,100,15.4573170731707,15
1997,"Total","Non-inscrits",5,100,0,0,55.6,57,56.5470549981419,47.8260869565217,20,0,80,100,20,0,100,100,55.9914994425864,47.8260869565217,60,100,17.2,15
2007,"Ancien collaborateur","Centre",7,26.9230769230769,0,0,48.5714285714286,48,84.1496598639456,100,100,100,42.8571428571429,0,0,0,85.7142857142857,100,72.9318249038746,78.2608695652174,14.2857142857143,0,18,18
2007,"Ancien collaborateur","COM/LFI",2,7.69230769230769,50,50,44.5,44.5,60,60,100,100,0,0,50,50,100,100,43.3333333333333,43.3333333333333,50,50,7.5,7.5
2007,"Ancien collaborateur","Droite",104,28.1842818428184,12.5,0,52.7019230769231,52.5,76.107855340899,80.7692307692308,100,100,48.0769230769231,0,4.80769230769231,0,95.1923076923077,100,62.0367371806279,61.6366366366367,22.1153846153846,0,20.7980769230769,20
2007,"Ancien collaborateur","ECO/SOC/RAD",72,34.2857142857143,19.4444444444444,0,51.4583333333333,53,79.7366280899005,84.9624060150376,100,100,51.3888888888889,100,4.16666666666667,0,93.0555555555556,100,59.5145467435508,63.6111111111111,30.5555555555556,0,20.7361111111111,22
2007,"Ancien collaborateur","Non-inscrits",4,50,25,0,48.25,46.5,83.3860678088182,86.0703812316715,100,100,75,100,0,0,100,100,72.903942407338,69.8680351906158,25,0,19.5,18
2007,"Jamais collaborateur","Centre",19,73.0769230769231,5.26315789473684,0,56.0526315789474,54,68.0533155077047,64.8648648648649,0,0,89.4736842105263,100,5.26315789473684,0,100,100,68.0533155077047,64.8648648648649,21.0526315789474,0,20.6315789473684,18
2007,"Jamais collaborateur","COM/LFI",24,92.3076923076923,20.8333333333333,0,59.9583333333333,59.5,74.6946898857774,79.0625,0,0,29.1666666666667,0,66.6666666666667,100,100,100,74.6946898857774,79.0625,25,0,26.0416666666667,24.5
2007,"Jamais collaborateur","Droite",265,71.8157181571816,16.9811320754717,0,55.5320754716981,56,61.8313867359804,65,0,0,86.0377358490566,100,10.5660377358491,0,96.6037735849057,100,61.8313867359804,65,24.5283018867925,0,19.0641509433962,19
2007,"Jamais collaborateur","ECO/SOC/RAD",138,65.7142857142857,31.1594202898551,0,56.9565217391304,58,63.0327026019098,67.6190476190476,0,0,71.0144927536232,100,26.8115942028986,0,97.1014492753623,100,63.0327026019098,67.6190476190476,40.5797101449275,0,20.268115942029,21
2007,"Jamais collaborateur","Non-inscrits",4,50,0,0,52.75,54.5,82.4652777777778,96.875,0,0,50,50,50,50,100,100,82.4652777777778,96.875,50,50,21.5,21.5
2007,"Total","Centre",26,100,3.84615384615385,0,54.0384615384615,53.5,72.3869466805388,70,26.9230769230769,0,76.9230769230769,100,3.84615384615385,0,96.1538461538462,100,69.366760345135,70,19.2307692307692,0,19.9230769230769,18
2007,"Total","COM/LFI",26,100,23.0769230769231,0,58.7692307692308,59,73.564329125333,79.0625,7.69230769230769,0,26.9230769230769,0,65.3846153846154,100,100,100,72.2822778432817,77.5240384615385,26.9230769230769,0,24.6153846153846,24
2007,"Total","Droite",369,100,15.7181571815718,0,54.7344173441734,56,65.8551068847921,68.4210526315789,28.1842818428184,0,75.3387533875339,100,8.94308943089431,0,96.2059620596206,100,61.8892632840654,64.2857142857143,23.8482384823848,0,19.5528455284553,19
2007,"Total","ECO/SOC/RAD",210,100,27.1428571428571,0,55.0714285714286,56,68.7597627692209,72.10433244916,34.2857142857143,0,64.2857142857143,100,19.047619047619,0,95.7142857142857,100,61.8264777361867,66.6666666666667,37.1428571428571,0,20.4285714285714,21
2007,"Total","Non-inscrits",8,100,12.5,0,50.5,49.5,82.925672793298,92.0362903225806,50,50,62.5,100,25,0,100,100,77.6846100925579,87.1975806451613,37.5,0,20.5,18
2012,"Ancien collaborateur","Centre",12,37.5,0,0,51.9166666666667,51.5,90.7566145771791,94.2307692307693,100,100,33.3333333333333,0,0,0,100,100,77.9393032047602,83.6640211640211,0,0,24.8333333333333,26.5
2012,"Ancien collaborateur","COM/LFI",2,13.3333333333333,0,0,45.5,45.5,73.5645933014354,73.5645933014354,100,100,0,0,0,0,100,100,53.9473684210526,53.9473684210526,100,100,15,15
2012,"Ancien collaborateur","Droite",64,31.6831683168317,12.5,0,52.875,53,80.2748589063296,85.7142857142857,100,100,54.6875,100,3.125,0,96.875,100,65.9495266934853,68.0959302325581,21.875,0,21.953125,22.5
2012,"Ancien collaborateur","ECO/SOC/RAD",126,34.5205479452055,23.015873015873,0,50.0873015873016,50,75.0261158335734,80.952380952381,100,100,42.8571428571429,0,7.93650793650794,0,92.8571428571429,100,53.4975150803598,52.3809523809524,53.968253968254,100,18.5714285714286,17
2012,"Ancien collaborateur","Non-inscrits",3,33.3333333333333,33.3333333333333,0,45.6666666666667,49,89.6367521367521,95.8333333333333,100,100,66.6666666666667,100,0,0,100,100,64.8504273504273,65.3846153846154,33.3333333333333,0,18,19
2012,"Jamais collaborateur","Centre",20,62.5,10,0,54.8,54,61.2630991079376,72.5087108013938,0,0,70,100,25,0,85,100,61.2630991079376,72.5087108013938,40,0,18.65,22
2012,"Jamais collaborateur","COM/LFI",13,86.6666666666667,23.0769230769231,0,63.2307692307692,63,71.2779776543027,82.8571428571429,0,0,53.8461538461538,100,38.4615384615385,0,100,100,71.2779776543027,82.8571428571429,23.0769230769231,0,27.9230769230769,30
2012,"Jamais collaborateur","Droite",138,68.3168316831683,13.768115942029,0,56.4275362318841,58,65.2136423801437,65.7518796992481,0,0,86.231884057971,100,9.42028985507246,0,96.3768115942029,100,65.2136423801437,65.7518796992481,17.3913043478261,0,20.7463768115942,23
2012,"Jamais collaborateur","ECO/SOC/RAD",239,65.4794520547945,43.0962343096234,0,55.7907949790795,57,51.2085528851176,54.8387096774194,0,0,66.1087866108787,100,31.7991631799163,0,90.3765690376569,100,51.2085528851176,54.8387096774194,56.9037656903766,100,16.6903765690377,17
2012,"Jamais collaborateur","Non-inscrits",6,66.6666666666667,33.3333333333333,0,50.6666666666667,54,47.2027972027972,59.0909090909091,0,0,50,50,0,0,50,50,47.2027972027972,59.0909090909091,50,50,13,10
2012,"Total","Centre",32,100,6.25,0,53.71875,52.5,72.3231674089031,80.2801724137931,37.5,0,56.25,100,15.625,0,90.625,100,67.516675644246,77.2077922077922,25,0,20.96875,23
2012,"Total","COM/LFI",15,100,20,0,60.8666666666667,62,71.582859740587,81.0810810810811,13.3333333333333,0,46.6666666666667,0,33.3333333333333,0,100,100,68.967229756536,81.0810810810811,33.3333333333333,0,26.2,29
2012,"Total","Droite",202,100,13.3663366336634,0,55.3019801980198,56,69.9855129626976,71.4285714285714,31.6831683168317,0,76.2376237623762,100,7.42574257425743,0,96.5346534653465,100,65.4467938457568,66.260162601626,18.8118811881188,0,21.1287128712871,23
2012,"Total","ECO/SOC/RAD",365,100,36.1643835616438,0,53.8219178082192,55,59.4305061221188,64.2857142857143,34.5205479452055,0,58.0821917808219,100,23.5616438356164,0,91.2328767123288,100,51.9987151771738,53.5714285714286,55.8904109589041,100,17.3397260273973,17
2012,"Total","Non-inscrits",9,100,33.3333333333333,0,49,51,63.1155303030303,75,33.3333333333333,0,55.5555555555556,100,0,0,66.6666666666667,100,53.8206585081585,62.2377622377623,44.4444444444444,0,14.6666666666667,19
2017,"Ancien collaborateur","Centre",67,18.1571815718157,43.2835820895522,0,43.7164179104478,44,56.5806093442105,60,100,100,44.7761194029851,0,4.47761194029851,0,50.7462686567164,100,26.629177351476,10.7142857142857,80.5970149253731,100,10.8358208955224,9
2017,"Ancien collaborateur","COM/LFI",10,30.3030303030303,20,0,49.8,48,68.0821718216897,75.3703703703704,100,100,30,0,0,0,90,100,46.8002072920061,49.780701754386,90,100,17.5,16
2017,"Ancien collaborateur","Droite",45,33.3333333333333,15.5555555555556,0,51.3111111111111,53,87.0795593063328,91.1764705882353,100,100,35.5555555555556,0,2.22222222222222,0,95.5555555555556,100,65.7961730134531,72.3404255319149,31.1111111111111,0,22.5777777777778,27
2017,"Ancien collaborateur","ECO/SOC/RAD",16,51.6129032258064,25,0,52.125,52,81.0607617342836,89.2045454545454,100,100,25,0,6.25,0,87.5,100,61.765051807008,64.8529411764706,12.5,0,21.6875,21.5
2017,"Ancien collaborateur","Non-inscrits",7,41.1764705882353,28.5714285714286,0,50,48,82.2013223092346,82.6086956521739,100,100,14.2857142857143,0,0,0,100,100,69.1456047724276,79.1666666666667,71.4285714285714,100,18.7142857142857,19
2017,"Jamais collaborateur","Centre",302,81.8428184281843,47.0198675496689,0,47.7682119205298,47,19.6195621296981,8.57843137254902,0,0,81.4569536423841,100,17.2185430463576,0,52.6490066225166,100,19.6195621296981,8.57843137254902,92.0529801324503,100,5.50993377483444,2
2017,"Jamais collaborateur","COM/LFI",23,69.6969696969697,34.7826086956522,0,49.2608695652174,50,27.802356462015,13.3333333333333,0,0,47.8260869565217,0,47.8260869565217,0,52.1739130434783,100,27.802356462015,13.3333333333333,73.9130434782609,100,9.91304347826087,2
2017,"Jamais collaborateur","Droite",90,66.6666666666667,26.6666666666667,0,53.6777777777778,54,62.3116861142816,64.7058823529412,0,0,77.7777777777778,100,15.5555555555556,0,97.7777777777778,100,62.3116861142816,64.7058823529412,40,0,17.7888888888889,16
2017,"Jamais collaborateur","ECO/SOC/RAD",15,48.3870967741936,53.3333333333333,100,58.8,61,59.9194385029507,61.1111111111111,0,0,80,100,13.3333333333333,0,93.3333333333333,100,59.9194385029507,61.1111111111111,20,0,20.4666666666667,22
2017,"Jamais collaborateur","Non-inscrits",10,58.8235294117647,20,0,54.8,54.5,42.5862736013677,46.8085106382979,0,0,80,100,10,0,90,100,42.5862736013677,46.8085106382979,50,50,13.1,9
2017,"Total","Centre",369,100,46.3414634146341,0,47.0325203252033,47,26.3672192506036,15.1515151515152,18.1571815718157,0,74.7967479674797,100,14.9051490514905,0,52.3035230352304,100,20.899246652475,8.82352941176471,89.9728997289973,100,6.4769647696477,3
2017,"Total","COM/LFI",33,100,30.3030303030303,0,49.4242424242424,49,40.0083611164618,34.7826086956522,30.3030303030303,0,42.4242424242424,0,33.3333333333333,0,63.6363636363636,100,33.5592809559517,27.2727272727273,78.7878787878788,100,12.2121212121212,9
2017,"Total","Droite",135,100,22.962962962963,0,52.8888888888889,54,70.5676438449653,72.3404255319149,33.3333333333333,0,63.7037037037037,100,11.1111111111111,0,97.037037037037,100,63.4731817473388,64.7058823529412,37.037037037037,0,19.3851851851852,20
2017,"Total","ECO/SOC/RAD",31,100,38.7096774193548,0,55.3548387096774,56,70.8310892029935,76.1904761904762,51.6129032258064,100,51.6129032258064,100,9.67741935483871,0,90.3225806451613,100,60.8720131114964,64.1025641025641,16.1290322580645,0,21.0967741935484,22
2017,"Total","Non-inscrits",17,100,23.5294117647059,0,52.8235294117647,49,59.9178574110595,70.3423304805793,41.1764705882353,0,52.9411764705882,100,5.88235294117647,0,94.1176470588235,100,54.2059809887064,64.9659863945579,58.8235294117647,100,15.4117647058824,16
2022,"Ancien collaborateur","Centre",74,28.4615384615385,37.8378378378378,0,46.2297297297297,45.5,66.2610738387166,75.5,100,100,43.2432432432432,0,5.40540540540541,0,62.1621621621622,100,41.9350484833129,41.4285714285714,45.9459459459459,0,13.2837837837838,10
2022,"Ancien collaborateur","COM/LFI",25,25.7731958762887,28,0,43.44,42,64.1200253410898,70.8333333333333,100,100,32,0,8,0,64,100,33.3146767562874,28.5714285714286,60,100,11.96,8
2022,"Ancien collaborateur","Droite",32,34.4086021505376,25,0,47.75,51.5,83.035860533288,94.5721583652618,100,100,28.125,0,0,0,81.25,100,59.7009670707722,60.7692307692307,21.875,0,19,18.5
2022,"Ancien collaborateur","ECO/SOC/RAD",23,42.5925925925926,39.1304347826087,0,45.1739130434783,47,68.1291970461122,69.6969696969697,100,100,39.1304347826087,0,0,0,60.8695652173913,100,35.4140187540972,38.4615384615385,56.5217391304348,100,14,12
2022,"Ancien collaborateur","Extrême-droite",32,35.9550561797753,15.625,0,40.5625,36,68.8259368421137,77.0833333333333,100,100,25,0,9.375,0,78.125,100,43.0937172546313,45.5882352941177,87.5,100,8.8125,7
2022,"Ancien collaborateur","Non-inscrits",3,75,33.3333333333333,0,60.3333333333333,61,92.5381263616558,97.0588235294118,100,100,33.3333333333333,0,0,0,100,100,87.9084967320262,91.6666666666667,0,0,32.6666666666667,33
2022,"Jamais collaborateur","Centre",186,71.5384615384615,39.7849462365591,0,52.3440860215054,53,39.7673867371816,35.248447204969,0,0,83.8709677419355,100,12.9032258064516,0,68.8172043010753,100,39.7673867371816,35.248447204969,26.3440860215054,0,10.7849462365591,8
2022,"Jamais collaborateur","COM/LFI",72,74.2268041237113,40.2777777777778,0,44.9722222222222,45,24.4333029711089,15.3846153846154,0,0,44.4444444444444,0,51.3888888888889,100,48.6111111111111,0,24.4333029711089,15.3846153846154,79.1666666666667,100,5.81944444444444,2
2022,"Jamais collaborateur","Droite",61,65.5913978494624,34.4262295081967,0,52.2786885245902,54,61.8783820987755,58.3333333333333,0,0,77.0491803278689,100,21.3114754098361,0,93.4426229508197,100,61.8783820987755,58.3333333333333,37.7049180327869,0,16.8524590163934,14
2022,"Jamais collaborateur","ECO/SOC/RAD",31,57.4074074074074,48.3870967741936,0,53.0645161290323,52,48.2487594864159,46.1538461538462,0,0,70.9677419354839,100,22.5806451612903,0,96.7741935483871,100,48.2487594864159,46.1538461538462,61.2903225806452,100,14.2258064516129,13
2022,"Jamais collaborateur","Extrême-droite",57,64.0449438202247,49.1228070175439,0,49.2982456140351,49,24.9427821948829,13.3928571428571,0,0,57.8947368421053,100,36.8421052631579,0,80.7017543859649,100,24.9427821948829,13.3928571428571,98.2456140350877,100,5.21052631578947,2
2022,"Jamais collaborateur","Non-inscrits",1,25,100,100,54,54,17.2413793103448,17.2413793103448,0,0,100,100,0,0,0,0,17.2413793103448,17.2413793103448,0,0,5,5
2022,"Total","Centre",260,100,39.2307692307692,0,50.6038461538462,51,47.3078976814646,42.8571428571429,28.4615384615385,0,72.3076923076923,100,10.7692307692308,0,66.9230769230769,100,40.3843366187728,35.7142857142857,31.9230769230769,0,11.4961538461538,8
2022,"Total","COM/LFI",97,100,37.1134020618557,0,44.5773195876289,44,34.9882823248272,23.2683982683983,25.7731958762887,0,41.2371134020619,0,40.2061855670103,0,52.5773195876289,100,26.795370467167,16.6666666666667,74.2268041237113,100,7.4020618556701,5
2022,"Total","Droite",93,100,31.1827956989247,0,50.7204301075269,53,69.1583746783927,72.4137931034483,34.4086021505376,0,60.2150537634409,100,13.9784946236559,0,89.247311827957,100,61.1291640246238,58.974358974359,32.258064516129,0,17.5913978494624,14
2022,"Total","ECO/SOC/RAD",54,100,44.4444444444444,0,49.7037037037037,50,56.7163532618421,55.126050420168,42.5925925925926,0,57.4074074074074,100,12.962962962963,0,81.4814814814815,100,42.7821106559838,42.2647527910686,59.2592592592593,100,14.1296296296296,12.5
2022,"Total","Extrême-droite",89,100,37.0786516853933,0,46.1573033707865,46,40.9002929756941,32.5757575757575,35.9550561797753,0,46.0674157303371,0,26.9662921348315,0,79.7752808988764,100,31.5431222166096,20.6060606060606,94.3820224719101,100,6.50561797752809,4
2022,"Total","Non-inscrits",4,100,50,50,58.75,60,73.713939598828,88.8071895424837,75,100,50,50,0,0,75,100,70.2417173766058,83.3333333333333,0,0,25.75,31
2024,"Ancien collaborateur","Centre",46,29.4871794871795,32.6086956521739,0,45.6739130434783,43.5,73.786074892942,81.4560439560439,100,100,43.4782608695652,0,2.17391304347826,0,63.0434782608696,100,50.4867185611838,50.7575757575758,19.5652173913043,0,14.9347826086957,12
2024,"Ancien collaborateur","COM/LFI",24,26.6666666666667,33.3333333333333,0,39.9583333333333,37.5,62.1205011786318,67.5324675324675,100,100,25,0,12.5,0,41.6666666666667,0,33.0720251927058,25,25,0,9.83333333333333,7
2024,"Ancien collaborateur","Droite",27,34.6153846153846,29.6296296296296,0,49.4074074074074,53,83.4849465611887,92.8571428571429,100,100,37.037037037037,0,0,0,85.1851851851852,100,63.1243444615134,66.6666666666667,11.1111111111111,0,20.3703703703704,20
2024,"Ancien collaborateur","ECO/SOC/RAD",45,43.6893203883495,40,0,48.4888888888889,50,67.3156894803274,68.75,100,100,51.1111111111111,100,2.22222222222222,0,68.8888888888889,100,43.330990746861,47.0588235294118,40,0,15.5777777777778,15
2024,"Ancien collaborateur","Extrême-droite",47,33.3333333333333,17.0212765957447,0,41.063829787234,37,67.4776943778713,75.9615384615385,100,100,27.6595744680851,0,6.38297872340426,0,68.0851063829787,100,46.4481198315878,45.906432748538,34.0425531914894,0,9.19148936170213,8
2024,"Ancien collaborateur","Non-inscrits",3,33.3333333333333,33.3333333333333,0,44.3333333333333,38,99.0740740740741,100,100,100,0,0,0,0,100,100,99.0740740740741,100,0,0,19,13
2024,"Jamais collaborateur","Centre",110,70.5128205128205,37.2727272727273,0,55.0545454545455,55,43.3604039680584,41.2037037037037,0,0,80.9090909090909,100,15.4545454545455,0,74.5454545454545,100,43.3604039680584,41.2037037037037,3.63636363636364,0,12.8090909090909,10
2024,"Jamais collaborateur","COM/LFI",66,73.3333333333333,37.8787878787879,0,45.5454545454545,44.5,31.0507872154145,22.2222222222222,0,0,48.4848484848485,0,43.9393939393939,0,45.4545454545455,0,31.0507872154145,22.2222222222222,15.1515151515152,0,6.48484848484848,3
2024,"Jamais collaborateur","Droite",51,65.3846153846154,33.3333333333333,0,53.3137254901961,55,64.6344767682349,60.5263157894737,0,0,86.2745098039216,100,11.7647058823529,0,90.1960784313726,100,64.6344767682349,60.5263157894737,9.80392156862745,0,18.0588235294118,16
2024,"Jamais collaborateur","ECO/SOC/RAD",58,56.3106796116505,43.1034482758621,0,54,53.5,46.6707251594837,47.0588235294118,0,0,79.3103448275862,100,18.9655172413793,0,87.9310344827586,100,46.6707251594837,47.0588235294118,44.8275862068966,0,14.1379310344828,14
2024,"Jamais collaborateur","Extrême-droite",94,66.6666666666667,38.2978723404255,0,50.3404255319149,52,25.046179901946,14.8148148148148,0,0,58.5106382978723,100,35.1063829787234,0,65.9574468085106,100,25.046179901946,14.8148148148148,45.7446808510638,0,5.75531914893617,4
2024,"Jamais collaborateur","Non-inscrits",6,66.6666666666667,50,50,59,61,53.330084947732,60.3896103896104,0,0,100,100,0,0,66.6666666666667,100,53.330084947732,60.3896103896104,0,0,15.8333333333333,12
2024,"Total","Centre",156,100,35.8974358974359,0,52.2884615384615,52.5,52.3320761638574,50,29.4871794871795,0,69.8717948717949,100,11.5384615384615,0,71.1538461538462,100,45.4617531429543,42.4812030075188,8.33333333333333,0,13.4358974358974,10
2024,"Total","COM/LFI",90,100,36.6666666666667,0,44.0555555555556,43,39.5243455690193,27.6190476190476,26.6666666666667,0,42.2222222222222,0,35.5555555555556,0,44.4444444444444,0,31.602033936494,23.2051282051282,17.7777777777778,0,7.37777777777778,4
2024,"Total","Droite",78,100,32.0512820512821,0,51.9615384615385,55,71.1596393888727,74.0761478163494,34.6153846153846,0,69.2307692307692,100,7.69230769230769,0,88.4615384615385,100,64.1117386620621,66.6666666666667,10.2564102564103,0,18.8589743589744,16
2024,"Total","ECO/SOC/RAD",103,100,41.747572815534,0,51.5922330097087,52,55.6903697656776,55.5555555555556,43.6893203883495,0,66.9902912621359,100,11.6504854368932,0,79.6116504854369,100,45.211617891833,47.0588235294118,42.7184466019417,0,14.7669902912621,14
2024,"Total","Extrême-droite",141,100,31.2056737588652,0,47.2482269503546,48,38.6738195876446,33.3333333333333,33.3333333333333,0,48.2269503546099,0,25.531914893617,0,66.6666666666667,100,31.9197956457726,21.2765957446809,41.8439716312057,0,6.90070921985816,4
2024,"Total","Non-inscrits",9,100,44.4444444444444,0,54.1111111111111,53,68.5780813231793,88.4615384615385,33.3333333333333,0,66.6666666666667,100,0,0,77.7777777777778,100,68.5780813231793,88.4615384615385,0,0,16.8888888888889,13
