"legis.annee","cabcollab","genre","effectifs","pourcentages","mean_part.femmes","median_part.femmes","mean_age","median_age","mean_part.pol","median_part.pol","mean_part.cabcollab","median_part.cabcollab","mean_part.pcs.123","median_part.pcs.123","mean_part.pcs.456","median_part.pcs.456","mean_part.elu.local","median_part.elu.local","mean_part.mandat","median_part.mandat","mean_part.primos","median_part.primos","mean_duree.pol","median_duree.pol"
1978,"Ancien collaborateur","Hommes",76,14.7572815533981,0,0,49.3026315789474,50.5,56.1330916348444,60.3030303030303,100,100,82.8947368421053,100,6.57894736842105,0,78.9473684210526,100,42.389120485587,45.4545454545455,35.5263157894737,0,13.6710526315789,12.5
1978,"Jamais collaborateur","Femmes",21,100,100,100,47.4761904761905,48,32.5965147480729,21.875,0,0,38.0952380952381,0,52.3809523809524,100,71.4285714285714,100,32.5965147480729,21.875,66.6666666666667,100,7.71428571428571,5
1978,"Jamais collaborateur","Hommes",439,85.2427184466019,0,0,51.7129840546697,53,44.8844387429845,42.4242424242424,0,0,72.8929384965831,100,26.1958997722096,0,80.8656036446469,100,44.8844387429845,42.4242424242424,38.2687927107062,0,12.004555808656,11
1978,"Total","Femmes",21,100,100,100,47.4761904761905,48,32.5965147480729,21.875,0,0,38.0952380952381,0,52.3809523809524,100,71.4285714285714,100,32.5965147480729,21.875,66.6666666666667,100,7.71428571428571,5
1978,"Total","Hommes",515,100,0,0,51.3572815533981,53,46.5444341212008,44.8275862068966,14.7572815533981,0,74.368932038835,100,23.3009708737864,0,80.5825242718447,100,44.5161976020871,43.4782608695652,37.8640776699029,0,12.2504854368932,11
1997,"Ancien collaborateur","Femmes",18,24.6575342465753,100,100,48,49.5,58.4529056875548,63.3928571428572,100,100,66.6666666666667,100,0,0,66.6666666666667,100,26.7255305204867,27.4615384615385,66.6666666666667,100,13.5555555555556,14
1997,"Ancien collaborateur","Hommes",137,23.5800344234079,0,0,49.043795620438,48,68.835718420794,73.3333333333333,100,100,64.963503649635,100,5.10948905109489,0,94.1605839416058,100,56.769583884979,61.5384615384615,35.036496350365,0,16.1605839416058,16
1997,"Jamais collaborateur","Femmes",55,75.3424657534247,100,100,51.2181818181818,51,44.5969926051477,48.2758620689655,0,0,63.6363636363636,100,29.0909090909091,0,87.2727272727273,100,44.5969926051477,48.2758620689655,69.0909090909091,100,11.8727272727273,14
1997,"Jamais collaborateur","Hommes",444,76.4199655765921,0,0,54.0585585585586,54,59.59568243828,60.8695652173913,0,0,79.954954954955,100,18.9189189189189,0,97.2972972972973,100,59.59568243828,60.8695652173913,34.2342342342342,0,17.4234234234234,17
1997,"Total","Femmes",73,100,100,100,50.4246575342466,50,48.013519118618,51.7241379310345,24.6575342465753,0,64.3835616438356,100,21.9178082191781,0,82.1917808219178,100,40.1903307212587,42.8571428571429,68.4931506849315,100,12.2876712328767,14
1997,"Total","Hommes",581,100,0,0,52.8760757314974,53,61.7744861036921,63.6363636363636,23.5800344234079,0,76.4199655765921,100,15.6626506024096,0,96.5576592082616,100,58.9292874265722,60.8695652173913,34.4234079173838,0,17.1256454388985,16
2007,"Ancien collaborateur","Femmes",29,23.5772357723577,100,100,49.3793103448276,49,67.7116428081134,69.047619047619,100,100,41.3793103448276,0,10.3448275862069,0,86.2068965517241,100,40.0745602765878,33.3333333333333,41.3793103448276,0,15.7586206896552,15
2007,"Ancien collaborateur","Hommes",160,31.0077519379845,0,0,52.35,53,79.5950526673371,85.7142857142857,100,100,50.625,100,3.75,0,95.625,100,65.3969437182691,68.4962406015038,22.5,0,21.3625,21
2007,"Jamais collaborateur","Femmes",94,76.4227642276423,100,100,54.9468085106383,56,51.7602595424068,52.1739130434783,0,0,62.7659574468085,100,30.8510638297872,0,94.6808510638298,100,51.7602595424068,52.1739130434783,47.8723404255319,0,15.7765957446809,15
2007,"Jamais collaborateur","Hommes",356,68.9922480620155,0,0,56.5337078651685,58,66.3873952531693,68.5714285714286,0,0,82.3033707865169,100,15.4494382022472,0,97.752808988764,100,66.3873952531693,68.5714285714286,24.7191011235955,0,20.9803370786517,22
2007,"Total","Femmes",123,100,100,100,53.6341463414634,55,55.5211547839148,58.0645161290323,23.5772357723577,0,57.7235772357724,100,26.0162601626016,0,92.6829268292683,100,49.0050946748559,50,46.3414634146341,0,15.7723577235772,15
2007,"Total","Hommes",516,100,0,0,55.2364341085271,56,70.4827929009733,72.972972972973,31.0077519379845,0,72.4806201550388,100,11.8217054263566,0,97.0930232558139,100,66.0802784981615,68.5714285714286,24.031007751938,0,21.0988372093023,22
2012,"Ancien collaborateur","Femmes",38,22.7544910179641,100,100,49.4736842105263,49.5,71.1447375153657,74.0853658536585,100,100,44.7368421052632,0,10.5263157894737,0,89.4736842105263,100,44.2835630730684,42.3076923076923,50,50,16.6842105263158,14.5
2012,"Ancien collaborateur","Hommes",169,37.0614035087719,0,0,51.2781065088757,51,79.2455642449155,85.7142857142857,100,100,46.1538461538462,0,4.73372781065089,0,95.8579881656805,100,62.2272122430906,63.0434782608696,39.0532544378698,0,20.6686390532544,20
2012,"Jamais collaborateur","Femmes",129,77.2455089820359,100,100,53.8682170542636,56,43.0033924778368,44.2222222222222,0,0,56.5891472868217,100,35.6589147286822,0,87.5968992248062,100,43.0033924778368,44.2222222222222,62.015503875969,100,13.015503875969,11
2012,"Jamais collaborateur","Hommes",287,62.9385964912281,0,0,57.1219512195122,59,63.1420983572072,68.5714285714286,0,0,79.4425087108014,100,18.4668989547038,0,93.7282229965157,100,63.1420983572072,68.5714285714286,32.7526132404181,0,20.8606271777003,23
2012,"Total","Femmes",167,100,100,100,52.8682634730539,54,49.445387124982,50,22.7544910179641,0,53.8922155688623,100,29.940119760479,0,88.0239520958084,100,43.2964435779501,44,59.2814371257485,100,13.8502994011976,12
2012,"Total","Hommes",456,100,0,0,54.9561403508772,56,69.1102688287482,73.2520325203252,37.0614035087719,0,67.1052631578947,100,13.3771929824561,0,94.5175438596491,100,62.8030287228087,66.6666666666667,35.0877192982456,0,20.7894736842105,22.5
2017,"Ancien collaborateur","Femmes",44,19.2982456140351,100,100,44.6590909090909,43,57.5306820114984,61.5789473684211,100,100,36.3636363636364,0,0,0,56.8181818181818,100,25.6211831241114,20.3125,77.2727272727273,100,11.6818181818182,10.5
2017,"Ancien collaborateur","Hommes",101,28.2913165266106,0,0,49.0594059405941,49,76.5478628561508,84,100,100,37.6237623762376,0,4.95049504950495,0,81.1881188118812,100,55.0288390686392,61.5384615384615,49.5049504950495,0,18.6237623762376,19
2017,"Jamais collaborateur","Femmes",184,80.7017543859649,100,100,48.6684782608696,49,19.0470653949348,8.33333333333333,0,0,70.6521739130435,100,26.6304347826087,0,52.7173913043478,100,19.0470653949348,8.33333333333333,85.8695652173913,100,5.40217391304348,2
2017,"Jamais collaborateur","Hommes",256,71.7086834733894,0,0,50.25390625,50.5,39.0938175610418,37.7976190476191,0,0,84.765625,100,12.109375,0,72.265625,100,39.0938175610418,37.7976190476191,70.703125,100,11.47265625,8
2017,"Total","Femmes",228,100,100,100,47.8947368421053,48.5,26.5064448272203,15,19.2982456140351,0,64.0350877192982,100,21.4912280701754,0,53.5087719298246,100,20.3213437212951,10.3448275862069,84.2105263157895,100,6.6140350877193,3
2017,"Total","Hommes",357,100,0,0,49.9159663865546,50,49.7497572083826,53.3333333333333,28.2913165266106,0,71.4285714285714,100,10.0840336134454,0,74.7899159663866,100,43.6274433984146,44.4444444444444,64.7058823529412,100,13.4957983193277,12
2022,"Ancien collaborateur","Femmes",58,25.6637168141593,100,100,46.4310344827586,46,63.0344012689311,69.570707070707,100,100,39.6551724137931,0,1.72413793103448,0,56.8965517241379,100,33.7158449279457,26.4912280701754,48.2758620689655,0,13.1206896551724,10.5
2022,"Ancien collaborateur","Hommes",131,35.3099730458221,0,0,44.7328244274809,44,72.9350248179593,84,100,100,33.587786259542,0,6.10687022900763,0,74.0458015267176,100,48.4596894717917,50,52.6717557251908,100,13.9770992366412,10
2022,"Jamais collaborateur","Femmes",168,74.3362831858407,100,100,50.4226190476191,50.5,31.3185981650311,27.7777777777778,0,0,65.4761904761905,100,30.3571428571429,0,67.8571428571429,100,31.3185981650311,27.7777777777778,53.5714285714286,100,8.09523809523809,5
2022,"Jamais collaborateur","Hommes",240,64.6900269541779,0,0,50.8375,52,44.458885986878,45.4545454545455,0,0,75.4166666666667,100,21.25,0,75.8333333333333,100,44.458885986878,45.4545454545455,47.5,0,11.8166666666667,8
2022,"Total","Femmes",226,100,100,100,49.3982300884956,49,39.494227409592,33.3333333333333,25.6637168141593,0,58.8495575221239,100,23.0088495575221,0,65.0442477876106,100,31.9365551083602,27.2727272727273,52.212389380531,100,9.38495575221239,7
2022,"Total","Hommes",371,100,0,0,48.6819407008086,50,54.5957723642466,53.8461538461538,35.3099730458221,0,60.6469002695418,100,15.9029649595687,0,75.2021563342318,100,45.8830850535185,47.5294117647059,49.3261455525606,0,12.5795148247978,8
2024,"Ancien collaborateur","Femmes",58,28.2926829268293,100,100,46.6551724137931,46.5,66.9077578017155,71.0526315789474,100,100,41.3793103448276,0,3.44827586206897,0,56.8965517241379,100,41.1673488001704,37.1428571428571,25.8620689655172,0,14.4310344827586,12.5
2024,"Ancien collaborateur","Hommes",134,36.0215053763441,0,0,44.2761194029851,41,72.8852245248492,81.6964285714286,100,100,35.8208955223881,0,4.47761194029851,0,70.8955223880597,100,51.2482587553892,52.7295285359801,27.6119402985075,0,13.6268656716418,10.5
2024,"Jamais collaborateur","Femmes",147,71.7073170731707,100,100,52.9047619047619,54,37.6553302406296,35.7142857142857,0,0,67.3469387755102,100,26.530612244898,0,69.3877551020408,100,37.6553302406296,35.7142857142857,17.687074829932,0,10.2312925170068,8
2024,"Jamais collaborateur","Hommes",238,63.9784946236559,0,0,51.3529411764706,52.5,42.0174335655225,40,0,0,72.6890756302521,100,23.9495798319328,0,72.6890756302521,100,42.0174335655225,40,26.0504201680672,0,11.3865546218487,9.5
2024,"Total","Femmes",205,100,100,100,51.1365853658537,52,45.8288026474036,42.4812030075188,28.2926829268293,0,60,100,20,0,65.8536585365854,100,38.6366295440307,35.8058608058608,20,0,11.419512195122,9
2024,"Total","Hommes",372,100,0,0,48.8037634408602,50,53.1197453002123,52.9411764705882,36.0215053763441,0,59.4086021505376,100,16.9354838709677,0,72.0430107526882,100,45.3375123804065,43.75,26.6129032258065,0,12.1935483870968,10
