"legis.annee","genre","ProfSigni","effectifs","pourcentages","mean_part.femmes","median_part.femmes","mean_age","median_age","mean_part.pol","median_part.pol","mean_part.cabcollab","median_part.cabcollab","mean_part.pcs.123","median_part.pcs.123","mean_part.pcs.456","median_part.pcs.456","mean_part.elu.local","median_part.elu.local","mean_part.mandat","median_part.mandat","mean_part.primos","median_part.primos","mean_duree.pol","median_duree.pol"
1978,"Femmes","artisancommercantpdg",1,4.76190476190476,100,100,51,51,15.3846153846154,15.3846153846154,0,0,100,100,0,0,0,0,15.3846153846154,15.3846153846154,0,0,4,4
1978,"Femmes","cadsupprive",2,2.66666666666667,100,100,45,45,10.9375,10.9375,0,0,100,100,0,0,50,50,10.9375,10.9375,100,100,3.5,3.5
1978,"Femmes","cadsuppub",3,1.81818181818182,100,100,55,53,57.7875023527197,60.7142857142857,0,0,100,100,0,0,100,100,57.7875023527197,60.7142857142857,0,0,17.3333333333333,17
1978,"Femmes","employe",6,11.1111111111111,100,100,42.8333333333333,41,28.2806513409962,28.125,0,0,0,0,100,100,66.6666666666667,100,28.2806513409962,28.125,66.6666666666667,100,5.83333333333333,5
1978,"Femmes","NA",2,50,100,100,59,59,48.7554112554112,48.7554112554112,0,0,0,0,0,0,100,100,48.7554112554112,48.7554112554112,50,50,16,16
1978,"Femmes","profinter",5,6.49350649350649,100,100,50.4,49,21.3419913419913,14.2857142857143,0,0,0,0,100,100,80,100,21.3419913419913,14.2857142857143,100,100,5.2,2
1978,"Femmes","proflib",2,1.94174757281553,100,100,32,32,50,50,0,0,100,100,0,0,50,50,50,50,100,100,3,3
1978,"Hommes","agri",27,100,0,0,50.5925925925926,48,59.0615385545648,63.6363636363636,0,0,100,100,0,0,88.8888888888889,100,59.0615385545648,63.6363636363636,48.1481481481481,0,14.2222222222222,13
1978,"Hommes","artisancommercantpdg",20,95.2380952380952,0,0,57.9,55.5,46.1227481593305,56.1576354679802,5,0,100,100,0,0,60,100,46.1227481593305,56.1576354679802,25,0,14.2,16
1978,"Hommes","cadsupprive",73,97.3333333333333,0,0,50.2465753424658,51,39.18960285878,40.625,16.4383561643836,0,100,100,0,0,72.6027397260274,100,37.7732732339958,40.625,46.5753424657534,0,10.5890410958904,10
1978,"Hommes","cadsuppub",162,98.1818181818182,0,0,49.2345679012346,49.5,44.1422543587014,41.2878787878788,29.6296296296296,0,100,100,0,0,80.2469135802469,100,39.7262176959857,39.3939393939394,43.2098765432099,0,10.7530864197531,9.5
1978,"Hommes","collab",10,100,0,0,43.6,45,53.9420954153249,56.7255434782608,80,100,0,0,0,0,80,100,40.5223261332993,35.248447204969,40,0,9,6.5
1978,"Hommes","employe",48,88.8888888888889,0,0,55.8958333333333,56.5,48.6465094398359,49.2424242424242,0,0,0,0,100,100,85.4166666666667,100,48.6465094398359,49.2424242424242,20.8333333333333,0,14.5416666666667,13
1978,"Hommes","NA",2,50,0,0,32.5,32.5,0,0,0,0,0,0,0,0,0,0,0,0,100,100,0,0
1978,"Hommes","profinter",72,93.5064935064935,0,0,50.1666666666667,52.5,48.3713994254627,42.4242424242424,6.94444444444444,0,0,0,100,100,90.2777777777778,100,47.4244898535531,42.4242424242424,41.6666666666667,0,12.1944444444444,10
1978,"Hommes","proflib",101,98.0582524271845,0,0,54.3069306930693,56,50.3384820550424,54.8387096774194,1.98019801980198,0,100,100,0,0,81.1881188118812,100,50.1070303384422,54.8387096774194,26.7326732673267,0,14.4554455445545,13
1978,"Total","agri",27,100,0,0,50.5925925925926,48,59.0615385545648,63.6363636363636,0,0,100,100,0,0,88.8888888888889,100,59.0615385545648,63.6363636363636,48.1481481481481,0,14.2222222222222,13
1978,"Total","artisancommercantpdg",21,100,4.76190476190476,0,57.5714285714286,55,44.6590275510107,55.1724137931034,4.76190476190476,0,100,100,0,0,57.1428571428571,100,44.6590275510107,55.1724137931034,23.8095238095238,0,13.7142857142857,16
1978,"Total","cadsupprive",75,100,2.66666666666667,0,50.1066666666667,51,38.4362134492125,37.5,16,0,100,100,0,0,72,100,37.0576526144226,35.4838709677419,48,0,10.4,9
1978,"Total","cadsuppub",165,100,1.81818181818182,0,49.3393939393939,50,44.3903497767744,41.6666666666667,29.0909090909091,0,100,100,0,0,80.6060606060606,100,40.0546046897445,39.3939393939394,42.4242424242424,0,10.8727272727273,10
1978,"Total","collab",10,100,0,0,43.6,45,53.9420954153249,56.7255434782608,80,100,0,0,0,0,80,100,40.5223261332993,35.248447204969,40,0,9,6.5
1978,"Total","employe",54,100,11.1111111111111,0,54.4444444444444,55.5,46.3836363177426,46.2962962962962,0,0,0,0,100,100,83.3333333333333,100,46.3836363177426,46.2962962962962,25.9259259259259,0,13.5740740740741,13
1978,"Total","NA",4,100,50,50,45.75,44,24.3777056277056,1.78571428571428,0,0,0,0,0,0,50,50,24.3777056277056,1.78571428571428,75,100,8,0.5
1978,"Total","profinter",77,100,6.49350649350649,0,50.1818181818182,52,46.6162430564061,42.1052631578947,6.49350649350649,0,0,0,100,100,89.6103896103896,100,45.7308211190361,42.1052631578947,45.4545454545455,0,11.7402597402597,9
1978,"Total","proflib",103,100,1.94174757281553,0,53.873786407767,56,50.3319095879542,54.8387096774194,1.94174757281553,0,100,100,0,0,80.5825242718447,100,50.1049520794433,54.8387096774194,28.1553398058252,0,14.2330097087379,13
1997,"Femmes","artisancommercantpdg",2,5.26315789473684,100,100,48.5,48.5,33.5144927536232,33.5144927536232,0,0,100,100,0,0,100,100,33.5144927536232,33.5144927536232,100,100,8,8
1997,"Femmes","cadsupprive",7,7.14285714285714,100,100,54.8571428571429,50,45.0265253388177,39.5348837209302,28.5714285714286,0,100,100,0,0,85.7142857142857,100,43.859858672151,39.5348837209302,42.8571428571429,0,13.8571428571429,17
1997,"Femmes","cadsuppub",29,12.3931623931624,100,100,49,49,42.0884310501784,40,34.4827586206897,0,100,100,0,0,68.9655172413793,100,32.9885960193089,30,79.3103448275862,100,10.2068965517241,9
1997,"Femmes","collab",9,17.3076923076923,100,100,46.1111111111111,48,59.4733081563745,65,66.6666666666667,100,0,0,0,0,66.6666666666667,100,26.2476558846696,30.4347826086957,66.6666666666667,100,13.7777777777778,15
1997,"Femmes","employe",4,66.6666666666667,100,100,52.75,53,54.1758241758242,51.9230769230769,0,0,0,0,100,100,100,100,54.1758241758242,51.9230769230769,25,0,14.5,14.5
1997,"Femmes","NA",1,25,100,100,46,46,66.6666666666667,66.6666666666667,0,0,0,0,0,0,100,100,66.6666666666667,66.6666666666667,0,0,14,14
1997,"Femmes","ouvrier",1,10,100,100,55,55,56.6666666666667,56.6666666666667,0,0,0,0,100,100,100,100,56.6666666666667,56.6666666666667,0,0,17,17
1997,"Femmes","profinter",11,12.0879120879121,100,100,51.9090909090909,51,49.2145911574833,53.3333333333333,0,0,0,0,100,100,100,100,49.2145911574833,53.3333333333333,90.9090909090909,100,12.7272727272727,14
1997,"Femmes","proflib",9,8.7378640776699,100,100,53.4444444444444,51,53.9500917942947,55.5555555555556,0,0,100,100,0,0,100,100,53.9500917942947,55.5555555555556,55.5555555555556,100,15,15
1997,"Hommes","agri",18,100,0,0,55.6111111111111,56.5,69.2796236830615,78.4615384615385,0,0,100,100,0,0,94.4444444444444,100,69.2796236830615,78.4615384615385,27.7777777777778,0,21.1111111111111,20
1997,"Hommes","artisancommercantpdg",36,94.7368421052632,0,0,53.3611111111111,55,58.2173421024352,52.7777777777778,5.55555555555556,0,100,100,0,0,94.4444444444444,100,57.7122915973846,52.7777777777778,33.3333333333333,0,16.5277777777778,15
1997,"Hommes","cadsupprive",91,92.8571428571429,0,0,52.1098901098901,52,60.8414091569283,60,21.978021978022,0,100,100,0,0,96.7032967032967,100,59.2090255437587,58.3333333333333,29.6703296703297,0,16.1318681318681,15
1997,"Hommes","cadsuppub",205,87.6068376068376,0,0,54.3951219512195,54,60.2404646980516,62.5,28.780487804878,0,100,100,0,0,98.0487804878049,100,57.4685541497384,60.6060606060606,32.6829268292683,0,17.8146341463415,18
1997,"Hommes","collab",43,82.6923076923077,0,0,45.5581395348837,45,82.5808732549381,87.5,95.3488372093023,100,0,0,0,0,95.3488372093023,100,62.8580062650816,66.6666666666667,34.8837209302326,0,16.9302325581395,17
1997,"Hommes","employe",2,33.3333333333333,0,0,53.5,53.5,67.4937965260546,67.4937965260546,0,0,0,0,100,100,100,100,67.4937965260546,67.4937965260546,50,50,19,19
1997,"Hommes","NA",3,75,0,0,41,42,56.8449197860963,70,0,0,0,0,0,0,100,100,56.8449197860963,70,33.3333333333333,0,10,14
1997,"Hommes","ouvrier",9,90,0,0,54.8888888888889,56,54.5947118393355,60,0,0,0,0,100,100,88.8888888888889,100,54.5947118393355,60,55.5555555555556,100,17.4444444444444,20
1997,"Hommes","profinter",80,87.9120879120879,0,0,52.2625,52,61.4509633306146,66.6666666666667,8.75,0,0,0,100,100,96.25,100,61.3120744417257,66.0256410256411,48.75,0,16.5375,15
1997,"Hommes","proflib",94,91.2621359223301,0,0,53.6382978723404,53,57.4290001330359,56.5714285714286,8.51063829787234,0,100,100,0,0,95.7446808510638,100,56.8024506612565,56.5714285714286,29.7872340425532,0,16.7978723404255,14
1997,"Total","agri",18,100,0,0,55.6111111111111,56.5,69.2796236830615,78.4615384615385,0,0,100,100,0,0,94.4444444444444,100,69.2796236830615,78.4615384615385,27.7777777777778,0,21.1111111111111,20
1997,"Total","artisancommercantpdg",38,100,5.26315789473684,0,53.1052631578947,54.5,56.9171921367082,52.7777777777778,5.26315789473684,0,100,100,0,0,94.7368421052632,100,56.4387232371867,52.7777777777778,36.8421052631579,0,16.0789473684211,15
1997,"Total","cadsupprive",98,100,7.14285714285714,0,52.3061224489796,52,59.7117745984918,59.6296296296296,22.4489795918367,0,100,100,0,0,95.9183673469388,100,58.112656481501,57.1428571428571,30.6122448979592,0,15.969387755102,15.5
1997,"Total","cadsuppub",234,100,12.3931623931624,0,53.7264957264957,54,57.9908536904092,60.3030303030303,29.4871794871795,0,100,100,0,0,94.4444444444444,100,54.4347131848561,57.6923076923077,38.4615384615385,0,16.8717948717949,16
1997,"Total","collab",52,100,17.3076923076923,0,45.6538461538462,45,78.581486987879,85.9782608695652,90.3846153846154,100,0,0,0,0,90.3846153846154,100,56.5215994684718,62.0192307692307,40.3846153846154,0,16.3846153846154,16.5
1997,"Total","employe",6,100,66.6666666666667,100,53,53,58.6151482925677,55.955334987593,0,0,0,0,100,100,100,100,58.6151482925677,55.955334987593,33.3333333333333,0,16,15
1997,"Total","NA",4,100,25,0,42.25,43.5,59.3003565062389,68.3333333333333,0,0,0,0,0,0,100,100,59.3003565062389,68.3333333333333,25,0,11,14
1997,"Total","ouvrier",10,100,10,0,54.9,55.5,54.8019073220686,58.3333333333333,0,0,0,0,100,100,90,100,54.8019073220686,58.3333333333333,50,50,17.4,18.5
1997,"Total","profinter",91,100,12.0879120879121,0,52.2197802197802,52,59.9718414195767,65,7.69230769230769,0,0,0,100,100,96.7032967032967,100,59.8497412974766,63.6363636363636,53.8461538461538,100,16.0769230769231,15
1997,"Total","proflib",103,100,8.7378640776699,0,53.621359223301,53,57.1250178510099,56,7.76699029126214,0,100,100,0,0,96.1165048543689,100,56.553215420454,56,32.0388349514563,0,16.6407766990291,14
2007,"Femmes","agri",2,11.1111111111111,100,100,54,54,23.1617647058824,23.1617647058824,0,0,100,100,0,0,100,100,23.1617647058824,23.1617647058824,100,100,6,6
2007,"Femmes","artisancommercantpdg",3,8.10810810810811,100,100,53.3333333333333,53,49.7164126196384,46.1538461538462,0,0,100,100,0,0,100,100,49.7164126196384,46.1538461538462,100,100,14,12
2007,"Femmes","cadsupprive",17,17,100,100,48.5882352941176,46,47.1147270048984,48,17.6470588235294,0,100,100,0,0,94.1176470588235,100,42.7263049694175,30,47.0588235294118,0,10.7058823529412,7
2007,"Femmes","cadsuppub",33,16.8367346938776,100,100,55.6969696969697,56,54.8552916619515,60,24.2424242424242,0,100,100,0,0,87.8787878787879,100,50.5601579861303,54.5454545454545,36.3636363636364,0,16.6666666666667,18
2007,"Femmes","collab",15,16.304347826087,100,100,49.7333333333333,53,72.3807863389907,69.047619047619,86.6666666666667,100,0,0,0,0,86.6666666666667,100,40.4214189663106,40,40,0,16.8666666666667,17
2007,"Femmes","employe",5,62.5,100,100,54,55,59.7057363888483,69.2307692307692,20,0,0,0,100,100,100,100,59.7057363888483,69.2307692307692,0,0,16.8,18
2007,"Femmes","NA",5,55.5555555555556,100,100,56.8,57,76.6833333333333,75,20,0,0,0,0,0,100,100,76.6833333333333,75,60,100,23.2,24
2007,"Femmes","profinter",27,33.75,100,100,54.1481481481481,55,55.5443996684047,52.9411764705882,7.40740740740741,0,0,0,100,100,96.2962962962963,100,52.2816130722848,52.1739130434783,59.2592592592593,100,16.8148148148148,17
2007,"Femmes","proflib",16,17.0212765957447,100,100,56.4375,58,47.1936470300297,44.9579831932773,6.25,0,100,100,0,0,93.75,100,46.0907058535591,41.4285714285714,43.75,0,15.4375,12
2007,"Hommes","agri",16,88.8888888888889,0,0,55.0625,56.5,66.0113125230402,68.5714285714286,0,0,100,100,0,0,93.75,100,66.0113125230402,68.5714285714286,37.5,0,19.4375,22
2007,"Hommes","artisancommercantpdg",34,91.8918918918919,0,0,55.5588235294118,56.5,65.4524517709423,67.2619047619048,8.82352941176471,0,100,100,0,0,100,100,64.1352069242857,66.6666666666667,20.5882352941176,0,20.0294117647059,19.5
2007,"Hommes","cadsupprive",83,83,0,0,55.9156626506024,56,70.1675717616191,75,14.4578313253012,0,100,100,0,0,98.7951807228916,100,68.99338710549,72.7272727272727,15.6626506024096,0,21.3855421686747,24
2007,"Hommes","cadsuppub",163,83.1632653061225,0,0,56.4907975460123,58,66.4311314422636,67.8571428571429,35.5828220858896,0,100,100,0,0,96.319018404908,100,63.2563856893024,63.6363636363636,24.5398773006135,0,20.8588957055215,21
2007,"Hommes","collab",77,83.695652173913,0,0,49.3376623376623,50,86.7713954089094,93.0232558139535,93.5064935064935,100,0,0,0,0,96.1038961038961,100,67.7678061142295,73.5294117647059,28.5714285714286,0,21.2337662337662,22
2007,"Hommes","employe",3,37.5,0,0,58,61,72.8921228921229,83.3333333333333,0,0,0,0,100,100,100,100,72.8921228921229,83.3333333333333,33.3333333333333,0,25,30
2007,"Hommes","NA",4,44.4444444444444,0,0,45.5,46,59.7222222222222,69.4444444444445,25,0,0,0,0,0,75,100,52.0299145299145,54.059829059829,50,50,13.25,14.5
2007,"Hommes","ouvrier",5,100,0,0,61.4,61,75.2073732718894,85.7142857142857,0,0,0,0,100,100,100,100,75.2073732718894,85.7142857142857,40,0,28.4,36
2007,"Hommes","profinter",53,66.25,0,0,55.7169811320755,58,71.476173459898,75,11.3207547169811,0,0,0,100,100,98.1132075471698,100,71.2166845211638,75,28.3018867924528,0,22.1132075471698,24
2007,"Hommes","proflib",78,82.9787234042553,0,0,57.2820512820513,57,65.7966298876007,66.6666666666667,10.2564102564103,0,100,100,0,0,97.4358974358974,100,64.461095238105,66.6666666666667,20.5128205128205,0,21.0641025641026,22
2007,"Total","agri",18,100,11.1111111111111,0,54.9444444444444,56.5,61.2502516544671,65.8646616541354,0,0,100,100,0,0,94.4444444444444,100,61.2502516544671,65.8646616541354,44.4444444444444,0,17.9444444444444,19.5
2007,"Total","artisancommercantpdg",37,100,8.10810810810811,0,55.3783783783784,56,64.1765567046204,66.6666666666667,8.10810810810811,0,100,100,0,0,100,100,62.9661154941792,64.2857142857143,27.027027027027,0,19.5405405405405,19
2007,"Total","cadsupprive",100,100,17,0,54.67,55,66.2485881529766,71.7142857142857,15,0,100,100,0,0,98,100,64.5279831423577,67.5438596491228,21,0,19.57,19
2007,"Total","cadsuppub",196,100,16.8367346938776,0,56.3571428571429,57.5,64.4821380098641,65,33.6734693877551,0,100,100,0,0,94.8979591836735,100,61.1187555147887,62.3310810810811,26.530612244898,0,20.1530612244898,20
2007,"Total","collab",92,100,16.304347826087,0,49.4021739130435,50.5,84.4251004518574,90.1612903225806,92.3913043478261,100,0,0,0,0,94.5652173913043,100,63.3091560357645,69.2307692307692,30.4347826086957,0,20.5217391304348,20.5
2007,"Total","employe",8,100,62.5,100,55.5,55.5,64.6506313275763,69.9095022624435,12.5,0,0,0,100,100,100,100,64.6506313275763,69.9095022624435,12.5,0,19.875,21
2007,"Total","NA",9,100,55.5555555555556,100,51.7777777777778,51,69.1450617283951,75,22.2222222222222,0,0,0,0,0,88.8888888888889,100,65.7262583095916,75,55.5555555555556,100,18.7777777777778,20
2007,"Total","ouvrier",5,100,0,0,61.4,61,75.2073732718894,85.7142857142857,0,0,0,0,100,100,100,100,75.2073732718894,85.7142857142857,40,0,28.4,36
2007,"Total","profinter",80,100,33.75,0,55.1875,57,66.099199805269,72.10433244916,10,0,0,0,100,100,97.5,100,64.8260979071671,71.1915535444948,38.75,0,20.325,21.5
2007,"Total","proflib",94,100,17.0212765957447,0,57.1382978723404,57,62.6301647203546,66.6666666666667,9.57446808510638,0,100,100,0,0,96.8085106382979,100,61.3342204492461,64.8529411764706,24.468085106383,0,20.1063829787234,21
2012,"Femmes","agri",5,27.7777777777778,100,100,58.2,57,34.0970222306429,48.2758620689655,0,0,100,100,0,0,80,100,34.0970222306429,48.2758620689655,40,0,11.2,14
2012,"Femmes","artisancommercantpdg",3,13.0434782608696,100,100,51.6666666666667,56,49.8452264581297,54.8387096774194,0,0,100,100,0,0,100,100,49.8452264581297,54.8387096774194,33.3333333333333,0,14.6666666666667,17
2012,"Femmes","cadsupprive",20,18.5185185185185,100,100,49.5,50.5,44.1492732594253,39.3358876117497,15,0,100,100,0,0,80,100,40.0009216110736,36.1530172413793,65,100,11.1,11
2012,"Femmes","cadsuppub",47,27.810650887574,100,100,52.1914893617021,53,41.4285371951307,40.7407407407407,27.6595744680851,0,100,100,0,0,87.2340425531915,100,37.6646706374091,35.4838709677419,68.0851063829787,100,11.3404255319149,11
2012,"Femmes","collab",19,18.6274509803922,100,100,46.2631578947368,44,75.9858753362555,80,84.2105263157895,100,0,0,0,0,84.2105263157895,100,42.1592701006249,40,52.6315789473684,100,16.0526315789474,14
2012,"Femmes","employe",2,33.3333333333333,100,100,57.5,57.5,31.4102564102564,31.4102564102564,0,0,0,0,100,100,50,50,31.4102564102564,31.4102564102564,50,50,11,11
2012,"Femmes","NA",8,57.1428571428571,100,100,55.75,61.5,66.8174385857313,56.6666666666667,12.5,0,0,0,0,0,87.5,100,66.8174385857313,56.6666666666667,50,50,20.25,20
2012,"Femmes","profinter",48,45.7142857142857,100,100,55.9791666666667,56.5,48.4586178310198,50,8.33333333333333,0,0,0,100,100,91.6666666666667,100,46.3176646483999,47.7225672877846,58.3333333333333,100,15.5,12.5
2012,"Femmes","proflib",15,19.2307692307692,100,100,54.2,54,50.4999259107549,50,6.66666666666667,0,100,100,0,0,100,100,49.4742848851139,48.5714285714286,53.3333333333333,100,15,16
2012,"Hommes","agri",13,72.2222222222222,0,0,58.0769230769231,58,68.6146511353263,70.8333333333333,0,0,100,100,0,0,100,100,68.6146511353263,70.8333333333333,38.4615384615385,0,22.6153846153846,23
2012,"Hommes","artisancommercantpdg",20,86.9565217391304,0,0,56.15,57,58.3623994912485,60.369532428356,5,0,100,100,0,0,100,100,58.3623994912485,60.369532428356,25,0,18.55,21.5
2012,"Hommes","cadsupprive",88,81.4814814814815,0,0,55.375,56,69.1100273993185,75,30.6818181818182,0,100,100,0,0,90.9090909090909,100,64.7964953952999,70.7825203252033,32.9545454545455,0,21.4090909090909,23
2012,"Hommes","cadsuppub",122,72.189349112426,0,0,55.5737704918033,56,67.3229222804569,70.3203203203203,36.0655737704918,0,100,100,0,0,94.2622950819672,100,63.3724313779672,66.2878787878788,35.2459016393443,0,21.1147540983607,22.5
2012,"Hommes","collab",83,81.3725490196078,0,0,47.7469879518072,47,84.3521937890019,89.4736842105263,97.5903614457831,100,0,0,0,0,95.1807228915663,100,61.3774301232366,67.4418604651163,46.9879518072289,0,19.4698795180723,18
2012,"Hommes","employe",4,66.6666666666667,0,0,56,57,37.2499315818281,38.1944444444444,0,0,0,0,100,100,100,100,37.2499315818281,38.1944444444444,25,0,11.75,11
2012,"Hommes","NA",6,42.8571428571429,0,0,53.5,55.5,54.0673003072197,57.3655913978495,33.3333333333333,0,0,0,0,0,83.3333333333333,100,49.7662250384024,44.4623655913978,50,50,15.5,17.5
2012,"Hommes","profinter",57,54.2857142857143,0,0,58.3333333333333,59,61.1454140965442,67.6470588235294,14.0350877192982,0,0,0,100,100,94.7368421052632,100,60.2096495905842,67.6470588235294,43.859649122807,0,20.5438596491228,23
2012,"Hommes","proflib",63,80.7692307692308,0,0,58.6666666666667,61,66.6673172350542,67.4418604651163,9.52380952380952,0,100,100,0,0,96.8253968253968,100,66.2149304233097,67.4418604651163,15.8730158730159,0,22.6666666666667,23
2012,"Total","agri",18,100,27.7777777777778,0,58.1111111111111,57.5,59.0264208840253,65,0,0,100,100,0,0,94.4444444444444,100,59.0264208840253,65,38.8888888888889,0,19.4444444444444,17.5
2012,"Total","artisancommercantpdg",23,100,13.0434782608696,0,55.5652173913044,57,57.251463878233,58.974358974359,4.34782608695652,0,100,100,0,0,100,100,57.251463878233,58.974358974359,26.0869565217391,0,18.0434782608696,21
2012,"Total","cadsupprive",108,100,18.5185185185185,0,54.287037037037,54,64.4876655215605,69.8896631823461,27.7777777777778,0,100,100,0,0,88.8888888888889,100,60.204722472295,65.821566110398,38.8888888888889,0,19.5,22
2012,"Total","cadsuppub",169,100,27.810650887574,0,54.6331360946746,56,60.1215252448928,66.6666666666667,33.7278106508876,0,100,100,0,0,92.3076923076923,100,56.2229357873978,60.5263157894737,44.3786982248521,0,18.396449704142,18
2012,"Total","collab",102,100,18.6274509803922,0,47.4705882352941,46.5,82.7937619203531,88.5164835164836,95.0980392156863,100,0,0,0,0,93.1372549019608,100,57.7975767856913,57.9796264855688,48.0392156862745,0,18.8333333333333,17
2012,"Total","employe",6,100,33.3333333333333,0,56.5,57,35.3033731913042,37.0726495726496,0,0,0,0,100,100,83.3333333333333,100,35.3033731913042,37.0726495726496,33.3333333333333,0,11.5,11
2012,"Total","NA",14,100,57.1428571428571,100,54.7857142857143,56.5,60.9327593802644,56.6666666666667,21.4285714285714,0,0,0,0,0,85.7142857142857,100,58.9476477177334,56.6666666666667,50,50,18.2142857142857,17.5
2012,"Total","profinter",105,100,45.7142857142857,0,57.2571428571429,57,55.345735803733,58.6206896551724,11.4285714285714,0,0,0,100,100,93.3333333333333,100,53.8590279027285,56.0975609756098,50.4761904761905,100,18.2380952380952,17
2012,"Total","proflib",78,100,19.2307692307692,0,57.8076923076923,60.5,63.5582035188428,62.5625625625626,8.97435897435897,0,100,100,0,0,97.4358974358974,100,62.9955755121182,62.5625625625626,23.0769230769231,0,21.1923076923077,21.5
2017,"Femmes","agri",2,13.3333333333333,100,100,42,42,24.2424242424242,24.2424242424242,0,0,100,100,0,0,50,50,24.2424242424242,24.2424242424242,100,100,8,8
2017,"Femmes","artisancommercantpdg",22,33.3333333333333,100,100,49.4090909090909,50,12.9651937586709,0,9.09090909090909,0,100,100,0,0,36.3636363636364,0,12.2629994013041,0,86.3636363636364,100,3.04545454545455,0
2017,"Femmes","cadsupprive",52,39.6946564885496,100,100,43.1346153846154,40,9.29463612415143,0,11.5384615384615,0,100,100,0,0,23.0769230769231,0,7.79733693922547,0,92.3076923076923,100,2.36538461538462,0
2017,"Femmes","cadsuppub",46,38.0165289256198,100,100,49.5217391304348,49.5,21.6439133930572,14.1352549889135,13.0434782608696,0,100,100,0,0,58.695652173913,100,20.153896817136,12.25,78.2608695652174,100,5.84782608695652,3
2017,"Femmes","collab",29,32.5842696629214,100,100,46.551724137931,49,75.1995401638554,81.8181818181818,93.1034482758621,100,0,0,0,0,72.4137931034483,100,33.196075816904,32.1428571428571,65.5172413793103,100,15.7586206896552,15
2017,"Femmes","employe",4,66.6666666666667,100,100,47.75,48,14.4047619047619,17.1428571428571,0,0,0,0,100,100,75,100,14.4047619047619,17.1428571428571,100,100,3.75,4
2017,"Femmes","NA",4,40,100,100,48.25,51,68.6249715197084,63.0075187969925,25,0,0,0,0,0,100,100,67.3091820460242,60.3759398496241,50,50,14,14
2017,"Femmes","profinter",45,56.9620253164557,100,100,51.1111111111111,51,24.7951661021481,17.6470588235294,0,0,0,0,100,100,68.8888888888889,100,24.7951661021481,17.6470588235294,88.8888888888889,100,7.44444444444444,3
2017,"Femmes","proflib",24,35.2941176470588,100,100,49.75,50.5,24.3712222143621,18.4375,8.33333333333333,0,100,100,0,0,62.5,100,23.5252626184025,18.4375,91.6666666666667,100,7.08333333333333,4.5
2017,"Hommes","agri",13,86.6666666666667,0,0,57.0769230769231,59,67.2438789210434,66.6666666666667,0,0,100,100,0,0,92.3076923076923,100,67.2438789210434,66.6666666666667,38.4615384615385,0,22.9230769230769,22
2017,"Hommes","artisancommercantpdg",44,66.6666666666667,0,0,49.5909090909091,48.5,27.7492127249006,19.6691176470588,18.1818181818182,0,100,100,0,0,59.0909090909091,100,26.4752529306042,17.7083333333333,79.5454545454545,100,8.27272727272727,3
2017,"Hommes","cadsupprive",79,60.3053435114504,0,0,47.5569620253165,49,39.5913782014437,36.75,17.7215189873418,0,100,100,0,0,64.5569620253165,100,34.5940352637992,27.6719576719576,73.4177215189873,100,10.2025316455696,7
2017,"Hommes","cadsuppub",75,61.9834710743802,0,0,52.88,53,50.7820571701964,57.1428571428571,20,0,100,100,0,0,81.3333333333333,100,47.8584858886513,54.3478260869565,56,100,15.12,16
2017,"Hommes","collab",60,67.4157303370787,0,0,48.2166666666667,48,87.7251930300864,92.1538461538462,96.6666666666667,100,0,0,0,0,90,100,64.4256033674817,73.030303030303,50,50,20.1833333333333,20
2017,"Hommes","employe",2,33.3333333333333,0,0,57.5,57.5,22.5,22.5,0,0,0,0,100,100,50,50,22.5,22.5,100,100,9,9
2017,"Hommes","NA",6,60,0,0,35.3333333333333,34,47.5,37.5,0,0,0,0,0,0,66.6666666666667,100,47.5,37.5,83.3333333333333,100,5.83333333333333,1.5
2017,"Hommes","profinter",34,43.0379746835443,0,0,47.5294117647059,49,44.8512331921785,44.0972222222222,14.7058823529412,0,0,0,100,100,70.5882352941177,100,41.8324423425052,42.6767676767677,76.4705882352941,100,12,9
2017,"Hommes","proflib",44,64.7058823529412,0,0,53.1136363636364,54,36.3248346656833,42.2619047619048,2.27272727272727,0,100,100,0,0,77.2727272727273,100,36.1500094908582,40.3985507246377,63.6363636363636,100,12.3636363636364,8
2017,"Total","agri",15,100,13.3333333333333,0,55.0666666666667,58,61.5103516305609,64.7058823529412,0,0,100,100,0,0,86.6666666666667,100,61.5103516305609,64.7058823529412,46.6666666666667,0,20.9333333333333,22
2017,"Total","artisancommercantpdg",66,100,33.3333333333333,0,49.530303030303,49,22.821206402824,10,15.1515151515152,0,100,100,0,0,51.5151515151515,100,21.7378350875041,6.44736842105263,81.8181818181818,100,6.53030303030303,2.5
2017,"Total","cadsupprive",131,100,39.6946564885496,0,45.8015267175573,47,27.613596449956,16.6666666666667,15.2671755725191,0,100,100,0,0,48.0916030534351,0,23.9999917401305,0,80.9160305343512,100,7.09160305343511,3
2017,"Total","cadsuppub",121,100,38.0165289256198,0,51.603305785124,52,39.7047463127716,37.5,17.3553719008264,0,100,100,0,0,72.7272727272727,100,37.3261627705546,36,64.4628099173554,100,11.595041322314,9
2017,"Total","collab",89,100,32.5842696629214,0,47.6741573033708,48,83.6438005231122,91.1764705882353,95.5056179775281,100,0,0,0,0,84.2696629213483,100,54.2496898959451,59.2592592592593,55.0561797752809,100,18.7415730337079,19
2017,"Total","employe",6,100,66.6666666666667,100,51,50,17.1031746031746,17.1428571428571,0,0,0,0,100,100,66.6666666666667,100,17.1031746031746,17.1428571428571,100,100,5.5,4
2017,"Total","NA",10,100,40,0,40.5,36.5,56.8888762309815,62.8571428571429,10,0,0,0,0,0,80,100,56.3040809093441,57.8947368421053,70,100,9.1,6
2017,"Total","profinter",79,100,56.9620253164557,100,49.5696202531646,49,33.42689117887,22.5806451612903,6.32911392405063,0,0,0,100,100,69.620253164557,100,32.1276647372385,19.2307692307692,83.5443037974684,100,9.40506329113924,7
2017,"Total","proflib",68,100,35.2941176470588,0,51.9264705882353,52.5,32.1059126240405,24.5689655172414,4.41176470588235,0,100,100,0,0,72.0588235294118,100,31.6942164770503,24.5689655172414,73.5294117647059,100,10.5,6.5
2022,"Femmes","agri",2,18.1818181818182,100,100,47,47,69.2982456140351,69.2982456140351,0,0,100,100,0,0,50,50,69.2982456140351,69.2982456140351,0,0,13,13
2022,"Femmes","artisancommercantpdg",17,32.6923076923077,100,100,50.5294117647059,51,34.4101137984585,27.2727272727273,17.6470588235294,0,100,100,0,0,64.7058823529412,100,33.49508111872,27.2727272727273,35.2941176470588,0,7.29411764705882,7
2022,"Femmes","cadsupprive",46,39.6551724137931,100,100,47.9347826086956,46,32.8469048875497,28.5947712418301,23.9130434782609,0,100,100,0,0,58.695652173913,100,30.7418504310431,26.6194331983805,39.1304347826087,0,7.28260869565217,5
2022,"Femmes","cadsuppub",41,34.453781512605,100,100,48.1951219512195,48,33.8827736963375,29.6296296296296,17.0731707317073,0,100,100,0,0,68.2926829268293,100,32.3146761633906,26.6666666666667,65.8536585365854,100,8.53658536585366,6
2022,"Femmes","collab",34,29.0598290598291,100,100,45.5294117647059,44,78.1165141018258,88.3445945945946,94.1176470588235,100,0,0,0,0,55.8823529411765,100,35.5582057817883,27.1264367816092,44.1176470588235,0,15.9411764705882,14.5
2022,"Femmes","employe",14,51.8518518518519,100,100,52.0714285714286,51.5,18.9492362686594,17.6470588235294,7.14285714285714,0,0,0,100,100,50,50,17.591770205311,4.16666666666667,78.5714285714286,100,5.71428571428571,2
2022,"Femmes","NA",7,63.6363636363636,100,100,51,50,59.9956438715837,70,28.5714285714286,0,0,0,0,0,100,100,59.4004057763456,66.6666666666667,57.1428571428571,100,15.8571428571429,17
2022,"Femmes","ouvrier",3,37.5,100,100,45,52,3.61856108982546,3.44827586206897,0,0,0,0,100,100,66.6666666666667,100,3.61856108982546,3.44827586206897,100,100,1,1
2022,"Femmes","profinter",35,46.0526315789474,100,100,52.5428571428571,51,30.9300144879661,30.4347826086957,0,0,0,0,100,100,71.4285714285714,100,30.9300144879661,30.4347826086957,51.4285714285714,100,9.25714285714286,8
2022,"Femmes","proflib",27,45,100,100,52.6666666666667,54,31.3631165398217,28.5714285714286,7.40740740740741,0,100,100,0,0,74.0740740740741,100,29.3260795027846,21.2121212121212,59.2592592592593,100,8.37037037037037,6
2022,"Hommes","agri",9,81.8181818181818,0,0,56,56,60.8590582040166,58.3333333333333,0,0,100,100,0,0,100,100,60.8590582040166,58.3333333333333,33.3333333333333,0,19.5555555555556,21
2022,"Hommes","artisancommercantpdg",35,67.3076923076923,0,0,54.5714285714286,54,42.9815718340421,36.3636363636364,11.4285714285714,0,100,100,0,0,82.8571428571429,100,41.94122466069,35.7142857142857,31.4285714285714,0,13,8
2022,"Hommes","cadsupprive",70,60.3448275862069,0,0,48.9285714285714,50,48.1462664361369,48.1379310344827,20,0,100,100,0,0,60,100,42.9713731854057,44.0092165898618,40,0,10.4571428571429,8
2022,"Hommes","cadsuppub",78,65.546218487395,0,0,50.6282051282051,50,47.557105760869,50,29.4871794871795,0,100,100,0,0,70.5128205128205,100,44.3211159793566,44.1558441558442,50,50,13.0512820512821,8.5
2022,"Hommes","collab",83,70.9401709401709,0,0,43.4819277108434,42,86.1455094886328,92.3076923076923,95.1807228915663,100,0,0,0,0,85.5421686746988,100,57.0943053176827,60,50.6024096385542,100,15.5421686746988,14
2022,"Hommes","employe",13,48.1481481481481,0,0,38.6153846153846,36,27.2977524148093,16.6666666666667,30.7692307692308,0,0,0,100,100,53.8461538461538,100,24.6170997341566,12.5,92.3076923076923,100,5,2
2022,"Hommes","NA",4,36.3636363636364,0,0,40.75,39,77.6315789473684,77.6315789473684,0,0,0,0,0,0,50,50,77.6315789473684,77.6315789473684,75,100,13,10.5
2022,"Hommes","ouvrier",5,62.5,0,0,38.2,39,10.4624542124542,11.3095238095238,0,0,0,0,100,100,80,100,10.4624542124542,11.3095238095238,100,100,1.8,2
2022,"Hommes","profinter",41,53.9473684210526,0,0,49.9756097560976,50,41.690230404433,40,9.75609756097561,0,0,0,100,100,78.0487804878049,100,40.2162113164161,36.3636363636364,65.8536585365854,100,10.609756097561,8
2022,"Hommes","proflib",33,55,0,0,53.3030303030303,53,46.9122515715884,52.5,9.09090909090909,0,100,100,0,0,84.8484848484848,100,45.4372868708173,50,39.3939393939394,0,13.1818181818182,8
2022,"Total","agri",11,100,18.1818181818182,0,54.3636363636364,56,62.3934559149291,58.3333333333333,0,0,100,100,0,0,90.9090909090909,100,62.3934559149291,58.3333333333333,27.2727272727273,0,18.3636363636364,21
2022,"Total","artisancommercantpdg",52,100,32.6923076923077,0,53.25,53,40.1793643993321,35.0925925925926,13.4615384615385,0,100,100,0,0,76.9230769230769,100,39.1799854258152,34.8913043478261,32.6923076923077,0,11.1346153846154,8
2022,"Total","cadsupprive",116,100,39.6551724137931,0,48.5344827586207,48.5,42.079278235835,37.966537966538,21.551724137931,0,100,100,0,0,59.4827586206897,100,38.1217348517792,33.3333333333333,39.6551724137931,0,9.19827586206897,7
2022,"Total","cadsuppub",119,100,34.453781512605,0,49.7899159663866,50,42.8457812680472,42.8571428571429,25.2100840336134,0,100,100,0,0,69.7478991596639,100,40.1844434377212,34.7826086956522,55.4621848739496,100,11.4957983193277,8
2022,"Total","collab",117,100,29.0598290598291,0,44.0769230769231,43,83.8122971540051,92.3076923076923,94.8717948717949,100,0,0,0,0,76.9230769230769,100,50.8359516063971,54.5454545454545,48.7179487179487,0,15.6581196581197,14
2022,"Total","employe",27,100,51.8518518518519,100,45.5925925925926,46,23.1234943417344,17.156862745098,18.5185185185185,0,0,0,100,100,51.8518518518519,100,21.1044349697338,8.33333333333334,85.1851851851852,100,5.37037037037037,2
2022,"Total","NA",11,100,63.6363636363636,100,47.2727272727273,50,63.9147405550914,70,18.1818181818182,0,0,0,0,0,81.8181818181818,100,63.4517775921285,66.6666666666667,63.6363636363636,100,14.8181818181818,17
2022,"Total","ouvrier",8,100,37.5,0,40.75,44,7.52935715989903,7.40740740740741,0,0,0,0,100,100,75,100,7.52935715989903,7.40740740740741,100,100,1.5,1.5
2022,"Total","profinter",76,100,46.0526315789474,0,51.1578947368421,50.5,36.7348678113233,36.3636363636364,5.26315789473684,0,0,0,100,100,75,100,35.9396733033141,33.3333333333333,59.2105263157895,100,9.98684210526316,8
2022,"Total","proflib",60,100,45,0,53.0166666666667,53,39.9151408072934,37.1473354231975,8.33333333333333,0,100,100,0,0,80,100,38.1872435552026,35.340022296544,48.3333333333333,0,11.0166666666667,8
2024,"Femmes","agri",4,33.3333333333333,100,100,53.25,57.5,40.5603448275862,37.3706896551724,25,0,100,100,0,0,25,0,36.25,28.75,50,50,8.75,6
2024,"Femmes","artisancommercantpdg",15,27.7777777777778,100,100,55,55,34.4325056895583,31.8181818181818,13.3333333333333,0,100,100,0,0,73.3333333333333,100,34.099172356225,31.8181818181818,6.66666666666667,0,9.73333333333333,9
2024,"Femmes","cadsupprive",32,30.4761904761905,100,100,47.5,46,43.6359573075301,41.4285714285714,28.125,0,100,100,0,0,59.375,100,39.941736563677,34.1666666666667,18.75,0,9,7.5
2024,"Femmes","cadsuppub",43,35.8333333333333,100,100,50.7674418604651,52,44.9432821522255,44.7368421052632,23.2558139534884,0,100,100,0,0,69.7674418604651,100,42.6023523082357,40,32.5581395348837,0,12.0232558139535,10
2024,"Femmes","collab",32,27.8260869565217,100,100,44.5,41.5,81.4586838424159,87.5,93.75,100,0,0,0,0,56.25,100,44.1852247076265,50,21.875,0,16.375,13.5
2024,"Femmes","employe",9,39.1304347826087,100,100,53,52,13.2054559988655,9.09090909090909,22.2222222222222,0,0,0,100,100,22.2222222222222,0,11.4510700339533,9.09090909090909,22.2222222222222,0,3.77777777777778,2
2024,"Femmes","NA",9,64.2857142857143,100,100,51.1111111111111,52,54.1027488576966,53.3333333333333,22.2222222222222,0,0,0,0,0,100,100,53.6753984303462,53.3333333333333,33.3333333333333,0,14.1111111111111,10
2024,"Femmes","ouvrier",3,37.5,100,100,47,54,18.9346187121493,13.7931034482759,0,0,0,0,100,100,66.6666666666667,100,18.9346187121493,13.7931034482759,0,0,3,3
2024,"Femmes","profinter",29,39.7260273972603,100,100,54.7241379310345,55,36.2277066624014,35.7142857142857,0,0,0,0,100,100,75.8620689655172,100,36.2277066624014,35.7142857142857,10.3448275862069,0,11.1724137931034,10
2024,"Femmes","proflib",29,54.7169811320755,100,100,57,56,38.0356764434454,36.3636363636364,6.89655172413793,0,100,100,0,0,72.4137931034483,100,36.2779514098583,31.8181818181818,10.3448275862069,0,11.6206896551724,9
2024,"Hommes","agri",8,66.6666666666667,0,0,59.25,59,45.178093822247,48.0113636363637,0,0,100,100,0,0,87.5,100,45.178093822247,48.0113636363637,25,0,15.625,15
2024,"Hommes","artisancommercantpdg",39,72.2222222222222,0,0,53.6153846153846,55,39.6187921666702,38.4615384615385,15.3846153846154,0,100,100,0,0,79.4871794871795,100,38.3091577967642,37.5,35.8974358974359,0,11.3846153846154,9
2024,"Hommes","cadsupprive",73,69.5238095238095,0,0,50.7123287671233,52,46.6602359234493,47.0588235294118,23.2876712328767,0,100,100,0,0,65.7534246575343,100,42.6152976603125,43.3333333333333,27.3972602739726,0,11.7945205479452,10
2024,"Hommes","cadsuppub",77,64.1666666666667,0,0,50.4285714285714,51,44.8830942230883,42.3076923076923,29.8701298701299,0,100,100,0,0,64.9350649350649,100,42.1511805276629,38.4615384615385,23.3766233766234,0,11.7402597402597,9
2024,"Hommes","collab",83,72.1739130434783,0,0,42.3734939759036,39,86.4264953270281,90.9090909090909,96.3855421686747,100,0,0,0,0,79.5180722891566,100,58.9153141487236,62.5,27.710843373494,0,14.7951807228916,12
2024,"Hommes","employe",14,60.8695652173913,0,0,40.0714285714286,37.5,33.9983201753388,26.7857142857143,21.4285714285714,0,0,0,100,100,42.8571428571429,0,32.9779120120735,23.6111111111111,14.2857142857143,0,6.07142857142857,2.5
2024,"Hommes","NA",5,35.7142857142857,0,0,39.2,25,78.75,78.75,0,0,0,0,0,0,40,0,78.75,78.75,40,0,11.2,0
2024,"Hommes","ouvrier",5,62.5,0,0,42.4,41,23.3799533799534,25,20,0,0,0,100,100,80,100,21.5617715617716,25,20,0,3.8,4
2024,"Hommes","profinter",44,60.2739726027397,0,0,49.8181818181818,49,39.5884714982821,41.3461538461539,4.54545454545455,0,0,0,100,100,75,100,39.1149866497972,41.3461538461539,34.0909090909091,0,10.0454545454545,8.5
2024,"Hommes","proflib",24,45.2830188679245,0,0,55.2916666666667,55,51.3907619059162,54.0476190476191,8.33333333333333,0,100,100,0,0,87.5,100,50.2761676878737,52.9824561403508,8.33333333333333,0,15.5,10
2024,"Total","agri",12,100,33.3333333333333,0,57.25,59,43.6388441573601,48.0113636363637,8.33333333333333,0,100,100,0,0,66.6666666666667,100,42.2020625481647,48.0113636363637,33.3333333333333,0,13.3333333333333,12
2024,"Total","artisancommercantpdg",54,100,27.7777777777778,0,54,55,38.1781570341391,35.2777777777778,14.8148148148148,0,100,100,0,0,77.7777777777778,100,37.1397173966144,35.2777777777778,27.7777777777778,0,10.9259259259259,9
2024,"Total","cadsupprive",105,100,30.4761904761905,0,49.7333333333333,50,45.7385510119311,46.6666666666667,24.7619047619048,0,100,100,0,0,63.8095238095238,100,41.8004980880045,41.025641025641,24.7619047619048,0,10.9428571428571,9
2024,"Total","cadsuppub",120,100,35.8333333333333,0,50.55,51,44.9046615643624,43.3760683760683,27.5,0,100,100,0,0,66.6666666666667,100,42.3128504157015,38.6752136752137,26.6666666666667,0,11.8416666666667,10
2024,"Total","collab",115,100,27.8260869565217,0,42.9652173913043,40,85.051476076823,89.8717948717949,95.6521739130435,100,0,0,0,0,73.0434782608696,100,54.8382358212771,60,26.0869565217391,0,15.2347826086957,13
2024,"Total","employe",23,100,39.1304347826087,0,45.1304347826087,44,25.8619820193275,21.2765957446809,21.7391304347826,0,0,0,100,100,34.7826086956522,0,24.5543651510699,15.3846153846154,17.3913043478261,0,5.17391304347826,2
2024,"Total","NA",14,100,64.2857142857143,100,46.8571428571429,51.5,58.5840672472063,57.5,14.2857142857143,0,0,0,0,0,78.5714285714286,100,58.234416897556,57.5,35.7142857142857,0,13.0714285714286,9.5
2024,"Total","ouvrier",8,100,37.5,0,44.125,46,21.7129528795269,21.5909090909091,12.5,0,0,0,100,100,75,100,20.5765892431632,20.1923076923077,12.5,0,3.5,3.5
2024,"Total","profinter",73,100,39.7260273972603,0,51.7671232876712,52,38.2533731388226,40,2.73972602739726,0,0,0,100,100,75.3424657534247,100,37.9679850109688,40,24.6575342465753,0,10.4931506849315,10
2024,"Total","proflib",53,100,54.7169811320755,100,56.2264150943396,56,44.0832623132435,41.9354838709677,7.54716981132075,0,100,100,0,0,79.2452830188679,100,42.6167663282049,40,9.43396226415094,0,13.377358490566,10
