"legis.annee","tendance.pol","cabcollab","effectifs","pourcentages","mean_part.femmes","median_part.femmes","mean_age","median_age","mean_part.pol","median_part.pol","mean_part.cabcollab","median_part.cabcollab","mean_part.pcs.123","median_part.pcs.123","mean_part.pcs.456","median_part.pcs.456","mean_part.elu.local","median_part.elu.local","mean_part.mandat","median_part.mandat","mean_part.primos","median_part.primos","mean_duree.pol","median_duree.pol"
1978,"Centre","Ancien collaborateur",28,36.8421052631579,0,0,47.7142857142857,50,46.0453109695621,34.8484848484848,100,100,85.7142857142857,100,7.14285714285714,0,57.1428571428571,100,32.8395261175405,25.2380952380952,46.4285714285714,0,10.8928571428571,9
1978,"Centre","Jamais collaborateur",111,24.1304347826087,1.8018018018018,0,51.2162162162162,53,43.7092641190085,41.6666666666667,0,0,89.1891891891892,100,9.90990990990991,0,84.6846846846847,100,43.7092641190085,41.6666666666667,46.8468468468468,0,11.3963963963964,12
1978,"COM/LFI","Ancien collaborateur",2,2.63157894736842,0,0,52.5,52.5,49.3506493506493,49.3506493506493,100,100,0,0,100,100,100,100,33.5497835497836,33.5497835497836,50,50,14,14
1978,"COM/LFI","Jamais collaborateur",86,18.695652173913,15.1162790697674,0,50.9883720930233,52,43.7382736415235,41.8859649122807,0,0,22.093023255814,0,75.5813953488372,100,77.9069767441861,100,43.7382736415235,41.8859649122807,37.2093023255814,0,11.953488372093,8.5
1978,"Droite","Ancien collaborateur",38,50,0,0,50.5526315789474,53,64.8546687712151,66.6666666666667,100,100,86.8421052631579,100,2.63157894736842,0,89.4736842105263,100,51.0061611730178,54.6920821114369,26.3157894736842,0,15.7894736842105,16.5
1978,"Droite","Jamais collaborateur",136,29.5652173913043,2.20588235294118,0,54.7573529411765,56,49.0590590538955,51.5151515151515,0,0,88.2352941176471,100,11.0294117647059,0,75.7352941176471,100,49.0590590538955,51.5151515151515,29.4117647058824,0,14,13
1978,"ECO/SOC/RAD","Ancien collaborateur",7,9.21052631578947,0,0,47.4285714285714,48,48.3810778704234,42.1052631578947,100,100,71.4285714285714,100,0,0,100,100,35.757737501524,26.3157894736842,42.8571428571429,0,12.1428571428571,8
1978,"ECO/SOC/RAD","Jamais collaborateur",114,24.7826086956522,1.75438596491228,0,48.0877192982456,47,40.8788490399665,35.7142857142857,0,0,71.0526315789474,100,28.0701754385965,0,84.2105263157895,100,40.8788490399665,35.7142857142857,46.4912280701754,0,9.66666666666667,7
1978,"Non-inscrits","Ancien collaborateur",1,1.31578947368421,0,0,53,53,75,75,100,100,100,100,0,0,100,100,46.4285714285714,46.4285714285714,0,0,21,21
1978,"Non-inscrits","Jamais collaborateur",13,2.82608695652174,7.69230769230769,0,53.8461538461538,55,34.1042112009854,32.258064516129,0,0,69.2307692307692,100,23.0769230769231,0,76.9230769230769,100,34.1042112009854,32.258064516129,38.4615384615385,0,10.2307692307692,8
1978,"Total","Ancien collaborateur",76,100,0,0,49.3026315789474,50.5,56.1330916348444,60.3030303030303,100,100,82.8947368421053,100,6.57894736842105,0,78.9473684210526,100,42.389120485587,45.4545454545455,35.5263157894737,0,13.6710526315789,12.5
1978,"Total","Jamais collaborateur",460,100,4.56521739130435,0,51.5195652173913,53,44.3234682997386,42.1052631578947,0,0,71.304347826087,100,27.3913043478261,0,80.4347826086957,100,44.3234682997386,42.1052631578947,39.5652173913044,0,11.8086956521739,10.5
1997,"Centre","Ancien collaborateur",38,24.5161290322581,7.89473684210526,0,49.8157894736842,47,67.010050667134,72.5705329153605,100,100,76.3157894736842,100,5.26315789473684,0,89.4736842105263,100,57.2832065002695,63.5278514588859,21.0526315789474,0,16.2894736842105,16
1997,"Centre","Jamais collaborateur",85,17.0340681362725,5.88235294117647,0,55.3764705882353,54,62.7557892362,66.6666666666667,0,0,95.2941176470588,100,4.70588235294118,0,97.6470588235294,100,62.7557892362,66.6666666666667,14.1176470588235,0,19.2,20
1997,"COM/LFI","Jamais collaborateur",41,8.21643286573146,9.75609756097561,0,54.5609756097561,54,60.2629020046489,63.6363636363636,0,0,34.1463414634146,0,60.9756097560976,100,95.1219512195122,100,60.2629020046489,63.6363636363636,48.780487804878,0,18.0487804878049,20
1997,"Droite","Ancien collaborateur",44,28.3870967741935,4.54545454545455,0,53.1590909090909,52,66.4360083618325,69.0909090909091,100,100,65.9090909090909,100,4.54545454545455,0,97.7272727272727,100,54.8661991193853,61.4583333333333,11.3636363636364,0,18.5227272727273,17
1997,"Droite","Jamais collaborateur",113,22.6452905811623,6.19469026548673,0,54.3008849557522,54,57.8655735143238,56,0,0,90.2654867256637,100,8.84955752212389,0,97.3451327433628,100,57.8655735143238,56,21.2389380530973,0,16.6814159292035,15
1997,"ECO/SOC/RAD","Ancien collaborateur",72,46.4516129032258,18.0555555555556,0,45.6944444444444,46,69.0859797758911,75.5,100,100,59.7222222222222,100,2.77777777777778,0,87.5,100,50.4375947532859,51.6666666666667,63.8888888888889,100,14.0277777777778,14
1997,"ECO/SOC/RAD","Jamais collaborateur",256,51.3026052104208,15.234375,0,52.8203125,53,55.9595325601228,59.041394335512,0,0,73.828125,100,23.828125,0,95.3125,100,55.9595325601228,59.041394335512,51.5625,100,15.859375,16
1997,"Non-inscrits","Ancien collaborateur",1,0.645161290322581,0,0,61,61,38.8888888888889,38.8888888888889,100,100,0,0,100,100,100,100,36.1111111111111,36.1111111111111,100,100,14,14
1997,"Non-inscrits","Jamais collaborateur",4,0.801603206412826,0,0,54.25,54,60.9615965254552,60.0241545893719,0,0,100,100,0,0,100,100,60.9615965254552,60.0241545893719,50,50,18,17.5
1997,"Total","Ancien collaborateur",155,100,11.6129032258065,0,48.9225806451613,48,67.6299724259663,72.4137931034483,100,100,65.1612903225806,100,4.51612903225806,0,90.9677419354839,100,53.2805970426509,56.25,38.7096774193548,0,15.858064516129,15
1997,"Total","Jamais collaborateur",499,100,11.0220440881764,0,53.7454909819639,53,57.9425202322234,58.8235294117647,0,0,78.1563126252505,100,20.0400801603206,0,96.1923847695391,100,57.9425202322234,58.8235294117647,38.0761523046092,0,16.811623246493,16
2007,"Centre","Ancien collaborateur",7,3.7037037037037,0,0,48.5714285714286,48,84.1496598639456,100,100,100,42.8571428571429,0,0,0,85.7142857142857,100,72.9318249038746,78.2608695652174,14.2857142857143,0,18,18
2007,"Centre","Jamais collaborateur",19,4.22222222222222,5.26315789473684,0,56.0526315789474,54,68.0533155077047,64.8648648648649,0,0,89.4736842105263,100,5.26315789473684,0,100,100,68.0533155077047,64.8648648648649,21.0526315789474,0,20.6315789473684,18
2007,"COM/LFI","Ancien collaborateur",2,1.05820105820106,50,50,44.5,44.5,60,60,100,100,0,0,50,50,100,100,43.3333333333333,43.3333333333333,50,50,7.5,7.5
2007,"COM/LFI","Jamais collaborateur",24,5.33333333333333,20.8333333333333,0,59.9583333333333,59.5,74.6946898857774,79.0625,0,0,29.1666666666667,0,66.6666666666667,100,100,100,74.6946898857774,79.0625,25,0,26.0416666666667,24.5
2007,"Droite","Ancien collaborateur",104,55.026455026455,12.5,0,52.7019230769231,52.5,76.107855340899,80.7692307692308,100,100,48.0769230769231,0,4.80769230769231,0,95.1923076923077,100,62.0367371806279,61.6366366366367,22.1153846153846,0,20.7980769230769,20
2007,"Droite","Jamais collaborateur",265,58.8888888888889,16.9811320754717,0,55.5320754716981,56,61.8313867359804,65,0,0,86.0377358490566,100,10.5660377358491,0,96.6037735849057,100,61.8313867359804,65,24.5283018867925,0,19.0641509433962,19
2007,"ECO/SOC/RAD","Ancien collaborateur",72,38.0952380952381,19.4444444444444,0,51.4583333333333,53,79.7366280899005,84.9624060150376,100,100,51.3888888888889,100,4.16666666666667,0,93.0555555555556,100,59.5145467435508,63.6111111111111,30.5555555555556,0,20.7361111111111,22
2007,"ECO/SOC/RAD","Jamais collaborateur",138,30.6666666666667,31.1594202898551,0,56.9565217391304,58,63.0327026019098,67.6190476190476,0,0,71.0144927536232,100,26.8115942028986,0,97.1014492753623,100,63.0327026019098,67.6190476190476,40.5797101449275,0,20.268115942029,21
2007,"Non-inscrits","Ancien collaborateur",4,2.11640211640212,25,0,48.25,46.5,83.3860678088182,86.0703812316715,100,100,75,100,0,0,100,100,72.903942407338,69.8680351906158,25,0,19.5,18
2007,"Non-inscrits","Jamais collaborateur",4,0.888888888888889,0,0,52.75,54.5,82.4652777777778,96.875,0,0,50,50,50,50,100,100,82.4652777777778,96.875,50,50,21.5,21.5
2007,"Total","Ancien collaborateur",189,100,15.3439153439153,0,51.8941798941799,52,77.7716723185673,83.3333333333333,100,100,49.2063492063492,0,4.76190476190476,0,94.1798941798942,100,61.5114986399159,63.3333333333333,25.3968253968254,0,20.5026455026455,20
2007,"Total","Jamais collaborateur",450,100,20.8888888888889,0,56.2022222222222,57,63.3319491269211,66.6666666666667,0,0,78.2222222222222,100,18.6666666666667,0,97.1111111111111,100,63.3319491269211,66.6666666666667,29.5555555555556,0,19.8933333333333,19.5
2012,"Centre","Ancien collaborateur",12,5.79710144927536,0,0,51.9166666666667,51.5,90.7566145771791,94.2307692307693,100,100,33.3333333333333,0,0,0,100,100,77.9393032047602,83.6640211640211,0,0,24.8333333333333,26.5
2012,"Centre","Jamais collaborateur",20,4.80769230769231,10,0,54.8,54,61.2630991079376,72.5087108013938,0,0,70,100,25,0,85,100,61.2630991079376,72.5087108013938,40,0,18.65,22
2012,"COM/LFI","Ancien collaborateur",2,0.966183574879227,0,0,45.5,45.5,73.5645933014354,73.5645933014354,100,100,0,0,0,0,100,100,53.9473684210526,53.9473684210526,100,100,15,15
2012,"COM/LFI","Jamais collaborateur",13,3.125,23.0769230769231,0,63.2307692307692,63,71.2779776543027,82.8571428571429,0,0,53.8461538461538,100,38.4615384615385,0,100,100,71.2779776543027,82.8571428571429,23.0769230769231,0,27.9230769230769,30
2012,"Droite","Ancien collaborateur",64,30.9178743961353,12.5,0,52.875,53,80.2748589063296,85.7142857142857,100,100,54.6875,100,3.125,0,96.875,100,65.9495266934853,68.0959302325581,21.875,0,21.953125,22.5
2012,"Droite","Jamais collaborateur",138,33.1730769230769,13.768115942029,0,56.4275362318841,58,65.2136423801437,65.7518796992481,0,0,86.231884057971,100,9.42028985507246,0,96.3768115942029,100,65.2136423801437,65.7518796992481,17.3913043478261,0,20.7463768115942,23
2012,"ECO/SOC/RAD","Ancien collaborateur",126,60.8695652173913,23.015873015873,0,50.0873015873016,50,75.0261158335734,80.952380952381,100,100,42.8571428571429,0,7.93650793650794,0,92.8571428571429,100,53.4975150803598,52.3809523809524,53.968253968254,100,18.5714285714286,17
2012,"ECO/SOC/RAD","Jamais collaborateur",239,57.4519230769231,43.0962343096234,0,55.7907949790795,57,51.2085528851176,54.8387096774194,0,0,66.1087866108787,100,31.7991631799163,0,90.3765690376569,100,51.2085528851176,54.8387096774194,56.9037656903766,100,16.6903765690377,17
2012,"Non-inscrits","Ancien collaborateur",3,1.44927536231884,33.3333333333333,0,45.6666666666667,49,89.6367521367521,95.8333333333333,100,100,66.6666666666667,100,0,0,100,100,64.8504273504273,65.3846153846154,33.3333333333333,0,18,19
2012,"Non-inscrits","Jamais collaborateur",6,1.44230769230769,33.3333333333333,0,50.6666666666667,54,47.2027972027972,59.0909090909091,0,0,50,50,0,0,50,50,47.2027972027972,59.0909090909091,50,50,13,10
2012,"Total","Ancien collaborateur",207,100,18.3574879227053,0,50.9468599033816,51,77.7584559563991,83.3333333333333,100,100,45.8937198067633,0,5.79710144927536,0,94.6859903381642,100,58.9332090138111,59.0909090909091,41.0628019323672,0,19.9371980676328,19
2012,"Total","Jamais collaborateur",416,100,31.0096153846154,0,56.1129807692308,57,56.9306420859797,62.1621621621622,0,0,72.3557692307692,100,23.7980769230769,0,91.8269230769231,100,56.9306420859797,62.1621621621622,41.8269230769231,0,18.4278846153846,18
2017,"Centre","Ancien collaborateur",67,46.2068965517241,43.2835820895522,0,43.7164179104478,44,56.5806093442105,60,100,100,44.7761194029851,0,4.47761194029851,0,50.7462686567164,100,26.629177351476,10.7142857142857,80.5970149253731,100,10.8358208955224,9
2017,"Centre","Jamais collaborateur",302,68.6363636363636,47.0198675496689,0,47.7682119205298,47,19.6195621296981,8.57843137254902,0,0,81.4569536423841,100,17.2185430463576,0,52.6490066225166,100,19.6195621296981,8.57843137254902,92.0529801324503,100,5.50993377483444,2
2017,"COM/LFI","Ancien collaborateur",10,6.89655172413793,20,0,49.8,48,68.0821718216897,75.3703703703704,100,100,30,0,0,0,90,100,46.8002072920061,49.780701754386,90,100,17.5,16
2017,"COM/LFI","Jamais collaborateur",23,5.22727272727273,34.7826086956522,0,49.2608695652174,50,27.802356462015,13.3333333333333,0,0,47.8260869565217,0,47.8260869565217,0,52.1739130434783,100,27.802356462015,13.3333333333333,73.9130434782609,100,9.91304347826087,2
2017,"Droite","Ancien collaborateur",45,31.0344827586207,15.5555555555556,0,51.3111111111111,53,87.0795593063328,91.1764705882353,100,100,35.5555555555556,0,2.22222222222222,0,95.5555555555556,100,65.7961730134531,72.3404255319149,31.1111111111111,0,22.5777777777778,27
2017,"Droite","Jamais collaborateur",90,20.4545454545455,26.6666666666667,0,53.6777777777778,54,62.3116861142816,64.7058823529412,0,0,77.7777777777778,100,15.5555555555556,0,97.7777777777778,100,62.3116861142816,64.7058823529412,40,0,17.7888888888889,16
2017,"ECO/SOC/RAD","Ancien collaborateur",16,11.0344827586207,25,0,52.125,52,81.0607617342836,89.2045454545454,100,100,25,0,6.25,0,87.5,100,61.765051807008,64.8529411764706,12.5,0,21.6875,21.5
2017,"ECO/SOC/RAD","Jamais collaborateur",15,3.40909090909091,53.3333333333333,100,58.8,61,59.9194385029507,61.1111111111111,0,0,80,100,13.3333333333333,0,93.3333333333333,100,59.9194385029507,61.1111111111111,20,0,20.4666666666667,22
2017,"Non-inscrits","Ancien collaborateur",7,4.82758620689655,28.5714285714286,0,50,48,82.2013223092346,82.6086956521739,100,100,14.2857142857143,0,0,0,100,100,69.1456047724276,79.1666666666667,71.4285714285714,100,18.7142857142857,19
2017,"Non-inscrits","Jamais collaborateur",10,2.27272727272727,20,0,54.8,54.5,42.5862736013677,46.8085106382979,0,0,80,100,10,0,90,100,42.5862736013677,46.8085106382979,50,50,13.1,9
2017,"Total","Ancien collaborateur",145,100,30.3448275862069,0,47.7241379310345,48,70.7771321170838,80,100,100,37.2413793103448,0,3.44827586206897,0,73.7931034482759,100,46.1051365751273,50,57.9310344827586,100,16.5172413793103,16
2017,"Total","Jamais collaborateur",440,100,41.8181818181818,0,49.5909090909091,50,30.6989533816423,21.4285714285714,0,0,78.8636363636364,100,18.1818181818182,0,64.0909090909091,100,30.6989533816423,21.4285714285714,77.0454545454545,100,8.93409090909091,3.5
2022,"Centre","Ancien collaborateur",74,39.1534391534392,37.8378378378378,0,46.2297297297297,45.5,66.2610738387166,75.5,100,100,43.2432432432432,0,5.40540540540541,0,62.1621621621622,100,41.9350484833129,41.4285714285714,45.9459459459459,0,13.2837837837838,10
2022,"Centre","Jamais collaborateur",186,45.5882352941176,39.7849462365591,0,52.3440860215054,53,39.7673867371816,35.248447204969,0,0,83.8709677419355,100,12.9032258064516,0,68.8172043010753,100,39.7673867371816,35.248447204969,26.3440860215054,0,10.7849462365591,8
2022,"COM/LFI","Ancien collaborateur",25,13.2275132275132,28,0,43.44,42,64.1200253410898,70.8333333333333,100,100,32,0,8,0,64,100,33.3146767562874,28.5714285714286,60,100,11.96,8
2022,"COM/LFI","Jamais collaborateur",72,17.6470588235294,40.2777777777778,0,44.9722222222222,45,24.4333029711089,15.3846153846154,0,0,44.4444444444444,0,51.3888888888889,100,48.6111111111111,0,24.4333029711089,15.3846153846154,79.1666666666667,100,5.81944444444444,2
2022,"Droite","Ancien collaborateur",32,16.9312169312169,25,0,47.75,51.5,83.035860533288,94.5721583652618,100,100,28.125,0,0,0,81.25,100,59.7009670707722,60.7692307692307,21.875,0,19,18.5
2022,"Droite","Jamais collaborateur",61,14.9509803921569,34.4262295081967,0,52.2786885245902,54,61.8783820987755,58.3333333333333,0,0,77.0491803278689,100,21.3114754098361,0,93.4426229508197,100,61.8783820987755,58.3333333333333,37.7049180327869,0,16.8524590163934,14
2022,"ECO/SOC/RAD","Ancien collaborateur",23,12.1693121693122,39.1304347826087,0,45.1739130434783,47,68.1291970461122,69.6969696969697,100,100,39.1304347826087,0,0,0,60.8695652173913,100,35.4140187540972,38.4615384615385,56.5217391304348,100,14,12
2022,"ECO/SOC/RAD","Jamais collaborateur",31,7.59803921568627,48.3870967741936,0,53.0645161290323,52,48.2487594864159,46.1538461538462,0,0,70.9677419354839,100,22.5806451612903,0,96.7741935483871,100,48.2487594864159,46.1538461538462,61.2903225806452,100,14.2258064516129,13
2022,"Extrême-droite","Ancien collaborateur",32,16.9312169312169,15.625,0,40.5625,36,68.8259368421137,77.0833333333333,100,100,25,0,9.375,0,78.125,100,43.0937172546313,45.5882352941177,87.5,100,8.8125,7
2022,"Extrême-droite","Jamais collaborateur",57,13.9705882352941,49.1228070175439,0,49.2982456140351,49,24.9427821948829,13.3928571428571,0,0,57.8947368421053,100,36.8421052631579,0,80.7017543859649,100,24.9427821948829,13.3928571428571,98.2456140350877,100,5.21052631578947,2
2022,"Non-inscrits","Ancien collaborateur",3,1.58730158730159,33.3333333333333,0,60.3333333333333,61,92.5381263616558,97.0588235294118,100,100,33.3333333333333,0,0,0,100,100,87.9084967320262,91.6666666666667,0,0,32.6666666666667,33
2022,"Non-inscrits","Jamais collaborateur",1,0.245098039215686,100,100,54,54,17.2413793103448,17.2413793103448,0,0,100,100,0,0,0,0,17.2413793103448,17.2413793103448,0,0,5,5
2022,"Total","Ancien collaborateur",189,100,30.6878306878307,0,45.2539682539683,45,69.896738226194,79.1666666666667,100,100,35.4497354497354,0,4.76190476190476,0,68.7830687830688,100,43.9351234212993,47.0588235294118,51.3227513227513,100,13.7142857142857,10
2022,"Total","Jamais collaborateur",408,100,41.1764705882353,0,50.6666666666667,51,39.0271333476492,35.4497354497355,0,0,71.3235294117647,100,25,0,72.5490196078431,100,39.0271333476492,35.4497354497355,50,50,10.2843137254902,8
2024,"Centre","Ancien collaborateur",46,23.9583333333333,32.6086956521739,0,45.6739130434783,43.5,73.786074892942,81.4560439560439,100,100,43.4782608695652,0,2.17391304347826,0,63.0434782608696,100,50.4867185611838,50.7575757575758,19.5652173913043,0,14.9347826086957,12
2024,"Centre","Jamais collaborateur",110,28.5714285714286,37.2727272727273,0,55.0545454545455,55,43.3604039680584,41.2037037037037,0,0,80.9090909090909,100,15.4545454545455,0,74.5454545454545,100,43.3604039680584,41.2037037037037,3.63636363636364,0,12.8090909090909,10
2024,"COM/LFI","Ancien collaborateur",24,12.5,33.3333333333333,0,39.9583333333333,37.5,62.1205011786318,67.5324675324675,100,100,25,0,12.5,0,41.6666666666667,0,33.0720251927058,25,25,0,9.83333333333333,7
2024,"COM/LFI","Jamais collaborateur",66,17.1428571428571,37.8787878787879,0,45.5454545454545,44.5,31.0507872154145,22.2222222222222,0,0,48.4848484848485,0,43.9393939393939,0,45.4545454545455,0,31.0507872154145,22.2222222222222,15.1515151515152,0,6.48484848484848,3
2024,"Droite","Ancien collaborateur",27,14.0625,29.6296296296296,0,49.4074074074074,53,83.4849465611887,92.8571428571429,100,100,37.037037037037,0,0,0,85.1851851851852,100,63.1243444615134,66.6666666666667,11.1111111111111,0,20.3703703703704,20
2024,"Droite","Jamais collaborateur",51,13.2467532467532,33.3333333333333,0,53.3137254901961,55,64.6344767682349,60.5263157894737,0,0,86.2745098039216,100,11.7647058823529,0,90.1960784313726,100,64.6344767682349,60.5263157894737,9.80392156862745,0,18.0588235294118,16
2024,"ECO/SOC/RAD","Ancien collaborateur",45,23.4375,40,0,48.4888888888889,50,67.3156894803274,68.75,100,100,51.1111111111111,100,2.22222222222222,0,68.8888888888889,100,43.330990746861,47.0588235294118,40,0,15.5777777777778,15
2024,"ECO/SOC/RAD","Jamais collaborateur",58,15.0649350649351,43.1034482758621,0,54,53.5,46.6707251594837,47.0588235294118,0,0,79.3103448275862,100,18.9655172413793,0,87.9310344827586,100,46.6707251594837,47.0588235294118,44.8275862068966,0,14.1379310344828,14
2024,"Extrême-droite","Ancien collaborateur",47,24.4791666666667,17.0212765957447,0,41.063829787234,37,67.4776943778713,75.9615384615385,100,100,27.6595744680851,0,6.38297872340426,0,68.0851063829787,100,46.4481198315878,45.906432748538,34.0425531914894,0,9.19148936170213,8
2024,"Extrême-droite","Jamais collaborateur",94,24.4155844155844,38.2978723404255,0,50.3404255319149,52,25.046179901946,14.8148148148148,0,0,58.5106382978723,100,35.1063829787234,0,65.9574468085106,100,25.046179901946,14.8148148148148,45.7446808510638,0,5.75531914893617,4
2024,"Non-inscrits","Ancien collaborateur",3,1.5625,33.3333333333333,0,44.3333333333333,38,99.0740740740741,100,100,100,0,0,0,0,100,100,99.0740740740741,100,0,0,19,13
2024,"Non-inscrits","Jamais collaborateur",6,1.55844155844156,50,50,59,61,53.330084947732,60.3896103896104,0,0,100,100,0,0,66.6666666666667,100,53.330084947732,60.3896103896104,0,0,15.8333333333333,12
2024,"Total","Ancien collaborateur",192,100,30.2083333333333,0,44.9947916666667,44,71.0824964654914,77.7777777777778,100,100,37.5,0,4.16666666666667,0,66.6666666666667,100,48.2079843244502,50,27.0833333333333,0,13.8697916666667,11
2024,"Total","Jamais collaborateur",385,100,38.1818181818182,0,51.9454545454545,53,40.3388231237444,38.6752136752137,0,0,70.6493506493507,100,24.9350649350649,0,71.4285714285714,100,40.3388231237444,38.6752136752137,22.8571428571429,0,10.9454545454545,9
