"legis.annee","ProfSigni","groupe.pol","effectifs","pourcentages","mean_part.femmes","median_part.femmes","mean_age","median_age","mean_part.pol","median_part.pol","mean_part.cabcollab","median_part.cabcollab","mean_part.pcs.123","median_part.pcs.123","mean_part.pcs.456","median_part.pcs.456","mean_part.elu.local","median_part.elu.local","mean_part.mandat","median_part.mandat","mean_part.primos","median_part.primos","mean_duree.pol","median_duree.pol"
1978,"agri","Communiste",3,3.40909090909091,0,0,55.3333333333333,54,40.2298850574713,20.6896551724138,0,0,100,100,0,0,66.6666666666667,100,40.2298850574713,20.6896551724138,33.3333333333333,0,13,6
1978,"agri","Non-inscrits",1,7.14285714285714,0,0,71,71,63.6363636363636,63.6363636363636,0,0,100,100,0,0,100,100,63.6363636363636,63.6363636363636,0,0,21,21
1978,"agri","RPR/UMP/LR",12,6.89655172413793,0,0,49.9166666666667,47.5,53.9835258499446,57.5,0,0,100,100,0,0,91.6666666666667,100,53.9835258499446,57.5,50,50,12.75,10.5
1978,"agri","UDF/MODEM/UDI/NC/Dém",11,7.9136690647482,0,0,48.1818181818182,46,69.3212010877398,80.6451612903226,0,0,100,100,0,0,90.9090909090909,100,69.3212010877398,80.6451612903226,54.5454545454545,100,15.5454545454545,13
1978,"artisancommercantpdg","Non-inscrits",1,7.14285714285714,0,0,47,47,13.6363636363636,13.6363636363636,0,0,100,100,0,0,100,100,13.6363636363636,13.6363636363636,100,100,3,3
1978,"artisancommercantpdg","RPR/UMP/LR",13,7.47126436781609,7.69230769230769,0,58.1538461538462,55,45.0639600267392,39.3939393939394,7.69230769230769,0,100,100,0,0,46.1538461538462,0,45.0639600267392,39.3939393939394,23.0769230769231,0,13.8461538461538,13
1978,"artisancommercantpdg","UDF/MODEM/UDI/NC/Dém",7,5.03597122302158,0,0,58,57,48.3388192267503,57.5757575757576,0,0,100,100,0,0,71.4285714285714,100,48.3388192267503,57.5757575757576,14.2857142857143,0,15,19
1978,"cadsupprive","Communiste",3,3.40909090909091,33.3333333333333,0,42.3333333333333,44,24.3508771929825,21.0526315789474,0,0,100,100,0,0,66.6666666666667,100,24.3508771929825,21.0526315789474,33.3333333333333,0,5.66666666666667,4
1978,"cadsupprive","Non-inscrits",1,7.14285714285714,0,0,45,45,25,25,0,0,100,100,0,0,0,0,25,25,0,0,5,5
1978,"cadsupprive","RPR/UMP/LR",29,16.6666666666667,0,0,54.9310344827586,57,44.5468229088919,48.4848484848485,20.6896551724138,0,100,100,0,0,72.4137931034483,100,43.0131744105604,48.4848484848485,34.4827586206897,0,13.4137931034483,16
1978,"cadsupprive","Socialiste",13,10.7438016528926,0,0,44.5384615384615,42,28.6090753154114,21.7391304347826,0,0,100,100,0,0,76.9230769230769,100,28.6090753154114,21.7391304347826,61.5384615384615,100,6.84615384615385,5
1978,"cadsupprive","UDF/MODEM/UDI/NC/Dém",29,20.863309352518,3.44827586206897,0,48.7586206896552,51,38.6512942639234,33.3333333333333,20.6896551724138,0,100,100,0,0,72.4137931034483,100,36.6196992240049,33.3333333333333,58.6206896551724,100,9.6551724137931,7
1978,"cadsuppub","Communiste",11,12.5,18.1818181818182,0,49.5454545454545,48,29.0012490803005,25,0,0,100,100,0,0,54.5454545454545,100,29.0012490803005,25,54.5454545454545,100,8.09090909090909,6
1978,"cadsuppub","Non-inscrits",4,28.5714285714286,0,0,52.5,54.5,51.6882535027696,49.7474747474747,25,0,100,100,0,0,100,100,44.5453963599125,42.6587301587302,0,0,14.5,15
1978,"cadsuppub","RPR/UMP/LR",58,33.3333333333333,1.72413793103448,0,51.8448275862069,53,55.5778533699897,57.9796264855688,43.1034482758621,0,100,100,0,0,82.7586206896552,100,49.2314182000648,51.5151515151515,32.7586206896552,0,14.2241379310345,13
1978,"cadsuppub","Socialiste",51,42.1487603305785,0,0,46.3921568627451,44,40.6608073773278,35.7142857142857,9.80392156862745,0,100,100,0,0,90.1960784313726,100,39.4543995170699,34.375,47.0588235294118,0,8.98039215686275,7
1978,"cadsuppub","UDF/MODEM/UDI/NC/Dém",41,29.4964028776978,0,0,49.0975609756098,50,36.6201045748849,30,41.4634146341463,0,100,100,0,0,70.7317073170732,100,30.346776036843,21.2121212121212,51.219512195122,100,8.87804878048781,7
1978,"collab","RPR/UMP/LR",4,2.29885057471264,0,0,43.25,44.5,83.8348214285714,84.8571428571428,100,100,0,0,0,0,100,100,59.7723214285714,51.6875,25,0,14,16.5
1978,"collab","Socialiste",3,2.47933884297521,0,0,46.3333333333333,48,21.6891554222888,17.2413793103448,66.6666666666667,100,0,0,0,0,66.6666666666667,100,12.7436281859071,3.44827586206897,66.6666666666667,100,5.33333333333333,5
1978,"collab","UDF/MODEM/UDI/NC/Dém",3,2.15827338129496,0,0,41.3333333333333,44,46.338067390699,26.3157894736842,66.6666666666667,100,0,0,0,0,66.6666666666667,100,42.6343636869953,26.3157894736842,33.3333333333333,0,6,5
1978,"employe","Communiste",45,51.1363636363636,13.3333333333333,0,54.1333333333333,54,47.7552720922175,48.1481481481481,0,0,0,0,100,100,82.2222222222222,100,47.7552720922175,48.1481481481481,24.4444444444444,0,13.8666666666667,13
1978,"employe","RPR/UMP/LR",3,1.72413793103448,0,0,56.6666666666667,61,38.5858585858586,48.4848484848485,0,0,0,0,100,100,100,100,38.5858585858586,48.4848484848485,33.3333333333333,0,12.3333333333333,16
1978,"employe","Socialiste",3,2.47933884297521,0,0,53.6666666666667,56,45.3684308523018,35.7142857142857,0,0,0,0,100,100,66.6666666666667,100,45.3684308523018,35.7142857142857,33.3333333333333,0,12.6666666666667,5
1978,"employe","UDF/MODEM/UDI/NC/Dém",3,2.15827338129496,0,0,57.6666666666667,58,34.622082897945,39.3939393939394,0,0,0,0,100,100,100,100,34.622082897945,39.3939393939394,33.3333333333333,0,11.3333333333333,13
1978,"NA","Communiste",2,2.27272727272727,50,50,41.5,41.5,1.78571428571428,1.78571428571428,0,0,0,0,0,0,50,50,1.78571428571428,1.78571428571428,100,100,0.5,0.5
1978,"NA","Non-inscrits",1,7.14285714285714,0,0,35,35,0,0,0,0,0,0,0,0,0,0,0,0,100,100,0,0
1978,"NA","RPR/UMP/LR",1,0.574712643678161,100,100,65,65,93.9393939393939,93.9393939393939,0,0,0,0,0,0,100,100,93.9393939393939,93.9393939393939,0,0,31,31
1978,"profinter","Communiste",22,25,9.09090909090909,0,47.9090909090909,46,48.3837886321703,46.2121212121212,9.09090909090909,0,0,0,100,100,90.9090909090909,100,46.947346286637,46.2121212121212,50,50,12.4090909090909,11
1978,"profinter","Non-inscrits",3,21.4285714285714,33.3333333333333,0,54,55,29.1919191919192,24.2424242424242,0,0,0,0,100,100,66.6666666666667,100,29.1919191919192,24.2424242424242,66.6666666666667,100,9,8
1978,"profinter","RPR/UMP/LR",13,7.47126436781609,0,0,51.6153846153846,51,48.2885148193435,50,7.69230769230769,0,0,0,100,100,92.3076923076923,100,47.6474891783179,50,38.4615384615385,0,12,11
1978,"profinter","Socialiste",29,23.9669421487603,3.44827586206897,0,50,54,49.6901157681391,40.625,0,0,0,0,100,100,89.6551724137931,100,49.6901157681391,40.625,37.9310344827586,0,12.3793103448276,9
1978,"profinter","UDF/MODEM/UDI/NC/Dém",10,7.19424460431655,10,0,52.7,55,36.8667557932264,31.5151515151515,20,0,0,0,100,100,90,100,34.042513368984,25,60,100,8.9,7.5
1978,"proflib","Communiste",2,2.27272727272727,50,50,39.5,39.5,65.2173913043478,65.2173913043478,0,0,100,100,0,0,50,50,65.2173913043478,65.2173913043478,50,50,6.5,6.5
1978,"proflib","Non-inscrits",3,21.4285714285714,0,0,61,63,40.5844155844156,42.4242424242424,0,0,100,100,0,0,100,100,40.5844155844156,42.4242424242424,33.3333333333333,0,13.3333333333333,14
1978,"proflib","RPR/UMP/LR",41,23.5632183908046,0,0,56.9268292682927,57,54.017447468513,55.1724137931034,2.4390243902439,0,100,100,0,0,75.609756097561,100,53.7957179784909,55.1724137931034,12.1951219512195,0,16.5121951219512,16
1978,"proflib","Socialiste",22,18.1818181818182,4.54545454545455,0,50.8636363636364,50.5,41.4114120093304,36.1111111111111,0,0,100,100,0,0,77.2727272727273,100,41.4114120093304,36.1111111111111,45.4545454545455,0,10.3181818181818,7
1978,"proflib","UDF/MODEM/UDI/NC/Dém",35,25.1798561151079,0,0,52.4,54,51.6066356509439,57.5757575757576,2.85714285714286,0,100,100,0,0,88.5714285714286,100,51.1984723856377,57.5757575757576,34.2857142857143,0,14.5428571428571,15
1978,"Total","Communiste",88,100,14.7727272727273,0,51.0227272727273,52,43.8658276349128,41.8859649122807,2.27272727272727,0,21.5909090909091,0,76.1363636363636,100,78.4090909090909,100,43.5067170485294,41.8859649122807,37.5,0,12,8.5
1978,"Total","Non-inscrits",14,100,7.14285714285714,0,53.7857142857143,54,37.0253389723436,35.5734767025089,7.14285714285714,0,71.4285714285714,100,21.4285714285714,0,78.5714285714286,100,34.984522645813,35.5734767025089,35.7142857142857,0,11,9
1978,"Total","RPR/UMP/LR",174,100,1.72413793103448,0,53.8390804597701,55,52.5086749691722,56.3492063492063,21.8390804597701,0,87.9310344827586,100,9.19540229885057,0,78.7356321839081,100,49.4842882523245,51.6129032258065,28.735632183908,0,14.3908045977012,13.5
1978,"Total","Socialiste",121,100,1.65289256198347,0,48.0495867768595,47,41.3128622780921,35.7142857142857,5.78512396694215,0,71.0743801652893,100,26.4462809917355,0,85.1239669421488,100,40.5825863889822,35.7142857142857,46.2809917355372,0,9.8099173553719,7
1978,"Total","UDF/MODEM/UDI/NC/Dém",139,100,1.43884892086331,0,50.5107913669065,52,44.1798347076092,41.1764705882353,20.1438848920863,0,88.4892086330935,100,9.35251798561151,0,79.136690647482,100,41.5196766079214,40.625,46.7625899280576,0,11.294964028777,10
1997,"agri","Communiste",3,7.31707317073171,0,0,60.6666666666667,64,75.4124428543033,82.051282051282,0,0,100,100,0,0,100,100,75.4124428543033,82.051282051282,66.6666666666667,100,25.3333333333333,25
1997,"agri","Radical",1,2.7027027027027,0,0,43,43,100,100,0,0,100,100,0,0,100,100,100,100,100,100,18,18
1997,"agri","RPR/UMP/LR",8,5.09554140127389,0,0,56.875,60,52.5994872165246,49.8214285714285,0,0,100,100,0,0,87.5,100,52.5994872165246,49.8214285714285,0,0,17.5,18.5
1997,"agri","Socialiste",3,1.03092783505155,0,0,50.3333333333333,50,73.3333333333333,80,0,0,100,100,0,0,100,100,73.3333333333333,80,66.6666666666667,100,19.6666666666667,20
1997,"agri","UDF/MODEM/UDI/NC/Dém",3,2.4390243902439,0,0,56.6666666666667,57,93.3333333333333,100,0,0,100,100,0,0,100,100,93.3333333333333,100,0,0,29,32
1997,"artisancommercantpdg","Communiste",1,2.4390243902439,0,0,56,56,64.5161290322581,64.5161290322581,0,0,100,100,0,0,100,100,64.5161290322581,64.5161290322581,100,100,20,20
1997,"artisancommercantpdg","Non-inscrits",3,60,0,0,52,51,57.2080546265329,47.8260869565217,0,0,100,100,0,0,100,100,57.2080546265329,47.8260869565217,33.3333333333333,0,15.3333333333333,15
1997,"artisancommercantpdg","Radical",1,2.7027027027027,100,100,49,49,58.3333333333333,58.3333333333333,0,0,100,100,0,0,100,100,58.3333333333333,58.3333333333333,100,100,14,14
1997,"artisancommercantpdg","RPR/UMP/LR",21,13.3757961783439,4.76190476190476,0,52.0476190476191,54,52.6232543769521,47.5,4.76190476190476,0,100,100,0,0,90.4761904761905,100,52.6232543769521,47.5,42.8571428571429,0,14.5238095238095,15
1997,"artisancommercantpdg","Socialiste",3,1.03092783505155,0,0,54.6666666666667,59,62.6877651645454,58.8235294117647,0,0,100,100,0,0,100,100,62.6877651645454,58.8235294117647,66.6666666666667,100,18,20
1997,"artisancommercantpdg","UDF/MODEM/UDI/NC/Dém",9,7.31707317073171,0,0,55.5555555555556,56,63.9142263933435,68.9655172413793,11.1111111111111,0,100,100,0,0,100,100,61.8940243731415,68.9655172413793,0,0,19.1111111111111,15
1997,"cadsupprive","Radical",5,13.5135135135135,0,0,57.4,59,46.7657468392762,43.75,0,0,100,100,0,0,100,100,46.7657468392762,43.75,40,0,15.4,14
1997,"cadsupprive","RPR/UMP/LR",25,15.9235668789809,4,0,53.4,54,62.6656465767937,64.5833333333333,32,0,100,100,0,0,96,100,59.4935012500321,57.1428571428571,16,0,17.08,16
1997,"cadsupprive","Socialiste",35,12.0274914089347,11.4285714285714,0,50.7142857142857,50,60.1239735306152,63.3333333333333,25.7142857142857,0,100,100,0,0,97.1428571428571,100,58.7617403614854,60,54.2857142857143,100,15.0857142857143,14
1997,"cadsupprive","UDF/MODEM/UDI/NC/Dém",33,26.8292682926829,6.06060606060606,0,52.3939393939394,51,58.9983314686195,57.1428571428571,15.1515151515152,0,100,100,0,0,93.9393939393939,100,58.0973683966038,57.1428571428571,15.1515151515152,0,16.1515151515152,16
1997,"cadsuppub","Communiste",8,19.5121951219512,0,0,57.5,58,54.5411494570947,57.5367647058823,0,0,100,100,0,0,100,100,54.5411494570947,57.5367647058823,37.5,0,18.5,19.5
1997,"cadsuppub","Non-inscrits",1,20,0,0,61,61,72.2222222222222,72.2222222222222,0,0,100,100,0,0,100,100,72.2222222222222,72.2222222222222,100,100,26,26
1997,"cadsuppub","Radical",16,43.2432432432432,6.25,0,56,54.5,56.9661497414821,66.6666666666667,6.25,0,100,100,0,0,100,100,56.9661497414821,66.6666666666667,43.75,0,18.25,20
1997,"cadsuppub","RPR/UMP/LR",44,28.0254777070064,6.81818181818182,0,55.6590909090909,54.5,58.2261699763359,59.6296296296296,40.9090909090909,0,100,100,0,0,100,100,53.8194385154154,53.9259259259259,20.4545454545455,0,17.7954545454545,15
1997,"cadsuppub","Socialiste",129,44.3298969072165,17.0542635658915,0,52.1627906976744,52,56.7389548951006,58.5365853658537,23.2558139534884,0,100,100,0,0,92.2480620155039,100,52.82061702849,57.1428571428571,49.6124031007752,0,15.6899224806202,16
1997,"cadsuppub","UDF/MODEM/UDI/NC/Dém",36,29.2682926829268,8.33333333333333,0,54.9166666666667,54.5,63.0159247051748,66.6666666666667,55.5555555555556,100,100,100,0,0,91.6666666666667,100,59.3277272266707,66.0919540229885,16.6666666666667,0,18.75,18
1997,"collab","Communiste",2,4.8780487804878,50,50,47.5,47.5,26.5810276679842,26.5810276679842,0,0,0,0,0,0,100,100,26.5810276679842,26.5810276679842,100,100,6,6
1997,"collab","Radical",1,2.7027027027027,0,0,51,51,57.6923076923077,57.6923076923077,100,100,0,0,0,0,100,100,15.3846153846154,15.3846153846154,100,100,15,15
1997,"collab","RPR/UMP/LR",13,8.28025477707006,7.69230769230769,0,47.8461538461538,50,85.7364131594901,88.8888888888889,100,100,0,0,0,0,100,100,68.0887072891122,68.1818181818182,0,0,19.6153846153846,19
1997,"collab","Socialiste",29,9.96563573883162,20.6896551724138,0,43.448275862069,44,77.6325966742682,85,89.6551724137931,100,0,0,0,0,82.7586206896552,100,53.4094801623487,55,58.6206896551724,100,14.6551724137931,15
1997,"collab","UDF/MODEM/UDI/NC/Dém",7,5.69105691056911,14.2857142857143,0,49.4285714285714,53,87.0663265306122,89.2857142857143,100,100,0,0,0,0,100,100,62.3640545961974,70,14.2857142857143,0,20.7142857142857,20
1997,"employe","Communiste",1,2.4390243902439,100,100,55,55,50,50,0,0,0,0,100,100,100,100,50,50,0,0,15,15
1997,"employe","Radical",1,2.7027027027027,100,100,60,60,42.8571428571429,42.8571428571429,0,0,0,0,100,100,100,100,42.8571428571429,42.8571428571429,0,0,15,15
1997,"employe","Socialiste",4,1.3745704467354,50,50,50.75,51,64.7084367245658,64.0322580645162,0,0,0,0,100,100,100,100,64.7084367245658,64.0322580645162,50,50,16.5,16
1997,"NA","Radical",1,2.7027027027027,0,0,36,36,18.1818181818182,18.1818181818182,0,0,0,0,0,0,100,100,18.1818181818182,18.1818181818182,100,100,2,2
1997,"NA","RPR/UMP/LR",1,0.636942675159236,0,0,42,42,82.3529411764706,82.3529411764706,0,0,0,0,0,0,100,100,82.3529411764706,82.3529411764706,0,0,14,14
1997,"NA","Socialiste",2,0.687285223367698,50,50,45.5,45.5,68.3333333333333,68.3333333333333,0,0,0,0,0,0,100,100,68.3333333333333,68.3333333333333,0,0,14,14
1997,"ouvrier","Communiste",8,19.5121951219512,12.5,0,54,54,48.5023841525858,53.3333333333333,0,0,0,0,100,100,87.5,100,48.5023841525858,53.3333333333333,50,50,15.125,15.5
1997,"ouvrier","Socialiste",1,0.343642611683849,0,0,60,60,60,60,0,0,0,0,100,100,100,100,60,60,100,100,21,21
1997,"ouvrier","UDF/MODEM/UDI/NC/Dém",1,0.813008130081301,0,0,57,57,100,100,0,0,0,0,100,100,100,100,100,100,0,0,32,32
1997,"profinter","Communiste",16,39.0243902439024,0,0,53.6875,52.5,69.0430695890938,69.6178937558248,0,0,0,0,100,100,93.75,100,69.0430695890938,69.6178937558248,43.75,0,19.5,20
1997,"profinter","Non-inscrits",1,20,0,0,61,61,38.8888888888889,38.8888888888889,100,100,0,0,100,100,100,100,36.1111111111111,36.1111111111111,100,100,14,14
1997,"profinter","Radical",5,13.5135135135135,20,0,54,54,53.6954769368563,61.9047619047619,0,0,0,0,100,100,100,100,53.6954769368563,61.9047619047619,60,100,14.4,15
1997,"profinter","RPR/UMP/LR",12,7.64331210191083,8.33333333333333,0,52.75,51.5,63.3954752371305,65.1923076923077,16.6666666666667,0,0,0,100,100,100,100,63.3954752371305,65.1923076923077,25,0,17.8333333333333,16
1997,"profinter","Socialiste",52,17.8694158075601,17.3076923076923,0,51.3846153846154,51,56.3031734546588,60.8695652173913,3.84615384615385,0,0,0,100,100,96.1538461538462,100,56.1429170444024,59.7451274362818,65.3846153846154,100,14.5384615384615,14
1997,"profinter","UDF/MODEM/UDI/NC/Dém",5,4.0650406504065,0,0,51.4,52,71.3742919389978,74.0740740740741,40,0,0,0,100,100,100,100,71.3742919389978,74.0740740740741,20,0,19,15
1997,"proflib","Communiste",2,4.8780487804878,50,50,49,49,73.9130434782608,73.9130434782608,0,0,100,100,0,0,100,100,73.9130434782608,73.9130434782608,50,50,18,18
1997,"proflib","Radical",6,16.2162162162162,16.6666666666667,0,54.3333333333333,52.5,63.2808749516066,61.1666666666667,0,0,100,100,0,0,100,100,63.2808749516066,61.1666666666667,50,50,18.6666666666667,18
1997,"proflib","RPR/UMP/LR",33,21.0191082802548,6.06060606060606,0,55.9393939393939,56,56.0559174823332,50,6.06060606060606,0,100,100,0,0,100,100,55.8604140610233,50,12.1212121212121,0,17.030303030303,14
1997,"proflib","Socialiste",33,11.340206185567,9.09090909090909,0,51.1818181818182,51,53.423582589178,53.8461538461538,9.09090909090909,0,100,100,0,0,90.9090909090909,100,52.3196864852819,53.8461538461538,54.5454545454545,100,14.9090909090909,14
1997,"proflib","UDF/MODEM/UDI/NC/Dém",29,23.5772357723577,6.89655172413793,0,53.9310344827586,53,60.1221379182067,58.8235294117647,10.3448275862069,0,100,100,0,0,96.551724137931,100,59.5698804693975,58.8235294117647,24.1379310344828,0,17.6551724137931,20
1997,"Total","Communiste",41,100,9.75609756097561,0,54.5609756097561,54,60.2629020046489,63.6363636363636,0,0,34.1463414634146,0,60.9756097560976,100,95.1219512195122,100,60.2629020046489,63.6363636363636,48.780487804878,0,18.0487804878049,20
1997,"Total","Non-inscrits",5,100,0,0,55.6,57,56.5470549981419,47.8260869565217,20,0,80,100,20,0,100,100,55.9914994425864,47.8260869565217,60,100,17.2,15
1997,"Total","Radical",37,100,13.5135135135135,0,54.5405405405405,54,55.9598477437464,61.7647058823529,5.40540540540541,0,78.3783783783784,100,16.2162162162162,0,100,100,54.8163966002953,61.7647058823529,51.3513513513514,100,16.6756756756757,16
1997,"Total","RPR/UMP/LR",157,100,5.73248407643312,0,53.9808917197452,53,60.2674788219058,60,28.0254777070064,0,83.4394904458599,100,7.64331210191083,0,97.4522292993631,100,57.0249845119206,56,18.4713375796178,0,17.1974522292994,15
1997,"Total","Socialiste",291,100,16.1512027491409,0,50.8384879725086,51,59.207273239646,60.8695652173913,24.0549828178694,0,69.7594501718213,100,19.5876288659794,0,92.7835051546392,100,54.7386270907804,57.6923076923077,54.639175257732,100,15.3024054982818,15
1997,"Total","UDF/MODEM/UDI/NC/Dém",123,100,6.50406504065041,0,53.6585365853659,53,64.0701139059195,66.6666666666667,30.8943089430894,0,89.4308943089431,100,4.8780487804878,0,95.1219512195122,100,61.0650726185955,65.5172413793103,16.260162601626,0,18.3008130081301,20
2007,"agri","RPR/UMP/LR",13,3.5230352303523,0,0,54.3076923076923,55,64.761175852533,68.5714285714286,0,0,100,100,0,0,92.3076923076923,100,64.761175852533,68.5714285714286,38.4615384615385,0,18.3846153846154,21
2007,"agri","Socialiste",5,2.38095238095238,40,0,56.6,59,52.1218487394958,60,0,0,100,100,0,0,100,100,52.1218487394958,60,60,100,16.8,18
2007,"artisancommercantpdg","RPR/UMP/LR",33,8.94308943089431,3.03030303030303,0,55.5454545454545,56,64.7174010367452,66.6666666666667,9.09090909090909,0,100,100,0,0,100,100,63.3602396795838,66.6666666666667,18.1818181818182,0,19.8787878787879,19
2007,"artisancommercantpdg","Socialiste",3,1.42857142857143,66.6666666666667,100,51.6666666666667,51,67.5824175824176,64.2857142857143,0,0,100,100,0,0,100,100,67.5824175824176,64.2857142857143,100,100,18,18
2007,"artisancommercantpdg","UDF/MODEM/UDI/NC/Dém",1,3.84615384615385,0,0,61,61,36.1111111111111,36.1111111111111,0,0,100,100,0,0,100,100,36.1111111111111,36.1111111111111,100,100,13,13
2007,"cadsupprive","Communiste",1,3.84615384615385,0,0,72,72,53.3333333333333,53.3333333333333,0,0,100,100,0,0,100,100,53.3333333333333,53.3333333333333,0,0,24,24
2007,"cadsupprive","RPR/UMP/LR",74,20.0542005420054,17.5675675675676,0,54.7837837837838,55,64.5708394726803,67.948717948718,14.8648648648649,0,100,100,0,0,97.2972972972973,100,63.3213596947322,66.6666666666667,22.972972972973,0,19.3378378378378,19
2007,"cadsupprive","Socialiste",17,8.09523809523809,23.5294117647059,0,55,56,72.5179607984023,78.9473684210526,23.5294117647059,0,100,100,0,0,100,100,67.8356668281826,72.972972972973,23.5294117647059,0,21.2352941176471,24
2007,"cadsupprive","UDF/MODEM/UDI/NC/Dém",8,30.7692307692308,0,0,50.75,50,70.0597534266432,65.7657657657658,0,0,100,100,0,0,100,100,70.0597534266432,65.7657657657658,0,0,17.625,18
2007,"cadsuppub","Communiste",5,19.2307692307692,0,0,60.6,59,70.7826797385621,80,0,0,100,100,0,0,100,100,70.7826797385621,80,0,0,25,24
2007,"cadsuppub","Non-inscrits",3,37.5,0,0,54.3333333333333,56,64.3667861409797,66.6666666666667,66.6666666666667,100,100,100,0,0,100,100,57.9663765147636,57.1428571428571,33.3333333333333,0,18.3333333333333,14
2007,"cadsuppub","RPR/UMP/LR",91,24.6612466124661,14.2857142857143,0,56.2197802197802,58,60.4999887289366,60,35.1648351648352,0,100,100,0,0,93.4065934065934,100,57.2955027825007,56.25,21.978021978022,0,18.956043956044,18
2007,"cadsuppub","Socialiste",88,41.9047619047619,22.7272727272727,0,56.0568181818182,57.5,68.1620748984362,70.5882352941177,32.9545454545455,0,100,100,0,0,96.5909090909091,100,64.4016940003628,67.6190476190476,35.2272727272727,0,21.0113636363636,24
2007,"cadsuppub","UDF/MODEM/UDI/NC/Dém",9,34.6153846153846,0,0,59,57,65.3026363802226,62.0689655172414,33.3333333333333,0,100,100,0,0,88.8888888888889,100,63.3581919357781,62.0689655172414,0,0,21.7777777777778,22
2007,"collab","Communiste",2,7.69230769230769,50,50,46,46,75.7575757575758,75.7575757575758,50,50,0,0,0,0,100,100,59.0909090909091,59.0909090909091,50,50,13,13
2007,"collab","Non-inscrits",1,12.5,100,100,44,44,94.7368421052632,94.7368421052632,100,100,0,0,0,0,100,100,94.7368421052632,94.7368421052632,0,0,18,18
2007,"collab","RPR/UMP/LR",50,13.550135501355,12,0,49.82,49,81.5588330813678,87.6518218623482,94,100,0,0,0,0,98,100,62.9865255332518,64.1876430205949,30,0,20.4,20
2007,"collab","Socialiste",35,16.6666666666667,20,0,49.8285714285714,53,86.940445539488,90,91.4285714285714,100,0,0,0,0,88.5714285714286,100,60.6634932303188,69.2307692307692,31.4285714285714,0,21.4285714285714,23
2007,"collab","UDF/MODEM/UDI/NC/Dém",4,15.3846153846154,0,0,43.5,44,100,100,100,100,0,0,0,0,100,100,84.7437888198758,81.9875776397515,25,0,18.5,19
2007,"employe","Communiste",3,11.5384615384615,33.3333333333333,0,59.3333333333333,61,64.1741741741742,83.3333333333333,33.3333333333333,0,0,0,100,100,100,100,64.1741741741742,83.3333333333333,0,0,23,30
2007,"employe","RPR/UMP/LR",3,0.813008130081301,66.6666666666667,100,50.3333333333333,51,71.7948717948718,69.2307692307692,0,0,0,0,100,100,100,100,71.7948717948718,69.2307692307692,33.3333333333333,0,18,18
2007,"employe","Socialiste",2,0.952380952380952,100,100,57.5,57.5,54.6489563567362,54.6489563567362,0,0,0,0,100,100,100,100,54.6489563567362,54.6489563567362,0,0,18,18
2007,"NA","RPR/UMP/LR",8,2.1680216802168,50,50,48.875,50.5,69.4548611111111,81.9444444444445,25,0,0,0,0,0,87.5,100,65.6087072649573,81.9444444444445,50,50,17.375,18
2007,"NA","UDF/MODEM/UDI/NC/Dém",1,3.84615384615385,100,100,75,75,66.6666666666667,66.6666666666667,0,0,0,0,0,0,100,100,66.6666666666667,66.6666666666667,100,100,30,30
2007,"ouvrier","Communiste",2,7.69230769230769,0,0,61.5,61.5,78.3410138248848,78.3410138248848,0,0,0,0,100,100,100,100,78.3410138248848,78.3410138248848,50,50,29,29
2007,"ouvrier","RPR/UMP/LR",1,0.2710027100271,0,0,67,67,100,100,0,0,0,0,100,100,100,100,100,100,0,0,42,42
2007,"ouvrier","Socialiste",2,0.952380952380952,0,0,58.5,58.5,59.6774193548387,59.6774193548387,0,0,0,0,100,100,100,100,59.6774193548387,59.6774193548387,50,50,21,21
2007,"profinter","Communiste",12,46.1538461538462,25,0,58.3333333333333,59,75.3921769620892,77.5240384615385,0,0,0,0,100,100,100,100,75.3921769620892,77.5240384615385,41.6666666666667,0,25.25,24.5
2007,"profinter","Non-inscrits",2,25,0,0,46.5,46.5,100,100,0,0,0,0,100,100,100,100,100,100,50,50,21.5,21.5
2007,"profinter","RPR/UMP/LR",29,7.85907859078591,31.0344827586207,0,51.6896551724138,53,65.0338090996189,70.5882352941177,17.2413793103448,0,0,0,100,100,93.1034482758621,100,64.4590964559408,70.5882352941177,20.6896551724138,0,18.0344827586207,18
2007,"profinter","Socialiste",36,17.1428571428571,41.6666666666667,0,57.25,57.5,61.5602309974006,65.3846153846154,8.33333333333333,0,0,0,100,100,100,100,59.1940786312482,63.0857648099028,50,50,20.1944444444444,19.5
2007,"profinter","UDF/MODEM/UDI/NC/Dém",1,3.84615384615385,0,0,62,62,81.0810810810811,81.0810810810811,0,0,0,0,100,100,100,100,81.0810810810811,81.0810810810811,100,100,30,30
2007,"proflib","Communiste",1,3.84615384615385,100,100,60,60,100,100,0,0,100,100,0,0,100,100,100,100,0,0,35,35
2007,"proflib","Non-inscrits",2,25,0,0,52,52,87.7840909090909,87.7840909090909,50,50,100,100,0,0,100,100,76.4204545454546,76.4204545454546,50,50,24,24
2007,"proflib","RPR/UMP/LR",67,18.1571815718157,14.9253731343284,0,58.044776119403,59,62.7504209350802,66.6666666666667,5.97014925373134,0,100,100,0,0,98.5074626865672,100,61.8774513179705,66.6666666666667,20.8955223880597,0,20.6865671641791,22
2007,"proflib","Socialiste",22,10.4761904761905,22.7272727272727,0,55.5454545454545,56.5,57.1540499656716,51.0869565217392,18.1818181818182,0,100,100,0,0,90.9090909090909,100,55.3084806742819,51.0869565217392,31.8181818181818,0,17.5909090909091,15.5
2007,"proflib","UDF/MODEM/UDI/NC/Dém",2,7.69230769230769,0,0,48,48,75,75,0,0,100,100,0,0,100,100,75,75,50,50,17,17
2007,"Total","Communiste",26,100,23.0769230769231,0,58.7692307692308,59,73.564329125333,79.0625,7.69230769230769,0,26.9230769230769,0,65.3846153846154,100,100,100,72.2822778432817,77.5240384615385,26.9230769230769,0,24.6153846153846,24
2007,"Total","Non-inscrits",8,100,12.5,0,50.5,49.5,82.925672793298,92.0362903225806,50,50,62.5,100,25,0,100,100,77.6846100925579,87.1975806451613,37.5,0,20.5,18
2007,"Total","RPR/UMP/LR",369,100,15.7181571815718,0,54.7344173441734,56,65.8551068847921,68.4210526315789,28.1842818428184,0,75.3387533875339,100,8.94308943089431,0,96.2059620596206,100,61.8892632840654,64.2857142857143,23.8482384823848,0,19.5528455284553,19
2007,"Total","Socialiste",210,100,27.1428571428571,0,55.0714285714286,56,68.7597627692209,72.10433244916,34.2857142857143,0,64.2857142857143,100,19.047619047619,0,95.7142857142857,100,61.8264777361867,66.6666666666667,37.1428571428571,0,20.4285714285714,21
2007,"Total","UDF/MODEM/UDI/NC/Dém",26,100,3.84615384615385,0,54.0384615384615,53.5,72.3869466805388,70,26.9230769230769,0,76.9230769230769,100,3.84615384615385,0,96.1538461538462,100,69.366760345135,70,19.2307692307692,0,19.9230769230769,18
2012,"agri","Écologiste",1,5.55555555555556,100,100,56,56,0,0,0,0,100,100,0,0,0,0,0,0,100,100,0,0
2012,"agri","RPR/UMP/LR",7,3.46534653465347,0,0,57.1428571428571,56,76.8016477278148,76.0869565217391,0,0,100,100,0,0,100,100,76.8016477278148,76.0869565217391,14.2857142857143,0,24,23
2012,"agri","Socialiste",10,3.05810397553517,40,0,59,59,52.4864041817752,50.8482142857143,0,0,100,100,0,0,100,100,52.4864041817752,50.8482142857143,50,50,18.2,17
2012,"artisancommercantpdg","Communiste",1,6.66666666666667,0,0,51,51,30.7692307692308,30.7692307692308,0,0,100,100,0,0,100,100,30.7692307692308,30.7692307692308,100,100,8,8
2012,"artisancommercantpdg","Non-inscrits",1,11.1111111111111,0,0,57,57,100,100,0,0,100,100,0,0,100,100,100,100,0,0,32,32
2012,"artisancommercantpdg","Radical",1,5,0,0,35,35,40,40,0,0,100,100,0,0,100,100,40,40,100,100,4,4
2012,"artisancommercantpdg","RPR/UMP/LR",15,7.42574257425743,0,0,58.4,59,62.836514971532,63.0434782608696,6.66666666666667,0,100,100,0,0,100,100,62.836514971532,63.0434782608696,6.66666666666667,0,20.8,23
2012,"artisancommercantpdg","Socialiste",4,1.22324159021407,75,100,52.25,55,46.8666784642869,46.384872080089,0,0,100,100,0,0,100,100,46.8666784642869,46.384872080089,50,50,13.75,14
2012,"artisancommercantpdg","UDF/MODEM/UDI/NC/Dém",1,3.125,0,0,50,50,16,16,0,0,100,100,0,0,100,100,16,16,100,100,4,4
2012,"cadsupprive","Écologiste",4,22.2222222222222,75,100,48.75,47,41.5954415954416,49.8575498575498,0,0,100,100,0,0,75,100,41.5954415954416,49.8575498575498,75,100,10.5,9.5
2012,"cadsupprive","Non-inscrits",1,11.1111111111111,100,100,49,49,95.8333333333333,95.8333333333333,100,100,100,100,0,0,100,100,95.8333333333333,95.8333333333333,0,0,23,23
2012,"cadsupprive","RPR/UMP/LR",41,20.2970297029703,9.75609756097561,0,55.4146341463415,56,75.2009395399068,79.3103448275862,29.2682926829268,0,100,100,0,0,95.1219512195122,100,71.0582448895182,71.4285714285714,14.6341463414634,0,22.3658536585366,23
2012,"cadsupprive","Socialiste",53,16.2079510703364,20.7547169811321,0,54.2452830188679,55,58.6316514238009,65.3846153846154,32.0754716981132,0,100,100,0,0,86.7924528301887,100,53.1088708831455,56.0975609756098,56.6037735849057,100,18.3018867924528,20
2012,"cadsupprive","UDF/MODEM/UDI/NC/Dém",9,28.125,11.1111111111111,0,52.4444444444444,51,56.8596366684231,69.047619047619,0,0,100,100,0,0,77.7777777777778,100,56.8596366684231,69.047619047619,33.3333333333333,0,17.1111111111111,23
2012,"cadsuppub","Communiste",5,33.3333333333333,0,0,63.6,62,72.8402439706788,83.3333333333333,0,0,100,100,0,0,100,100,72.8402439706788,83.3333333333333,20,0,28.8,35
2012,"cadsuppub","Écologiste",5,27.7777777777778,60,100,53.6,50,32.2729138166895,32.5,0,0,100,100,0,0,60,100,32.2729138166895,32.5,100,100,9.4,13
2012,"cadsuppub","Non-inscrits",2,22.2222222222222,0,0,60,60,66.0839160839161,66.0839160839161,50,50,100,100,0,0,100,100,62.2377622377623,62.2377622377623,0,0,22.5,22.5
2012,"cadsuppub","Radical",7,35,14.2857142857143,0,59,64,69.6280021196965,74.3589743589744,14.2857142857143,0,100,100,0,0,100,100,69.6280021196965,74.3589743589744,42.8571428571429,0,23,29
2012,"cadsuppub","RPR/UMP/LR",51,25.2475247524752,17.6470588235294,0,53.8039215686275,54,62.3470737264389,66.6666666666667,39.2156862745098,0,100,100,0,0,94.1176470588235,100,57.6351680850691,60.5263157894737,29.4117647058824,0,18.6274509803922,19
2012,"cadsuppub","Socialiste",94,28.7461773700306,36.1702127659574,0,54,55.5,57.6406945453371,64.2857142857143,34.0425531914894,0,100,100,0,0,91.4893617021277,100,53.2698208973107,57.3591253153911,54.2553191489362,100,17.2553191489362,17
2012,"cadsuppub","UDF/MODEM/UDI/NC/Dém",5,15.625,0,0,58.8,60,83.4964166268514,88.4615384615385,60,100,100,100,0,0,100,100,83.4964166268514,88.4615384615385,0,0,28,26
2012,"collab","Communiste",3,20,33.3333333333333,0,51.3333333333333,47,68.341307814992,68.1818181818182,66.6666666666667,100,0,0,0,0,100,100,55.2631578947369,57.8947368421053,66.6666666666667,100,17.3333333333333,15
2012,"collab","Écologiste",4,22.2222222222222,25,0,42,40.5,88.421568627451,85.6666666666667,100,100,0,0,0,0,75,100,46.936974789916,54.5882352941177,75,100,15,14
2012,"collab","Non-inscrits",2,22.2222222222222,50,50,44,44,88.4615384615385,88.4615384615385,50,50,0,0,0,0,100,100,55.1282051282051,55.1282051282051,50,50,16,16
2012,"collab","Radical",3,15,33.3333333333333,0,43.6666666666667,48,79.7101449275362,100,100,100,0,0,0,0,66.6666666666667,100,31.1594202898551,43.4782608695652,66.6666666666667,100,14,10
2012,"collab","RPR/UMP/LR",25,12.3762376237624,4,0,49.88,50,90.9934157026572,95.6521739130435,100,100,0,0,0,0,100,100,72.0127532257295,79.3103448275862,28,0,22.64,24
2012,"collab","Socialiste",56,17.1253822629969,25,0,46.4285714285714,44.5,77.5760574779627,86.6666666666667,96.4285714285714,100,0,0,0,0,91.0714285714286,100,50.6729735952763,47.2222222222222,58.9285714285714,100,16.8571428571429,15
2012,"collab","UDF/MODEM/UDI/NC/Dém",9,28.125,0,0,50.4444444444444,52,94.5672660981337,100,88.8888888888889,100,0,0,0,0,100,100,77.7861595768838,82.7586206896552,11.1111111111111,0,25,27
2012,"employe","Communiste",1,6.66666666666667,0,0,60,60,65.7142857142857,65.7142857142857,0,0,0,0,100,100,100,100,65.7142857142857,65.7142857142857,0,0,23,23
2012,"employe","Socialiste",4,1.22324159021407,25,0,53.75,52.5,25.629052460949,24.8931623931624,0,0,0,0,100,100,75,100,25.629052460949,24.8931623931624,25,0,7.25,8
2012,"employe","UDF/MODEM/UDI/NC/Dém",1,3.125,100,100,64,64,43.5897435897436,43.5897435897436,0,0,0,0,100,100,100,100,43.5897435897436,43.5897435897436,100,100,17,17
2012,"NA","Non-inscrits",2,22.2222222222222,50,50,31.5,31.5,0,0,0,0,0,0,0,0,0,0,0,0,100,100,0,0
2012,"NA","RPR/UMP/LR",8,3.96039603960396,62.5,100,56.5,56.5,79.3341249515645,89.0625,25,0,0,0,0,0,100,100,76.1083184999516,89.0625,12.5,0,24.625,23
2012,"NA","Socialiste",4,1.22324159021407,50,50,63,65,39.3632180827303,40.8692933083177,25,0,0,0,0,0,100,100,39.3632180827303,40.8692933083177,100,100,14.5,13.5
2012,"profinter","Communiste",4,26.6666666666667,25,0,66.25,66.5,77.0085590817298,83.2234673698088,0,0,0,0,100,100,100,100,77.0085590817298,83.2234673698088,25,0,31.5,32.5
2012,"profinter","Écologiste",3,16.6666666666667,33.3333333333333,0,49.6666666666667,50,21.015873015873,19.047619047619,0,0,0,0,100,100,66.6666666666667,100,21.015873015873,19.047619047619,100,100,5,4
2012,"profinter","Radical",6,30,33.3333333333333,0,54.1666666666667,52.5,48.2783429394426,47.2408026755853,0,0,0,0,100,100,100,100,48.2783429394426,47.2408026755853,83.3333333333333,100,15.8333333333333,11.5
2012,"profinter","RPR/UMP/LR",15,7.42574257425743,33.3333333333333,0,56.3333333333333,55,56.2027993834443,63.8888888888889,13.3333333333333,0,0,0,100,100,86.6666666666667,100,56.0578718472125,63.0434782608696,6.66666666666667,0,18,20
2012,"profinter","Socialiste",73,22.3241590214067,53.4246575342466,100,57.8082191780822,59,55.520039740872,56.5217391304348,13.6986301369863,0,0,0,100,100,95.8904109589041,100,53.411403897557,52.2727272727273,56.1643835616438,100,18.5479452054795,17
2012,"profinter","UDF/MODEM/UDI/NC/Dém",4,12.5,0,0,52,47,63.6363636363637,77.2727272727273,0,0,0,0,100,100,75,100,63.6363636363637,77.2727272727273,50,50,13.75,17
2012,"proflib","Communiste",1,6.66666666666667,100,100,65,65,100,100,0,0,100,100,0,0,100,100,100,100,0,0,40,40
2012,"proflib","Écologiste",1,5.55555555555556,0,0,54,54,48.2758620689655,48.2758620689655,0,0,100,100,0,0,100,100,48.2758620689655,48.2758620689655,100,100,14,14
2012,"proflib","Non-inscrits",1,11.1111111111111,0,0,64,64,0,0,0,0,100,100,0,0,0,0,0,0,100,100,0,0
2012,"proflib","Radical",3,15,33.3333333333333,0,57.6666666666667,60,66.6614906832298,73.9130434782609,0,0,100,100,0,0,100,100,66.6614906832298,73.9130434782609,33.3333333333333,0,21.6666666666667,17
2012,"proflib","RPR/UMP/LR",40,19.8019801980198,7.5,0,58.375,60.5,66.0356173920514,63.0032206119163,5,0,100,100,0,0,100,100,65.9314507253847,63.0032206119163,15,0,22.2,23
2012,"proflib","Socialiste",29,8.86850152905199,34.4827586206897,0,56.5862068965517,60,60.2749273707791,60.7142857142857,13.7931034482759,0,100,100,0,0,96.551724137931,100,59.0011156438799,60.7142857142857,31.0344827586207,0,19.6551724137931,18
2012,"proflib","UDF/MODEM/UDI/NC/Dém",3,9.375,0,0,59,61,73.2939836388112,66.6666666666667,33.3333333333333,0,100,100,0,0,100,100,72.3680577128853,63.8888888888889,0,0,25.3333333333333,24
2012,"Total","Communiste",15,100,20,0,60.8666666666667,62,71.582859740587,81.0810810810811,13.3333333333333,0,46.6666666666667,0,33.3333333333333,0,100,100,68.967229756536,81.0810810810811,33.3333333333333,0,26.2,29
2012,"Total","Écologiste",18,100,50,50,49.4444444444444,50,44.0420050606446,45.2558139534883,22.2222222222222,0,61.1111111111111,100,16.6666666666667,0,66.6666666666667,100,34.8232064300812,40.958605664488,88.8888888888889,100,9.88888888888889,11
2012,"Total","Non-inscrits",9,100,33.3333333333333,0,49,51,63.1155303030303,75,33.3333333333333,0,55.5555555555556,100,0,0,66.6666666666667,100,53.8206585081585,62.2377622377623,44.4444444444444,0,14.6666666666667,19
2012,"Total","Radical",20,100,25,0,53.85,53.5,62.8090489653415,73.6231884057971,20,0,55,100,30,0,95,100,55.5264402696893,59.0415019762846,60,100,18.35,17
2012,"Total","RPR/UMP/LR",202,100,13.3663366336634,0,55.3019801980198,56,69.9855129626976,71.4285714285714,31.6831683168317,0,76.2376237623762,100,7.42574257425743,0,96.5346534653465,100,65.4467938457568,66.260162601626,18.8118811881188,0,21.1287128712871,23
2012,"Total","Socialiste",327,100,36.085626911315,0,54.0611620795107,55,60.0709408690364,64.4444444444444,36.085626911315,0,58.1039755351682,100,23.5474006116208,0,92.3547400611621,100,52.7283930230373,54.8387096774194,53.822629969419,100,17.6880733944954,17
2012,"Total","UDF/MODEM/UDI/NC/Dém",32,100,6.25,0,53.71875,52.5,72.3231674089031,80.2801724137931,37.5,0,56.25,100,15.625,0,90.625,100,67.516675644246,77.2077922077922,25,0,20.96875,23
2017,"agri","LC/HOR",2,5.71428571428571,0,0,58.5,58.5,87.9310344827586,87.9310344827586,0,0,100,100,0,0,100,100,87.9310344827586,87.9310344827586,50,50,30,30
2017,"agri","LREM/RE",5,1.55763239875389,40,0,50,58,38.1180223285486,48.4848484848485,0,0,100,100,0,0,60,100,38.1180223285486,48.4848484848485,80,100,14,16
2017,"agri","RPR/UMP/LR",6,6,0,0,60.1666666666667,60,75.6767061178826,75.8333333333333,0,0,100,100,0,0,100,100,75.6767061178826,75.8333333333333,16.6666666666667,0,26.5,26.5
2017,"agri","Socialiste",1,3.2258064516129,0,0,53,53,57.1428571428571,57.1428571428571,0,0,100,100,0,0,100,100,57.1428571428571,57.1428571428571,0,0,16,16
2017,"agri","UDF/MODEM/UDI/NC/Dém",1,2.08333333333333,0,0,45,45,45,45,0,0,100,100,0,0,100,100,45,45,100,100,9,9
2017,"artisancommercantpdg","Communiste",2,12.5,0,0,52,52,27.4894810659187,27.4894810659187,50,50,100,100,0,0,50,50,20.9677419354839,20.9677419354839,50,50,8,8
2017,"artisancommercantpdg","LC/HOR",4,11.4285714285714,50,50,42.75,42.5,55.9912854030501,61.9825708061003,25,0,100,100,0,0,75,100,55.9912854030501,61.9825708061003,25,0,11.25,13.5
2017,"artisancommercantpdg","LFI",1,5.88235294117647,0,0,59,59,20.5882352941176,20.5882352941176,0,0,100,100,0,0,100,100,20.5882352941176,20.5882352941176,100,100,7,7
2017,"artisancommercantpdg","LREM/RE",45,14.018691588785,42.2222222222222,0,47.4,47,10.4241225647212,0,11.1111111111111,0,100,100,0,0,35.5555555555556,0,9.71045717519369,0,95.5555555555556,100,2.42222222222222,0
2017,"artisancommercantpdg","RPR/UMP/LR",6,6,0,0,61.5,63,77.5646105368472,75.0718803910294,50,50,100,100,0,0,100,100,73.173929533263,75.0718803910294,16.6666666666667,0,28.5,29.5
2017,"artisancommercantpdg","UDF/MODEM/UDI/NC/Dém",8,16.6666666666667,12.5,0,54.125,56.5,34.0242631143366,25.2380952380952,0,0,100,100,0,0,87.5,100,34.0242631143366,25.2380952380952,87.5,100,10.375,6.5
2017,"cadsupprive","Communiste",1,6.25,0,0,42,42,58.8235294117647,58.8235294117647,100,100,100,100,0,0,100,100,41.1764705882353,41.1764705882353,100,100,10,10
2017,"cadsupprive","LC/HOR",6,17.1428571428571,16.6666666666667,0,55.6666666666667,55,64.5913760387358,73.5294117647059,0,0,100,100,0,0,83.3333333333333,100,64.5913760387358,73.5294117647059,16.6666666666667,0,19.6666666666667,24.5
2017,"cadsupprive","LFI",2,11.7647058823529,50,50,35,35,0,0,0,0,100,100,0,0,0,0,0,0,100,100,0,0
2017,"cadsupprive","LREM/RE",91,28.3489096573209,47.2527472527473,0,43.1208791208791,41,16.8822770916942,0,16.4835164835165,0,100,100,0,0,32.967032967033,0,12.1237608136722,0,92.3076923076923,100,3.89010989010989,0
2017,"cadsupprive","Non-inscrits",2,11.7647058823529,50,50,46.5,46.5,23.6842105263158,23.6842105263158,0,0,100,100,0,0,50,50,23.6842105263158,23.6842105263158,100,100,4.5,4.5
2017,"cadsupprive","RPR/UMP/LR",17,17,11.7647058823529,0,53.7647058823529,59,66.0662650819368,64.7058823529412,17.6470588235294,0,100,100,0,0,100,100,64.5956768466426,64.7058823529412,35.2941176470588,0,17.7058823529412,16
2017,"cadsupprive","Socialiste",3,9.67741935483871,66.6666666666667,100,57.6666666666667,61,60.1500521329163,61.1111111111111,0,0,100,100,0,0,66.6666666666667,100,60.1500521329163,61.1111111111111,33.3333333333333,0,22.3333333333333,22
2017,"cadsupprive","UDF/MODEM/UDI/NC/Dém",9,18.75,22.2222222222222,0,50,50,29.1460457105618,25.7142857142857,11.1111111111111,0,100,100,0,0,77.7777777777778,100,29.1460457105618,25.7142857142857,100,100,7.77777777777778,9
2017,"cadsuppub","Communiste",3,18.75,0,0,62,61,68.6147186147186,83.3333333333333,33.3333333333333,0,100,100,0,0,100,100,54.7258297258297,41.6666666666667,33.3333333333333,0,26.3333333333333,30
2017,"cadsuppub","LC/HOR",8,22.8571428571429,12.5,0,54.125,52,62.4129699956906,68.125,25,0,100,100,0,0,100,100,61.6776758780435,68.125,50,50,20.125,15.5
2017,"cadsuppub","LFI",5,29.4117647058824,40,0,42.4,41,11.6666666666667,0,0,0,100,100,0,0,20,0,11.6666666666667,0,100,100,2.8,0
2017,"cadsuppub","LREM/RE",62,19.3146417445483,53.2258064516129,100,49.0967741935484,48.5,26.137466068909,15,11.2903225806452,0,100,100,0,0,58.0645161290323,100,24.456113538407,13.0681818181818,87.0967741935484,100,6.85483870967742,3
2017,"cadsuppub","Non-inscrits",4,23.5294117647059,25,0,58,57.5,57.6746134280754,62.1139327385038,25,0,100,100,0,0,100,100,56.061710202269,58.8881262868909,25,0,17.75,19
2017,"cadsuppub","RPR/UMP/LR",23,23,17.3913043478261,0,54.9565217391304,54,62.5756711585153,61.1111111111111,26.0869565217391,0,100,100,0,0,95.6521739130435,100,59.6430776021032,60,17.3913043478261,0,18.695652173913,16
2017,"cadsuppub","Socialiste",9,29.0322580645161,33.3333333333333,0,54.2222222222222,53,61.7043279267096,66.6666666666667,33.3333333333333,0,100,100,0,0,88.8888888888889,100,55.1030207371671,65,22.2222222222222,0,17.5555555555556,19
2017,"cadsuppub","UDF/MODEM/UDI/NC/Dém",7,14.5833333333333,28.5714285714286,0,55,61,27.8560452473496,23.0769230769231,14.2857142857143,0,100,100,0,0,85.7142857142857,100,27.4699448612492,23.0769230769231,100,100,9.28571428571429,3
2017,"collab","Communiste",6,37.5,33.3333333333333,0,50.8333333333333,50,71.6887048214989,75.3703703703704,83.3333333333333,100,0,0,0,0,100,100,51.1880112048633,61.024978466839,66.6666666666667,100,18,20.5
2017,"collab","LC/HOR",10,28.5714285714286,10,0,50.9,53,90.7696078431373,97.0588235294117,100,100,0,0,0,0,100,100,67.0145539154078,68.0952380952381,30,0,23.6,27.5
2017,"collab","LFI",1,5.88235294117647,0,0,66,66,95.1219512195122,95.1219512195122,100,100,0,0,0,0,100,100,82.9268292682927,82.9268292682927,100,100,39,39
2017,"collab","LREM/RE",27,8.41121495327103,37.037037037037,0,42.6666666666667,44,77.961869572307,87.5,100,100,0,0,0,0,59.2592592592593,100,37.5275336463704,29.4117647058824,70.3703703703704,100,13.4814814814815,15
2017,"collab","Non-inscrits",6,35.2941176470588,33.3333333333333,0,49,46,82.9983168876554,89.2210144927536,100,100,0,0,0,0,100,100,68.8419152452516,80.2083333333333,83.3333333333333,100,17.8333333333333,18.5
2017,"collab","RPR/UMP/LR",20,20,30,0,47.2,48.5,92.055183609494,98.2758620689655,90,100,0,0,0,0,95,100,62.6635113370027,62.5,45,0,20.55,20.5
2017,"collab","Socialiste",12,38.7096774193548,33.3333333333333,0,52.3333333333333,52,87.4518245753439,91.1688311688311,91.6666666666667,100,0,0,0,0,91.6666666666667,100,67.8115553674969,68.716577540107,8.33333333333333,0,23.4166666666667,22
2017,"collab","UDF/MODEM/UDI/NC/Dém",7,14.5833333333333,57.1428571428571,100,49.2857142857143,48,73.9802915864119,72,100,100,0,0,0,0,85.7142857142857,100,39.2454534305769,36,100,100,17.4285714285714,16
2017,"employe","Communiste",1,6.25,0,0,65,65,45,45,0,0,0,0,100,100,100,100,45,45,100,100,18,18
2017,"employe","LFI",2,11.7647058823529,50,50,45,45,0,0,0,0,0,0,100,100,0,0,0,0,100,100,0,0
2017,"employe","LREM/RE",1,0.311526479750779,100,100,50,50,20,20,0,0,0,0,100,100,100,100,20,20,100,100,5,5
2017,"employe","RPR/UMP/LR",1,1,100,100,55,55,23.3333333333333,23.3333333333333,0,0,0,0,100,100,100,100,23.3333333333333,23.3333333333333,100,100,7,7
2017,"employe","UDF/MODEM/UDI/NC/Dém",1,2.08333333333333,100,100,46,46,14.2857142857143,14.2857142857143,0,0,0,0,100,100,100,100,14.2857142857143,14.2857142857143,100,100,3,3
2017,"NA","LC/HOR",1,2.85714285714286,100,100,31,31,100,100,0,0,0,0,0,0,100,100,100,100,0,0,6,6
2017,"NA","LFI",1,5.88235294117647,100,100,44,44,63.1578947368421,63.1578947368421,100,100,0,0,0,0,100,100,57.8947368421053,57.8947368421053,100,100,12,12
2017,"NA","LREM/RE",3,0.934579439252336,0,0,35.3333333333333,35,12.5,0,0,0,0,0,0,0,33.3333333333333,0,12.5,0,100,100,1,0
2017,"NA","Non-inscrits",1,5.88235294117647,0,0,24,24,NA,NA,0,0,0,0,0,0,100,100,NA,NA,100,100,0,0
2017,"NA","RPR/UMP/LR",3,3,33.3333333333333,0,47.3333333333333,51,87.6190476190476,100,0,0,0,0,0,0,100,100,87.6190476190476,100,33.3333333333333,0,18,22
2017,"NA","UDF/MODEM/UDI/NC/Dém",1,2.08333333333333,100,100,58,58,48.4848484848485,48.4848484848485,0,0,0,0,0,0,100,100,48.4848484848485,48.4848484848485,100,100,16,16
2017,"profinter","Communiste",3,18.75,33.3333333333333,0,61.6666666666667,59,82.6797385620915,82.3529411764706,0,0,0,0,100,100,100,100,82.6797385620915,82.3529411764706,33.3333333333333,0,30.3333333333333,28
2017,"profinter","LC/HOR",3,8.57142857142857,33.3333333333333,0,52.6666666666667,51,63.5235732009925,61.5384615384615,0,0,0,0,100,100,100,100,63.5235732009925,61.5384615384615,33.3333333333333,0,17,16
2017,"profinter","LFI",5,29.4117647058824,40,0,40.6,40,8.05128205128204,0,0,0,0,0,100,100,40,0,8.05128205128204,0,100,100,1.8,0
2017,"profinter","LREM/RE",45,14.018691588785,64.4444444444444,100,47.7777777777778,47,18.4228578908212,13.6363636363636,6.66666666666667,0,0,0,100,100,53.3333333333333,100,16.1419936932903,10,93.3333333333333,100,4.6,3
2017,"profinter","Non-inscrits",1,5.88235294117647,0,0,62,62,100,100,0,0,0,0,100,100,100,100,100,100,0,0,37,37
2017,"profinter","RPR/UMP/LR",11,11,45.4545454545455,0,49.8181818181818,48,68.0768415882343,66.6666666666667,9.09090909090909,0,0,0,100,100,100,100,68.0768415882343,66.6666666666667,72.7272727272727,100,16.6363636363636,19
2017,"profinter","Socialiste",3,9.67741935483871,33.3333333333333,0,62.6666666666667,61,57.037037037037,45.7142857142857,33.3333333333333,0,0,0,100,100,100,100,57.037037037037,45.7142857142857,33.3333333333333,0,22,16
2017,"profinter","UDF/MODEM/UDI/NC/Dém",8,16.6666666666667,75,100,52.75,51.5,39.1091354895534,34.0714285714286,0,0,0,0,100,100,100,100,39.1091354895534,34.0714285714286,100,100,12.375,8
2017,"proflib","LC/HOR",1,2.85714285714286,100,100,49,49,25,25,0,0,100,100,0,0,100,100,25,25,100,100,6,6
2017,"proflib","LREM/RE",42,13.0841121495327,38.0952380952381,0,47.8095238095238,46,23.6517810822344,13.2692307692308,2.38095238095238,0,100,100,0,0,59.5238095238095,100,23.4930509235042,13.2692307692308,85.7142857142857,100,7.02380952380952,3
2017,"proflib","Non-inscrits",3,17.6470588235294,0,0,64.3333333333333,69,27.5429808286951,11.3636363636364,0,0,100,100,0,0,100,100,27.5429808286951,11.3636363636364,33.3333333333333,0,12.6666666666667,5
2017,"proflib","RPR/UMP/LR",13,13,30.7692307692308,0,57,56,50.6716650340172,51.7241379310345,7.69230769230769,0,100,100,0,0,100,100,50.0799490576858,51.7241379310345,53.8461538461538,100,16.7692307692308,15
2017,"proflib","Socialiste",3,9.67741935483871,66.6666666666667,100,62,61,60.7662647985229,59.0909090909091,33.3333333333333,0,100,100,0,0,100,100,56.2208102530683,45.4545454545455,0,0,22,26
2017,"proflib","UDF/MODEM/UDI/NC/Dém",6,12.5,16.6666666666667,0,59,60,40.1946451095058,50.4084967320262,0,0,100,100,0,0,66.6666666666667,100,40.1946451095058,50.4084967320262,83.3333333333333,100,15.1666666666667,17.5
2017,"Total","Communiste",16,100,18.75,0,55.4375,57,65.1761307501891,75.3703703703704,50,50,37.5,0,25,0,93.75,100,52.9660454095091,52.1296296296296,56.25,100,20.125,20.5
2017,"Total","LC/HOR",35,100,22.8571428571429,0,51.4857142857143,52,71.7127435660002,82.3529411764706,37.1428571428571,0,60,100,8.57142857142857,0,94.2857142857143,100,64.7575180740439,64.7058823529412,34.2857142857143,0,19.5142857142857,21
2017,"Total","LFI",17,100,41.1764705882353,0,43.7647058823529,42,16.3210485200127,0,11.7647058823529,0,47.0588235294118,0,41.1764705882353,0,35.2941176470588,0,15.2940908820152,0,100,100,4.76470588235294,0
2017,"Total","LREM/RE",321,100,47.6635514018692,0,46.1588785046729,46,24.3498278165562,12.5,18.0685358255452,0,76.3239875389408,100,14.3302180685358,0,47.3520249221184,0,18.8297670838927,0,89.0965732087227,100,5.70716510903427,3
2017,"Total","Non-inscrits",17,100,23.5294117647059,0,52.8235294117647,49,59.9178574110595,70.3423304805793,41.1764705882353,0,52.9411764705882,100,5.88235294117647,0,94.1176470588235,100,54.2059809887064,64.9659863945579,58.8235294117647,100,15.4117647058824,16
2017,"Total","RPR/UMP/LR",100,100,23,0,53.38,55,70.1668589426031,70.7180500658762,32,0,65,100,12,0,98,100,63.023664032992,64.7058823529412,38,0,19.34,19.5
2017,"Total","Socialiste",31,100,38.7096774193548,0,55.3548387096774,56,70.8310892029935,76.1904761904762,51.6129032258064,100,51.6129032258064,100,9.67741935483871,0,90.3225806451613,100,60.8720131114964,64.1025641025641,16.1290322580645,0,21.0967741935484,22
2017,"Total","UDF/MODEM/UDI/NC/Dém",48,100,37.5,0,52.875,54,39.7744664893772,36,18.75,0,64.5833333333333,100,18.75,0,85.4166666666667,100,34.6526629520116,30.9316770186336,95.8333333333333,100,11.625,9
2022,"agri","LC/HOR",1,3.2258064516129,0,0,68,68,100,100,0,0,100,100,0,0,100,100,100,100,0,0,43,43
2022,"agri","LREM/RE",3,1.61290322580645,66.6666666666667,100,49.6666666666667,55,76.1988304093567,83.3333333333333,0,0,100,100,0,0,66.6666666666667,100,76.1988304093567,83.3333333333333,0,0,17.6666666666667,21
2022,"agri","RN",2,2.24719101123596,0,0,46.5,46.5,42.0698924731182,42.0698924731182,0,0,100,100,0,0,100,100,42.0698924731182,42.0698924731182,100,100,7.5,7.5
2022,"agri","RPR/UMP/LR",2,3.2258064516129,0,0,63,63,73.5294117647059,73.5294117647059,0,0,100,100,0,0,100,100,73.5294117647059,73.5294117647059,0,0,27,27
2022,"agri","Socialiste",1,3.2258064516129,0,0,58,58,63.6363636363636,63.6363636363636,0,0,100,100,0,0,100,100,63.6363636363636,63.6363636363636,0,0,21,21
2022,"agri","UDF/MODEM/UDI/NC/Dém",2,3.7037037037037,0,0,52,52,31.448275862069,31.448275862069,0,0,100,100,0,0,100,100,31.448275862069,31.448275862069,50,50,8,8
2022,"artisancommercantpdg","Communiste",1,4.54545454545455,0,0,53,53,50,50,100,100,100,100,0,0,100,100,50,50,0,0,14,14
2022,"artisancommercantpdg","LC/HOR",3,9.67741935483871,0,0,52.6666666666667,55,37.3544973544974,11.1111111111111,0,0,100,100,0,0,100,100,37.3544973544974,11.1111111111111,66.6666666666667,100,12.3333333333333,2
2022,"artisancommercantpdg","LFI",3,4,66.6666666666667,100,50.6666666666667,45,25.6267806267806,30.7692307692308,33.3333333333333,0,100,100,0,0,100,100,23.7749287749288,30.7692307692308,66.6666666666667,100,7,7
2022,"artisancommercantpdg","LIOT",1,5,0,0,39,39,35.7142857142857,35.7142857142857,0,0,100,100,0,0,100,100,35.7142857142857,35.7142857142857,0,0,5,5
2022,"artisancommercantpdg","LREM/RE",24,12.9032258064516,45.8333333333333,0,51.7083333333333,52.5,37.2687236215649,32.2061191626409,8.33333333333333,0,100,100,0,0,62.5,100,36.2568188596601,29.1005291005291,12.5,0,9.04166666666667,7.5
2022,"artisancommercantpdg","RN",8,8.98876404494382,25,0,52.625,48,41.7729245345524,37.5925925925926,12.5,0,100,100,0,0,75,100,41.7729245345524,37.5925925925926,100,100,9.5,7
2022,"artisancommercantpdg","RPR/UMP/LR",5,8.06451612903226,20,0,59,60,63.6748768472906,65.5172413793103,40,0,100,100,0,0,100,100,59.2495894909688,51.7241379310345,20,0,22.4,19
2022,"artisancommercantpdg","UDF/MODEM/UDI/NC/Dém",7,12.962962962963,14.2857142857143,0,58.5714285714286,60,38.2373830966742,33.3333333333333,0,0,100,100,0,0,85.7142857142857,100,38.2373830966742,33.3333333333333,14.2857142857143,0,13.8571428571429,8
2022,"cadsupprive","Communiste",1,4.54545454545455,100,100,35,35,20,20,0,0,100,100,0,0,100,100,20,20,100,100,2,2
2022,"cadsupprive","Écologiste",2,8.69565217391304,50,50,45.5,45.5,45.1058201058201,45.1058201058201,50,50,100,100,0,0,50,50,12.962962962963,12.962962962963,50,50,8,8
2022,"cadsupprive","LC/HOR",9,29.0322580645161,44.4444444444444,0,48.5555555555556,53,50.6638260059545,48.2758620689655,11.1111111111111,0,100,100,0,0,66.6666666666667,100,47.5388260059545,48.2758620689655,44.4444444444444,0,11.1111111111111,14
2022,"cadsupprive","LFI",8,10.6666666666667,25,0,41.375,39,23.9598607038123,3.22580645161291,12.5,0,100,100,0,0,12.5,0,17.7098607038123,3.22580645161291,75,100,2.25,1
2022,"cadsupprive","LIOT",4,20,25,0,48.5,46.5,50.4329004329004,50.8658008658008,0,0,100,100,0,0,75,100,50.4329004329004,50.8658008658008,75,100,13.5,11
2022,"cadsupprive","LREM/RE",49,26.3440860215054,42.8571428571429,0,47.6326530612245,46,41.3526125538477,33.3333333333333,20.4081632653061,0,100,100,0,0,46.9387755102041,0,38.5455430329935,33.3333333333333,26.530612244898,0,8.22448979591837,5
2022,"cadsupprive","Non-inscrits",1,25,100,100,54,54,17.2413793103448,17.2413793103448,0,0,100,100,0,0,0,0,17.2413793103448,17.2413793103448,0,0,5,5
2022,"cadsupprive","RN",11,12.3595505617978,27.2727272727273,0,49.6363636363636,53,33.3333558272785,31.8181818181818,36.3636363636364,0,100,100,0,0,72.7272727272727,100,23.5082377635241,7.14285714285714,100,100,7,7
2022,"cadsupprive","RPR/UMP/LR",7,11.2903225806452,14.2857142857143,0,48.2857142857143,38,75.3999623564841,72.7272727272727,14.2857142857143,0,100,100,0,0,85.7142857142857,100,73.8126607691825,72.7272727272727,0,0,15,12
2022,"cadsupprive","Socialiste",7,22.5806451612903,28.5714285714286,0,58.8571428571429,62,52.6756835232445,48,14.2857142857143,0,100,100,0,0,85.7142857142857,100,50.3590812066422,48,28.5714285714286,0,18.7142857142857,14
2022,"cadsupprive","UDF/MODEM/UDI/NC/Dém",17,31.4814814814815,52.9411764705882,100,50.4705882352941,50,36.1696402366169,33.3333333333333,35.2941176470588,0,100,100,0,0,82.3529411764706,100,33.5982116651884,33.3333333333333,29.4117647058824,0,9.17647058823529,8
2022,"cadsuppub","Communiste",3,13.6363636363636,0,0,66,66,78.3260434428052,87.8048780487805,33.3333333333333,0,100,100,0,0,100,100,66.1309214915857,51.4285714285714,33.3333333333333,0,33,36
2022,"cadsuppub","Écologiste",9,39.1304347826087,55.5555555555556,100,48,48,41.9517505128465,40,11.1111111111111,0,100,100,0,0,88.8888888888889,100,40.5628616239576,40,88.8888888888889,100,10.2222222222222,10
2022,"cadsuppub","LC/HOR",4,12.9032258064516,0,0,39.5,37,34.4405594405594,41.958041958042,25,0,100,100,0,0,50,50,34.4405594405594,41.958041958042,25,0,6,5
2022,"cadsuppub","LFI",22,29.3333333333333,50,50,41.7727272727273,42,21.1009951334956,2.94117647058824,18.1818181818182,0,100,100,0,0,31.8181818181818,0,20.658790279526,0,81.8181818181818,100,4.40909090909091,0.5
2022,"cadsuppub","LIOT",8,40,12.5,0,66,65.5,53.3259251295902,50.0994694960212,25,0,100,100,0,0,100,100,53.3259251295902,50.0994694960212,12.5,0,23.125,18
2022,"cadsuppub","LREM/RE",35,18.8172043010753,34.2857142857143,0,47.8,48,42.9136789433957,34.7826086956522,22.8571428571429,0,100,100,0,0,62.8571428571429,100,38.330988242284,31.25,45.7142857142857,0,9.11428571428571,8
2022,"cadsuppub","Non-inscrits",1,25,0,0,61,61,80.5555555555556,80.5555555555556,100,100,100,100,0,0,100,100,75,75,0,0,29,29
2022,"cadsuppub","RN",7,7.86516853932584,28.5714285714286,0,51,49,36.215593473658,25.8064516129032,28.5714285714286,0,100,100,0,0,85.7142857142857,100,35.0251172831818,25.8064516129032,100,100,5.57142857142857,8
2022,"cadsuppub","RPR/UMP/LR",9,14.5161290322581,22.2222222222222,0,56.2222222222222,58,68.0406495040641,65.8536585365854,22.2222222222222,0,100,100,0,0,88.8888888888889,100,65.4784420638079,65.8536585365854,44.4444444444444,0,21.8888888888889,20
2022,"cadsuppub","Socialiste",11,35.4838709677419,45.4545454545455,0,49.2727272727273,50,51.3177823203689,46.1538461538462,54.5454545454545,100,100,100,0,0,90.9090909090909,100,47.6473885430233,41.1764705882353,54.5454545454545,100,13.6363636363636,11
2022,"cadsuppub","UDF/MODEM/UDI/NC/Dém",10,18.5185185185185,30,0,55.1,54,44.4607630267073,47.2222222222222,20,0,100,100,0,0,80,100,42.4439563040182,47.2222222222222,40,0,13.7,7.5
2022,"collab","Communiste",7,31.8181818181818,14.2857142857143,0,49,51,73.8400720789883,80,100,100,0,0,0,0,100,100,53.7518967075617,54.5454545454545,14.2857142857143,0,18.2857142857143,15
2022,"collab","Écologiste",10,43.4782608695652,60,100,38.6,39,77.8565214455307,80.7142857142857,90,100,0,0,0,0,40,0,27.0987003192886,23.0519480519481,80,100,10.5,10.5
2022,"collab","LC/HOR",4,12.9032258064516,50,50,53.25,55.5,96.6294458229942,98.3870967741936,100,100,0,0,0,0,100,100,71.9023986765922,70.7692307692307,25,0,27,30
2022,"collab","LFI",8,10.6666666666667,12.5,0,37.625,33.5,80.8767361111111,80.7291666666667,87.5,100,0,0,0,0,50,50,19.7309027777778,5,87.5,100,9.25,6
2022,"collab","LIOT",4,20,0,0,54,56.5,85.7371794871795,92.3076923076923,75,100,0,0,0,0,100,100,76.1217948717948,73.0769230769231,25,0,25,25
2022,"collab","LREM/RE",33,17.741935483871,39.3939393939394,0,43.5757575757576,42,83.2576624806232,94.1176470588235,93.9393939393939,100,0,0,0,0,66.6666666666667,100,48.2588812724803,48.2758620689655,45.4545454545455,0,14.9393939393939,14
2022,"collab","Non-inscrits",2,50,50,50,60,60,98.5294117647059,98.5294117647059,100,100,0,0,0,0,100,100,94.3627450980393,94.3627450980393,0,0,34.5,34.5
2022,"collab","RN",21,23.5955056179775,9.52380952380952,0,37.3809523809524,35,84.6348069008167,88.8888888888889,100,100,0,0,0,0,85.7142857142857,100,54.2138746825794,57.1428571428571,80.9523809523809,100,9.85714285714286,8
2022,"collab","RPR/UMP/LR",18,29.0322580645161,27.7777777777778,0,45,46.5,88.7371059895288,94.5721583652618,100,100,0,0,0,0,88.8888888888889,100,59.7835634818816,58.5714285714285,22.2222222222222,0,17.2777777777778,15
2022,"collab","Socialiste",6,19.3548387096774,16.6666666666667,0,56.3333333333333,57,77.129896703497,80.98223615465,83.3333333333333,100,0,0,0,0,100,100,58.5474588032986,57.5324675324675,33.3333333333333,0,23.8333333333333,25
2022,"collab","UDF/MODEM/UDI/NC/Dém",4,7.40740740740741,50,50,51.75,53,88.0431848852902,87.753036437247,100,100,0,0,0,0,75,100,50.86580634278,47.9487179487179,25,0,23.5,22
2022,"employe","LC/HOR",1,3.2258064516129,100,100,54,54,48.2758620689655,48.2758620689655,0,0,0,0,100,100,100,100,48.2758620689655,48.2758620689655,100,100,14,14
2022,"employe","LFI",14,18.6666666666667,50,50,44,43.5,21.4248472233962,15.3846153846154,14.2857142857143,0,0,0,100,100,35.7142857142857,0,18.7853298779965,0,85.7142857142857,100,5.28571428571429,1
2022,"employe","LREM/RE",1,0.537634408602151,100,100,55,55,33.3333333333333,33.3333333333333,0,0,0,0,100,100,100,100,33.3333333333333,33.3333333333333,0,0,10,10
2022,"employe","RN",10,11.2359550561798,40,0,44.6,45.5,20.6792929292929,15.1388888888889,30,0,0,0,100,100,60,100,18.8611111111111,8.33333333333334,100,100,3.5,1.5
2022,"employe","RPR/UMP/LR",1,1.61290322580645,100,100,60,60,34.2857142857143,34.2857142857143,0,0,0,0,100,100,100,100,34.2857142857143,34.2857142857143,0,0,12,12
2022,"NA","Communiste",1,4.54545454545455,0,0,22,22,NA,NA,0,0,0,0,0,0,0,0,NA,NA,100,100,0,0
2022,"NA","LFI",2,2.66666666666667,50,50,35.5,35.5,70.8333333333333,70.8333333333333,50,50,0,0,0,0,50,50,66.6666666666667,66.6666666666667,50,50,8.5,8.5
2022,"NA","LREM/RE",2,1.0752688172043,50,50,59,59,62.6315789473684,62.6315789473684,0,0,0,0,0,0,100,100,62.6315789473684,62.6315789473684,100,100,21,21
2022,"NA","RN",3,3.37078651685393,100,100,43.3333333333333,46,41.2910052910053,38.0952380952381,0,0,0,0,0,0,100,100,41.2910052910053,38.0952380952381,100,100,5.66666666666667,7
2022,"NA","RPR/UMP/LR",2,3.2258064516129,50,50,58,58,100,100,50,50,0,0,0,0,100,100,100,100,0,0,33,33
2022,"NA","UDF/MODEM/UDI/NC/Dém",1,1.85185185185185,100,100,63,63,55.2631578947368,55.2631578947368,0,0,0,0,0,0,100,100,55.2631578947368,55.2631578947368,0,0,21,21
2022,"ouvrier","LFI",3,4,33.3333333333333,0,39,39,7.53968253968254,8.33333333333333,0,0,0,0,100,100,66.6666666666667,100,7.53968253968254,8.33333333333333,100,100,1.33333333333333,2
2022,"ouvrier","LREM/RE",1,0.537634408602151,0,0,51,51,19.2307692307692,19.2307692307692,0,0,0,0,100,100,100,100,19.2307692307692,19.2307692307692,100,100,5,5
2022,"ouvrier","RN",4,4.49438202247191,50,50,39.5,40.5,3.61856108982546,3.44827586206897,0,0,0,0,100,100,75,100,3.61856108982546,3.44827586206897,100,100,0.75,0.5
2022,"profinter","Communiste",8,36.3636363636364,25,0,49.75,50,35.2423271173271,26.5151515151515,0,0,0,0,100,100,100,100,35.2423271173271,26.5151515151515,75,100,10.875,7
2022,"profinter","Écologiste",2,8.69565217391304,50,50,47.5,47.5,26.9396551724138,26.9396551724138,0,0,0,0,100,100,100,100,26.9396551724138,26.9396551724138,100,100,7,7
2022,"profinter","LC/HOR",4,12.9032258064516,50,50,49.5,47.5,57.6086956521739,50,0,0,0,0,100,100,100,100,57.6086956521739,50,75,100,15,11
2022,"profinter","LFI",14,18.6666666666667,42.8571428571429,0,48.7857142857143,45.5,25.5691831200044,25.1709986320109,0,0,0,0,100,100,42.8571428571429,0,25.5691831200044,25.1709986320109,78.5714285714286,100,5.21428571428571,5
2022,"profinter","LIOT",1,5,100,100,61,61,38.8888888888889,38.8888888888889,0,0,0,0,100,100,100,100,38.8888888888889,38.8888888888889,0,0,14,14
2022,"profinter","LREM/RE",17,9.13978494623656,47.0588235294118,0,55.0588235294118,54,33.1653420571222,29.4117647058824,17.6470588235294,0,0,0,100,100,58.8235294117647,100,30.7868254330813,28,29.4117647058824,0,9.29411764705882,8
2022,"profinter","RN",10,11.2359550561798,70,100,45.9,45,17.0176409121642,5.72100313479624,0,0,0,0,100,100,60,100,17.0176409121642,5.72100313479624,90,100,3.6,1.5
2022,"profinter","RPR/UMP/LR",7,11.2903225806452,28.5714285714286,0,54,54,71.4814360757566,72.4137931034483,0,0,0,0,100,100,100,100,71.4814360757566,72.4137931034483,42.8571428571429,0,20.7142857142857,21
2022,"profinter","Socialiste",5,16.1290322580645,40,0,53.2,59,53.3845173141054,50,0,0,0,0,100,100,100,100,53.3845173141054,50,60,100,15.4,19
2022,"profinter","UDF/MODEM/UDI/NC/Dém",8,14.8148148148148,50,50,51.75,47.5,40.9324910007418,36.3636363636364,12.5,0,0,0,100,100,100,100,38.4324910007418,36.3636363636364,37.5,0,11.875,8
2022,"proflib","Communiste",1,4.54545454545455,0,0,37,37,66.6666666666667,66.6666666666667,0,0,100,100,0,0,100,100,66.6666666666667,66.6666666666667,100,100,8,8
2022,"proflib","LC/HOR",5,16.1290322580645,40,0,51.2,52,58.9587559161596,41.1764705882353,20,0,100,100,0,0,100,100,54.5143114717151,41.1764705882353,60,100,14.8,14
2022,"proflib","LFI",1,1.33333333333333,100,100,48,48,8.69565217391304,8.69565217391304,0,0,100,100,0,0,100,100,8.69565217391304,8.69565217391304,100,100,2,2
2022,"proflib","LIOT",2,10,0,0,51.5,51.5,29.0579710144928,29.0579710144928,0,0,100,100,0,0,100,100,29.0579710144928,29.0579710144928,0,0,7.5,7.5
2022,"proflib","LREM/RE",21,11.2903225806452,42.8571428571429,0,52.9047619047619,52,32.4077762160922,20.8333333333333,9.52380952380952,0,100,100,0,0,52.3809523809524,100,31.8624613159386,20.8333333333333,28.5714285714286,0,9.95238095238095,5
2022,"proflib","RN",13,14.6067415730337,61.5384615384615,100,54.8461538461538,54,20.8998115191185,8,7.69230769230769,0,100,100,0,0,100,100,17.0536576729646,6.89655172413793,100,100,5.69230769230769,2
2022,"proflib","RPR/UMP/LR",11,17.741935483871,45.4545454545455,0,49.6363636363636,53,66.2167281123093,66.6666666666667,9.09090909090909,0,100,100,0,0,90.9090909090909,100,64.3985462941275,66.6666666666667,27.2727272727273,0,15.8181818181818,12
2022,"proflib","Socialiste",1,3.2258064516129,100,100,64,64,35.8974358974359,35.8974358974359,0,0,100,100,0,0,100,100,35.8974358974359,35.8974358974359,0,0,14,14
2022,"proflib","UDF/MODEM/UDI/NC/Dém",5,9.25925925925926,20,0,60.6,64,50.018822513585,47.0588235294118,0,0,100,100,0,0,80,100,50.018822513585,47.0588235294118,40,0,18.2,18
2022,"Total","Communiste",22,100,18.1818181818182,0,49.3636363636364,52,55.7363770707913,51.4285714285714,40.9090909090909,0,27.2727272727273,0,36.3636363636364,0,95.4545454545455,100,47.2981583349035,50,50,50,15.3636363636364,14
2022,"Total","Écologiste",23,100,56.5217391304348,100,43.6521739130435,42,56.5313878098867,60.8695652173913,47.8260869565217,0,47.8260869565217,0,8.69565217391304,0,65.2173913043478,100,31.1242606121416,31.8181818181818,82.6086956521739,100,9.8695652173913,9
2022,"Total","LC/HOR",31,100,35.4838709677419,0,49.741935483871,52,56.962011981605,48.2758620689655,22.5806451612903,0,70.9677419354839,100,16.1290322580645,0,83.8709677419355,100,52.1473213103847,48.2758620689655,48.3870967741936,0,14.8387096774194,14
2022,"Total","LFI",75,100,42.6666666666667,0,43.1733333333333,42,29.0196523294129,16.6666666666667,21.3333333333333,0,45.3333333333333,0,41.3333333333333,0,40,0,20.8973082038455,8.33333333333333,81.3333333333333,100,5.06666666666667,2
2022,"Total","LIOT",20,100,15,0,57.05,57.5,55.2003418674601,50.0994694960212,25,0,75,100,5,0,95,100,53.2772649443831,50.0994694960212,25,0,18.65,14
2022,"Total","LREM/RE",186,100,41.9354838709677,0,48.9569892473118,49.5,47.4247681404916,42.6406926406926,30.1075268817204,0,70.9677419354839,100,10.2150537634409,0,58.6021505376344,100,39.2039484053995,33.3333333333333,32.7956989247312,0,10.2634408602151,8
2022,"Total","Non-inscrits",4,100,50,50,58.75,60,73.713939598828,88.8071895424837,75,100,50,50,0,0,75,100,70.2417173766058,83.3333333333333,0,0,25.75,31
2022,"Total","RN",89,100,37.0786516853933,0,46.1573033707865,46,40.9002929756941,32.5757575757575,35.9550561797753,0,46.0674157303371,0,26.9662921348315,0,79.7752808988764,100,31.5431222166096,20.6060606060606,94.3820224719101,100,6.50561797752809,4
2022,"Total","RPR/UMP/LR",62,100,29.0322580645161,0,51.2096774193548,53.5,75.2565560267865,78.5714285714286,40.3225806451613,0,54.8387096774194,100,12.9032258064516,0,91.9354838709677,100,65.6200853817433,67.948717948718,24.1935483870968,0,18.9677419354839,18.5
2022,"Total","Socialiste",31,100,35.4838709677419,0,54.1935483870968,57,56.853585693938,51.4285714285714,38.7096774193548,0,64.5161290322581,100,16.1290322580645,0,93.5483870967742,100,51.4314832691571,48.2758620689655,41.9354838709677,0,17.2903225806452,19
2022,"Total","UDF/MODEM/UDI/NC/Dém",54,100,38.8888888888889,0,53.8888888888889,52.5,43.9822164018551,41.9512195121951,24.0740740740741,0,75.9259259259259,100,14.8148148148148,0,85.1851851851852,100,39.6749596034992,37.2294372294373,31.4814814814815,0,13.0925925925926,8
2024,"agri","Écologiste",1,2.63157894736842,0,0,57,57,43.75,43.75,0,0,100,100,0,0,100,100,43.75,43.75,100,100,14,14
2024,"agri","LREM/RE",2,2.06185567010309,100,100,49,49,72.5,72.5,0,0,100,100,0,0,50,50,72.5,72.5,0,0,15,15
2024,"agri","RN",3,2.41935483870968,33.3333333333333,0,60,61,10.1010101010101,0,0,0,100,100,0,0,33.3333333333333,0,10.1010101010101,0,66.6666666666667,100,3.33333333333333,0
2024,"agri","RPR/UMP/LR",2,4.16666666666667,0,0,65,65,74.7474747474748,74.7474747474748,0,0,100,100,0,0,100,100,74.7474747474748,74.7474747474748,0,0,29,29
2024,"agri","Socialiste",2,3.07692307692308,50,50,57,57,41.4778325123153,41.4778325123153,50,50,100,100,0,0,50,50,32.8571428571429,32.8571428571429,50,50,14,14
2024,"agri","UDF/MODEM/UDI/NC/Dém",2,5.55555555555556,0,0,54,54,36.0812425328554,36.0812425328554,0,0,100,100,0,0,100,100,36.0812425328554,36.0812425328554,0,0,10,10
2024,"artisancommercantpdg","LC/HOR",4,13.3333333333333,25,0,54.25,56.5,36.659155597723,20.2941176470588,0,0,100,100,0,0,75,100,36.659155597723,20.2941176470588,25,0,11,5.5
2024,"artisancommercantpdg","LFI",3,4.16666666666667,66.6666666666667,100,52.6666666666667,47,31.6851441241685,34.1463414634146,33.3333333333333,0,100,100,0,0,100,100,30.0184774575018,34.1463414634146,0,0,9,9
2024,"artisancommercantpdg","LIOT",1,4.34782608695652,0,0,41,41,43.75,43.75,0,0,100,100,0,0,100,100,43.75,43.75,0,0,7,7
2024,"artisancommercantpdg","LREM/RE",13,13.4020618556701,38.4615384615385,0,52.8461538461538,50,40.6476571393871,35,7.69230769230769,0,100,100,0,0,69.2307692307692,100,39.6861186778486,35,0,0,10.7692307692308,10
2024,"artisancommercantpdg","Non-inscrits",2,22.2222222222222,50,50,64.5,64.5,30.532212885154,30.532212885154,0,0,100,100,0,0,50,50,30.532212885154,30.532212885154,0,0,9,9
2024,"artisancommercantpdg","RN",12,9.67741935483871,25,0,53.3333333333333,51.5,41.3111703111703,37.2222222222222,8.33333333333333,0,100,100,0,0,91.6666666666667,100,41.3111703111703,37.2222222222222,41.6666666666667,0,10.4166666666667,8
2024,"artisancommercantpdg","RPR/UMP/LR",6,12.5,16.6666666666667,0,55.8333333333333,56,66.4713100196971,61.6487455197133,33.3333333333333,0,100,100,0,0,100,100,63.0049829116043,55.1971326164875,33.3333333333333,0,21,19.5
2024,"artisancommercantpdg","Socialiste",2,3.07692307692308,50,50,64.5,64.5,34.3669250645994,34.3669250645994,50,50,100,100,0,0,100,100,28.8113695090439,28.8113695090439,50,50,14,14
2024,"artisancommercantpdg","UDF/MODEM/UDI/NC/Dém",5,13.8888888888889,20,0,59.2,62,32.993465993466,38.4615384615385,0,0,100,100,0,0,80,100,32.993465993466,38.4615384615385,0,0,10.8,10
2024,"artisancommercantpdg","UDR",6,35.2941176470588,0,0,47.3333333333333,48,9.73856209150326,3.33333333333333,33.3333333333333,0,100,100,0,0,33.3333333333333,0,8.62745098039215,0,100,100,3.5,0.5
2024,"cadsupprive","Communiste",1,5.55555555555556,100,100,37,37,33.3333333333333,33.3333333333333,0,0,100,100,0,0,100,100,33.3333333333333,33.3333333333333,0,0,4,4
2024,"cadsupprive","Écologiste",10,26.3157894736842,30,0,46.9,47.5,38.1464727800935,32.8249336870026,40,0,100,100,0,0,50,50,26.2507192679607,24.1071428571429,60,100,8,8
2024,"cadsupprive","LC/HOR",10,33.3333333333333,40,0,51.1,55.5,52.0695301495262,49.3358633776091,10,0,100,100,0,0,70,100,49.4224713259967,49.1397849462366,0,0,12.7,12.5
2024,"cadsupprive","LFI",6,8.33333333333333,33.3333333333333,0,43.6666666666667,41,30.5918448023711,17.1717171717171,16.6666666666667,0,100,100,0,0,16.6666666666667,0,26.7456909562173,17.1717171717171,0,0,4.16666666666667,3
2024,"cadsupprive","LIOT",5,21.7391304347826,20,0,52.2,49,53.3455121178906,47.0588235294118,0,0,100,100,0,0,80,100,53.3455121178906,47.0588235294118,20,0,15.6,16
2024,"cadsupprive","LREM/RE",22,22.680412371134,31.8181818181818,0,49.8181818181818,51.5,51.898685517782,50.5952380952381,31.8181818181818,0,100,100,0,0,54.5454545454545,100,48.3430744621709,45,0,0,12.0454545454545,10
2024,"cadsupprive","Non-inscrits",1,11.1111111111111,100,100,69,69,18.1818181818182,18.1818181818182,0,0,100,100,0,0,100,100,18.1818181818182,18.1818181818182,0,0,8,8
2024,"cadsupprive","RN",16,12.9032258064516,12.5,0,49.5625,52,26.0553986975686,16.4438502673797,25,0,100,100,0,0,62.5,100,22.6914281093333,10.5053191489362,50,50,5.6875,4.5
2024,"cadsupprive","RPR/UMP/LR",8,16.6666666666667,12.5,0,46.875,40,79.152900279545,78.4615384615385,25,0,100,100,0,0,100,100,76.3498699765147,74.9198717948718,25,0,16.125,13
2024,"cadsupprive","Socialiste",14,21.5384615384615,35.7142857142857,0,52.5,51,52.5681664689873,60.8932461873638,28.5714285714286,0,100,100,0,0,71.4285714285714,100,46.6316030324238,55.3376906318083,57.1428571428571,100,15.3571428571429,14.5
2024,"cadsupprive","UDF/MODEM/UDI/NC/Dém",11,30.5555555555556,45.4545454545455,0,52.5454545454545,52,42.7962775166593,50,27.2727272727273,0,100,100,0,0,72.7272727272727,100,42.1228768432586,50,0,0,11.5454545454545,10
2024,"cadsupprive","UDR",1,5.88235294117647,0,0,36,36,0,0,0,0,100,100,0,0,0,0,0,0,100,100,0,0
2024,"cadsuppub","Communiste",4,22.2222222222222,25,0,56.5,58,61.0824470430382,72.4815724815725,0,0,100,100,0,0,75,100,61.0824470430382,72.4815724815725,0,0,19.5,15
2024,"cadsuppub","Écologiste",14,36.8421052631579,50,50,49.6428571428571,48.5,43.448346412133,45.7516339869281,14.2857142857143,0,100,100,0,0,78.5714285714286,100,42.3995935776658,45.7516339869281,21.4285714285714,0,11.2142857142857,10
2024,"cadsuppub","LC/HOR",5,16.6666666666667,40,0,44.6,43,56.7357609710551,57.1428571428571,20,0,100,100,0,0,60,100,56.7357609710551,57.1428571428571,20,0,11.2,8
2024,"cadsuppub","LFI",23,31.9444444444444,39.1304347826087,0,42.3478260869565,40,25.3077769736809,20,17.3913043478261,0,100,100,0,0,26.0869565217391,0,24.2093788043445,20,21.7391304347826,0,3.95652173913043,2
2024,"cadsuppub","LIOT",6,26.0869565217391,16.6666666666667,0,67.1666666666667,65,52.2009546362177,46.6192937123169,16.6666666666667,0,100,100,0,0,100,100,52.2009546362177,46.6192937123169,16.6666666666667,0,22.5,21.5
2024,"cadsuppub","LREM/RE",17,17.5257731958763,35.2941176470588,0,48.5294117647059,50,43.699907001141,33.3333333333333,35.2941176470588,0,100,100,0,0,58.8235294117647,100,38.0824594332291,25,17.6470588235294,0,9.17647058823529,7
2024,"cadsuppub","RN",11,8.87096774193548,18.1818181818182,0,52.5454545454545,53,26.6841037750129,30.3030303030303,45.4545454545455,0,100,100,0,0,45.4545454545455,0,20.2346744164926,5.12820512820513,54.5454545454545,100,5.54545454545455,4
2024,"cadsuppub","RPR/UMP/LR",10,20.8333333333333,20,0,55.1,55,68.874082860619,70.3875968992248,30,0,100,100,0,0,90,100,67.1597971463332,70.3875968992248,10,0,21,19
2024,"cadsuppub","Socialiste",24,36.9230769230769,50,50,53.6666666666667,53,55.8231188226418,53.4108527131783,45.8333333333333,0,100,100,0,0,91.6666666666667,100,52.1777666759352,51.6666666666667,45.8333333333333,0,16.5833333333333,16
2024,"cadsuppub","UDF/MODEM/UDI/NC/Dém",5,13.8888888888889,20,0,53.6,52,58.4140211640212,56.25,0,0,100,100,0,0,100,100,58.4140211640212,56.25,0,0,15.8,10
2024,"cadsuppub","UDR",1,5.88235294117647,0,0,35,35,0,0,0,0,100,100,0,0,0,0,0,0,100,100,0,0
2024,"collab","Communiste",5,27.7777777777778,20,0,48.2,51,87.7036714133488,88.8888888888889,80,100,0,0,0,0,100,100,74.3178041565139,75,40,0,20.8,26
2024,"collab","Écologiste",9,23.6842105263158,66.6666666666667,100,40.3333333333333,41,82.7075702075702,91.6666666666667,100,100,0,0,0,0,44.4444444444444,0,39.550464060268,37.5,11.1111111111111,0,12.5555555555556,11
2024,"collab","LC/HOR",4,13.3333333333333,50,50,52.75,56.5,96.0166177908114,98.4848484848485,100,100,0,0,0,0,100,100,79.1101539589443,80.9475806451613,0,0,26.5,29.5
2024,"collab","LFI",12,16.6666666666667,25,0,37.1666666666667,34,76.345280536457,77.2058823529412,91.6666666666667,100,0,0,0,0,33.3333333333333,0,31.5346214243273,26.7857142857143,25,0,9.33333333333333,7
2024,"collab","LIOT",5,21.7391304347826,20,0,54,61,87.7873425793081,90.2439024390244,100,100,0,0,0,0,100,100,63.190332451074,60.9756097560976,60,100,25.4,26
2024,"collab","LREM/RE",20,20.6185567010309,40,0,41.7,38,85.6041979692801,92.5133689839572,90,100,0,0,0,0,60,100,50.2113408264229,55.1282051282051,20,0,14.4,11
2024,"collab","Non-inscrits",3,33.3333333333333,33.3333333333333,0,44.3333333333333,38,99.0740740740741,100,100,100,0,0,0,0,100,100,99.0740740740741,100,0,0,19,13
2024,"collab","RN",28,22.5806451612903,10.7142857142857,0,36.2857142857143,34,86.2490422907007,89.8989898989899,100,100,0,0,0,0,75,100,60.2345741757036,65.4761904761905,25,0,9.42857142857143,7
2024,"collab","RPR/UMP/LR",12,25,33.3333333333333,0,46.5833333333333,48.5,91.3983509739455,92.9802955665025,100,100,0,0,0,0,91.6666666666667,100,60.1829263289121,61.0810810810811,8.33333333333333,0,19.6666666666667,21.5
2024,"collab","Socialiste",12,18.4615384615385,16.6666666666667,0,51.4166666666667,55,76.7845856624979,79.2626728110599,91.6666666666667,100,0,0,0,0,91.6666666666667,100,48.2880499145026,49.490662139219,58.3333333333333,100,19.8333333333333,20
2024,"collab","UDF/MODEM/UDI/NC/Dém",2,5.55555555555556,0,0,56,56,91.0714285714286,91.0714285714286,100,100,0,0,0,0,100,100,76.890756302521,76.890756302521,0,0,28.5,28.5
2024,"collab","UDR",3,17.6470588235294,33.3333333333333,0,46.3333333333333,56,75.8064516129032,75.8064516129032,100,100,0,0,0,0,66.6666666666667,100,40.2751423149905,40.2751423149905,66.6666666666667,100,16.6666666666667,16
2024,"employe","LFI",11,15.2777777777778,45.4545454545455,0,44.6363636363636,44,26.4009747562379,22.2222222222222,18.1818181818182,0,0,0,100,100,18.1818181818182,0,23.666866758972,15.3846153846154,9.09090909090909,0,5.45454545454545,2
2024,"employe","RN",11,8.87096774193548,36.3636363636364,0,46.8181818181818,47,27.6740785569015,21.2765957446809,27.2727272727273,0,0,0,100,100,54.5454545454545,100,27.6740785569015,21.2765957446809,18.1818181818182,0,5.36363636363636,3
2024,"employe","UDR",1,5.88235294117647,0,0,32,32,0,0,0,0,0,0,100,100,0,0,0,0,100,100,0,0
2024,"NA","Écologiste",1,2.63157894736842,100,100,51,51,73.0769230769231,73.0769230769231,100,100,0,0,0,0,100,100,69.2307692307692,69.2307692307692,0,0,19,19
2024,"NA","LFI",3,4.16666666666667,33.3333333333333,0,34.6666666666667,25,53.3333333333333,53.3333333333333,0,0,0,0,0,0,33.3333333333333,0,53.3333333333333,53.3333333333333,66.6666666666667,100,5.33333333333333,0
2024,"NA","LREM/RE",1,1.03092783505155,0,0,65,65,57.5,57.5,0,0,0,0,0,0,100,100,57.5,57.5,0,0,23,23
2024,"NA","RN",6,4.83870967741935,83.3333333333333,100,41.8333333333333,42,40.6028966618027,43.4782608695652,0,0,0,0,0,0,83.3333333333333,100,40.6028966618027,43.4782608695652,50,50,5.33333333333333,4.5
2024,"NA","RPR/UMP/LR",2,4.16666666666667,50,50,60,60,100,100,50,50,0,0,0,0,100,100,100,100,0,0,35,35
2024,"NA","UDF/MODEM/UDI/NC/Dém",1,2.77777777777778,100,100,65,65,57.5,57.5,0,0,0,0,0,0,100,100,57.5,57.5,0,0,23,23
2024,"ouvrier","LFI",4,5.55555555555556,25,0,39.75,38.5,22.9749417249417,21.5909090909091,25,0,0,0,100,100,75,100,20.7022144522144,20.1923076923077,25,0,3,3
2024,"ouvrier","LREM/RE",1,1.03092783505155,0,0,53,53,25,25,0,0,0,0,100,100,100,100,25,25,0,0,7,7
2024,"ouvrier","RN",3,2.41935483870968,66.6666666666667,100,47,54,18.9346187121493,13.7931034482759,0,0,0,0,100,100,66.6666666666667,100,18.9346187121493,13.7931034482759,0,0,3,3
2024,"profinter","Communiste",7,38.8888888888889,28.5714285714286,0,51.2857142857143,49,36.7034450309712,28.5714285714286,0,0,0,0,100,100,100,100,36.7034450309712,28.5714285714286,0,0,11.4285714285714,4
2024,"profinter","Écologiste",3,7.89473684210526,33.3333333333333,0,61.3333333333333,62,48.1673648471445,45.1612903225806,0,0,0,0,100,100,100,100,48.1673648471445,45.1612903225806,33.3333333333333,0,17.6666666666667,16
2024,"profinter","LC/HOR",2,6.66666666666667,0,0,53.5,53.5,70.8333333333333,70.8333333333333,0,0,0,0,100,100,100,100,70.8333333333333,70.8333333333333,0,0,21.5,21.5
2024,"profinter","LFI",10,13.8888888888889,50,50,46.9,45.5,22.1135684285502,11.437908496732,0,0,0,0,100,100,30,0,22.1135684285502,11.437908496732,20,0,4.5,2.5
2024,"profinter","LIOT",2,8.69565217391304,100,100,57.5,57.5,41.4230019493177,41.4230019493177,0,0,0,0,100,100,100,100,41.4230019493177,41.4230019493177,0,0,13.5,13.5
2024,"profinter","LREM/RE",10,10.3092783505155,40,0,58.3,57,35.319499121652,31.5136476426799,10,0,0,0,100,100,60,100,34.4861657883186,31.5136476426799,0,0,10.3,10
2024,"profinter","RN",19,15.3225806451613,36.8421052631579,0,46.3157894736842,46,27.0130608977134,14.2857142857143,0,0,0,0,100,100,63.1578947368421,100,27.0130608977134,14.2857142857143,47.3684210526316,0,4.68421052631579,4
2024,"profinter","RPR/UMP/LR",4,8.33333333333333,50,50,59,60,74.4578428427062,72.5998962117281,0,0,0,0,100,100,100,100,74.4578428427062,72.5998962117281,0,0,25.75,29
2024,"profinter","Socialiste",9,13.8461538461538,22.2222222222222,0,53.3333333333333,54,53.5666150926108,47.6190476190476,11.1111111111111,0,0,0,100,100,100,100,52.1777262037219,47.6190476190476,44.4444444444444,0,14.7777777777778,13
2024,"profinter","UDF/MODEM/UDI/NC/Dém",5,13.8888888888889,60,100,54,49,48.1428571428572,41.6666666666667,0,0,0,0,100,100,100,100,48.1428571428572,41.6666666666667,0,0,15.2,10
2024,"profinter","UDR",2,11.7647058823529,50,50,48,48,29.1666666666667,29.1666666666667,0,0,0,0,100,100,100,100,29.1666666666667,29.1666666666667,100,100,7,7
2024,"proflib","Communiste",1,5.55555555555556,0,0,39,39,71.4285714285714,71.4285714285714,0,0,100,100,0,0,100,100,71.4285714285714,71.4285714285714,0,0,10,10
2024,"proflib","LC/HOR",5,16.6666666666667,40,0,51.8,54,57.7490959365557,41.9354838709677,20,0,100,100,0,0,80,100,53.6111649020729,41.9354838709677,0,0,15,13
2024,"proflib","LIOT",4,17.3913043478261,0,0,55.75,56,49.3923611111111,50,0,0,100,100,0,0,100,100,49.3923611111111,50,25,0,15.5,14
2024,"proflib","LREM/RE",11,11.340206185567,63.6363636363636,100,54.5454545454545,54,29.9414429247384,26.9230769230769,9.09090909090909,0,100,100,0,0,45.4545454545455,0,29.5282197842425,26.9230769230769,0,0,9,7
2024,"proflib","Non-inscrits",3,33.3333333333333,33.3333333333333,0,52,51,80.2447552447552,88.4615384615385,0,0,100,100,0,0,66.6666666666667,100,80.2447552447552,88.4615384615385,0,0,23,23
2024,"proflib","RN",15,12.0967741935484,66.6666666666667,100,57.8,59,22.8674092646807,13.6363636363636,6.66666666666667,0,100,100,0,0,80,100,19.7721711694426,12.9032258064516,20,0,7.4,4
2024,"proflib","RPR/UMP/LR",4,8.33333333333333,75,100,54.75,59.5,80.0160256410256,92.0833333333333,0,0,100,100,0,0,100,100,80.0160256410256,92.0833333333333,0,0,22,21.5
2024,"proflib","Socialiste",2,3.07692307692308,100,100,66,66,54.8780487804878,54.8780487804878,0,0,100,100,0,0,100,100,54.8780487804878,54.8780487804878,0,0,22.5,22.5
2024,"proflib","UDF/MODEM/UDI/NC/Dém",5,13.8888888888889,20,0,61.2,66,61.0456899049907,57.5757575757576,20,0,100,100,0,0,100,100,59.8335686928695,52.6315789473684,0,0,22.6,20
2024,"proflib","UDR",3,17.6470588235294,100,100,59.6666666666667,69,43.5064935064935,50,0,0,100,100,0,0,100,100,43.5064935064935,50,33.3333333333333,0,12.3333333333333,10
2024,"Total","Communiste",18,100,27.7777777777778,0,50.1111111111111,50,58.0296758454222,62.7413127413128,22.2222222222222,0,33.3333333333333,0,38.8888888888889,0,94.4444444444444,100,54.3113793851903,54.8048048048048,11.1111111111111,0,15.3333333333333,12
2024,"Total","Écologiste",38,100,47.3684210526316,0,47.8684210526316,48,52.5115454488759,53.968253968254,42.1052631578947,0,65.7894736842105,100,7.89473684210526,0,65.7894736842105,100,38.6720669231985,40.3716216216216,31.5789473684211,0,11.4736842105263,11
2024,"Total","LC/HOR",30,100,36.6666666666667,0,50.9333333333333,54.5,58.8496448751373,52.4731182795699,23.3333333333333,0,80,100,6.66666666666667,0,76.6666666666667,100,55.0234415839648,52.4731182795699,6.66666666666667,0,15.0333333333333,14
2024,"Total","LFI",72,100,38.8888888888889,0,42.5416666666667,40.5,34.7658320693728,24.1666666666667,27.7777777777778,0,44.4444444444444,0,34.7222222222222,0,31.9444444444444,0,25.7624879639721,20.7142857142857,19.4444444444444,0,5.38888888888889,3
2024,"Total","LIOT",23,100,21.7391304347826,0,57.0869565217391,59,58.3928456367991,53.7037037037037,26.0869565217391,0,69.5652173913043,100,8.69565217391304,0,95.6521739130435,100,53.0456695219656,47.0588235294118,26.0869565217391,0,18.9565217391304,16
2024,"Total","LREM/RE",97,100,40.2061855670103,0,49.9072164948454,50,51.9095243917204,47.6190476190476,35.0515463917526,0,67.0103092783505,100,11.340206185567,0,58.7628865979381,100,42.5594627152886,35.7142857142857,7.21649484536082,0,11.4536082474227,10
2024,"Total","Non-inscrits",9,100,44.4444444444444,0,54.1111111111111,53,68.5780813231793,88.4615384615385,33.3333333333333,0,66.6666666666667,100,0,0,77.7777777777778,100,68.5780813231793,88.4615384615385,0,0,16.8888888888889,13
2024,"Total","RN",124,100,31.4516129032258,0,47.2661290322581,48,40.4910429246254,33.3333333333333,33.8709677419355,0,45.9677419354839,0,26.6129032258065,0,68.5483870967742,100,33.4863156950884,25,36.2903225806452,0,6.86290322580645,4
2024,"Total","RPR/UMP/LR",48,100,29.1666666666667,0,52.6041666666667,55,78.8533859599574,84.2592592592592,41.6666666666667,0,62.5,100,8.33333333333333,0,95.8333333333333,100,69.7919243358729,71.82418699187,12.5,0,21.25,20.5
2024,"Total","Socialiste",65,100,38.4615384615385,0,53.7692307692308,54,57.5487593662693,58.8235294117647,44.6153846153846,0,67.6923076923077,100,13.8461538461538,0,87.6923076923077,100,49.0347399965732,50,49.2307692307692,0,16.6923076923077,16
2024,"Total","UDF/MODEM/UDI/NC/Dém",36,100,33.3333333333333,0,55.6388888888889,54.5,49.5984601644027,50,16.6666666666667,0,77.7777777777778,100,13.8888888888889,0,88.8888888888889,100,48.4365335531296,50,0,0,15.25,11
2024,"Total","UDR",17,100,29.4117647058824,0,47.1176470588235,41,24.9310681017275,10.427807486631,29.4117647058824,0,64.7058823529412,100,17.6470588235294,0,52.9411764705882,100,20.0729877728217,10.427807486631,82.3529411764706,100,7.17647058823529,4
