"legis.annee","genre","tendance.pol","effectifs","pourcentages","mean_part.femmes","median_part.femmes","mean_age","median_age","mean_part.pol","median_part.pol","mean_part.cabcollab","median_part.cabcollab","mean_part.pcs.123","median_part.pcs.123","mean_part.pcs.456","median_part.pcs.456","mean_part.elu.local","median_part.elu.local","mean_part.mandat","median_part.mandat","mean_part.primos","median_part.primos","mean_duree.pol","median_duree.pol"
1978,"Femmes","Centre",2,1.43884892086331,100,100,58.5,58.5,12.4526515151515,12.4526515151515,0,0,50,50,50,50,100,100,12.4526515151515,12.4526515151515,100,100,4,4
1978,"Femmes","COM/LFI",13,14.7727272727273,100,100,43,41,32.3072666963222,25,0,0,30.7692307692308,0,61.5384615384615,100,76.9230769230769,100,32.3072666963222,25,69.2307692307692,100,5.84615384615385,5
1978,"Femmes","Droite",3,1.72413793103448,100,100,60,64,66.7443667443667,90.9090909090909,0,0,66.6666666666667,100,0,0,66.6666666666667,100,66.7443667443667,90.9090909090909,0,0,21.6666666666667,30
1978,"Femmes","ECO/SOC/RAD",2,1.65289256198347,100,100,46,46,19.6969696969697,19.6969696969697,0,0,50,50,50,50,50,50,19.6969696969697,19.6969696969697,100,100,6.5,6.5
1978,"Femmes","Non-inscrits",1,7.14285714285714,100,100,49,49,0,0,0,0,0,0,100,100,0,0,0,0,100,100,0,0
1978,"Hommes","Centre",137,98.5611510791367,0,0,50.3941605839416,52,44.6430052651633,41.6666666666667,20.4379562043796,0,89.051094890511,100,8.75912408759124,0,78.8321167883212,100,41.9440127406626,41.1764705882353,45.985401459854,0,11.4014598540146,11
1978,"Hommes","COM/LFI",75,85.2272727272727,0,0,52.4133333333333,52,45.8693115309351,42.4242424242424,2.66666666666667,0,20,0,78.6666666666667,100,78.6666666666667,100,45.4479551095787,42.4242424242424,32,0,13.0666666666667,12
1978,"Hommes","Droite",171,98.2758620689655,0,0,53.7309941520468,55,52.25892599066,55.5555555555556,22.2222222222222,0,88.3040935672515,100,9.35672514619883,0,78.9473684210526,100,49.1814798577273,51.6129032258065,29.2397660818713,0,14.2631578947368,13
1978,"Hommes","ECO/SOC/RAD",119,98.3471074380165,0,0,48.0840336134454,47,41.6761545903798,35.7142857142857,5.88235294117647,0,71.4285714285714,100,26.0504201680672,0,85.7142857142857,100,40.9336051569152,35.7142857142857,45.3781512605042,0,9.8655462184874,7
1978,"Hommes","Non-inscrits",13,92.8571428571429,0,0,54.1538461538462,55,39.8734419702161,38.8888888888889,7.69230769230769,0,76.9230769230769,100,15.3846153846154,0,84.6153846153846,100,37.675639772414,38.8888888888889,30.7692307692308,0,11.8461538461538,10
1978,"Total","Centre",139,100,1.43884892086331,0,50.5107913669065,52,44.1798347076092,41.1764705882353,20.1438848920863,0,88.4892086330935,100,9.35251798561151,0,79.136690647482,100,41.5196766079214,40.625,46.7625899280576,0,11.294964028777,10
1978,"Total","COM/LFI",88,100,14.7727272727273,0,51.0227272727273,52,43.8658276349128,41.8859649122807,2.27272727272727,0,21.5909090909091,0,76.1363636363636,100,78.4090909090909,100,43.5067170485294,41.8859649122807,37.5,0,12,8.5
1978,"Total","Droite",174,100,1.72413793103448,0,53.8390804597701,55,52.5086749691722,56.3492063492063,21.8390804597701,0,87.9310344827586,100,9.19540229885057,0,78.7356321839081,100,49.4842882523245,51.6129032258065,28.735632183908,0,14.3908045977012,13.5
1978,"Total","ECO/SOC/RAD",121,100,1.65289256198347,0,48.0495867768595,47,41.3128622780921,35.7142857142857,5.78512396694215,0,71.0743801652893,100,26.4462809917355,0,85.1239669421488,100,40.5825863889822,35.7142857142857,46.2809917355372,0,9.8099173553719,7
1978,"Total","Non-inscrits",14,100,7.14285714285714,0,53.7857142857143,54,37.0253389723436,35.5734767025089,7.14285714285714,0,71.4285714285714,100,21.4285714285714,0,78.5714285714286,100,34.984522645813,35.5734767025089,35.7142857142857,0,11,9
1997,"Femmes","Centre",8,6.50406504065041,100,100,57.75,57,49.2584325396825,50.8928571428572,37.5,0,87.5,100,0,0,75,100,39.3960813492064,45.6845238095238,25,0,16.5,20
1997,"Femmes","COM/LFI",4,9.75609756097561,100,100,52,52.5,59.2753623188406,53.3333333333333,0,0,25,0,50,50,100,100,59.2753623188406,53.3333333333333,25,0,16,16
1997,"Femmes","Droite",9,5.73248407643312,100,100,52.4444444444444,51,50.9935294355584,57.6923076923077,22.2222222222222,0,77.7777777777778,100,11.1111111111111,0,100,100,47.9664639084929,53.8461538461538,44.4444444444444,0,13.7777777777778,15
1997,"Femmes","ECO/SOC/RAD",52,15.8536585365854,100,100,48.8269230769231,49,46.4399273297359,50.8620689655173,25,0,61.5384615384615,100,25,0,78.8461538461538,100,37.4985743732007,36.7521367521367,82.6923076923077,100,11.0961538461538,13.5
1997,"Hommes","Centre",115,93.4959349593496,0,0,53.3739130434783,53,65.1004917400925,68.0851063829787,30.4347826086957,0,89.5652173913043,100,5.21739130434783,0,96.5217391304348,100,62.5724807069008,66.6666666666667,15.6521739130435,0,18.4260869565217,18
1997,"Hommes","COM/LFI",37,90.2439024390244,0,0,54.8378378378378,54,60.3696630517633,64.5161290322581,0,0,35.1351351351351,0,62.1621621621622,100,94.5945945945946,100,60.3696630517633,64.5161290322581,51.3513513513514,100,18.2702702702703,20
1997,"Hommes","Droite",148,94.2675159235669,0,0,54.0743243243243,54,60.831435203508,60,28.3783783783784,0,83.7837837837838,100,7.43243243243243,0,97.2972972972973,100,57.5758404945615,56.5714285714286,16.8918918918919,0,17.4054054054054,15
1997,"Hommes","ECO/SOC/RAD",276,84.1463414634146,0,0,51.713768115942,51,61.1773719496715,63.8181818181818,21.3768115942029,0,72.463768115942,100,18.1159420289855,0,96.3768115942029,100,57.9971785877594,60.8695652173913,48.9130434782609,0,16.2789855072464,16
1997,"Hommes","Non-inscrits",5,100,0,0,55.6,57,56.5470549981419,47.8260869565217,20,0,80,100,20,0,100,100,55.9914994425864,47.8260869565217,60,100,17.2,15
1997,"Total","Centre",123,100,6.50406504065041,0,53.6585365853659,53,64.0701139059195,66.6666666666667,30.8943089430894,0,89.4308943089431,100,4.8780487804878,0,95.1219512195122,100,61.0650726185955,65.5172413793103,16.260162601626,0,18.3008130081301,20
1997,"Total","COM/LFI",41,100,9.75609756097561,0,54.5609756097561,54,60.2629020046489,63.6363636363636,0,0,34.1463414634146,0,60.9756097560976,100,95.1219512195122,100,60.2629020046489,63.6363636363636,48.780487804878,0,18.0487804878049,20
1997,"Total","Droite",157,100,5.73248407643312,0,53.9808917197452,53,60.2674788219058,60,28.0254777070064,0,83.4394904458599,100,7.64331210191083,0,97.4522292993631,100,57.0249845119206,56,18.4713375796178,0,17.1974522292994,15
1997,"Total","ECO/SOC/RAD",328,100,15.8536585365854,0,51.2560975609756,51,58.8409478026085,61.3171355498721,21.9512195121951,0,70.7317073170732,100,19.2073170731707,0,93.5975609756098,100,54.7473998708172,58.1989247311828,54.2682926829268,100,15.4573170731707,15
1997,"Total","Non-inscrits",5,100,0,0,55.6,57,56.5470549981419,47.8260869565217,20,0,80,100,20,0,100,100,55.9914994425864,47.8260869565217,60,100,17.2,15
2007,"Femmes","Centre",1,3.84615384615385,100,100,75,75,66.6666666666667,66.6666666666667,0,0,0,0,0,0,100,100,66.6666666666667,66.6666666666667,100,100,30,30
2007,"Femmes","COM/LFI",6,23.0769230769231,100,100,55.5,56.5,60.619399641577,64.8200757575758,16.6666666666667,0,16.6666666666667,0,66.6666666666667,100,100,100,60.619399641577,64.8200757575758,33.3333333333333,0,18.5,17.5
2007,"Femmes","Droite",58,15.7181571815718,100,100,53.5344827586207,54.5,52.8222560975603,53.3596837944664,22.4137931034483,0,63.7931034482759,100,18.9655172413793,0,93.1034482758621,100,48.4714879480405,49,36.2068965517241,0,15.2241379310345,12
2007,"Femmes","ECO/SOC/RAD",57,27.1428571428571,100,100,53.3333333333333,55,56.8472154059936,62.0689655172414,24.5614035087719,0,57.8947368421053,100,29.8245614035088,0,91.2280701754386,100,47.2133410070095,46.6666666666667,57.8947368421053,100,15.7543859649123,16
2007,"Femmes","Non-inscrits",1,12.5,100,100,44,44,94.7368421052632,94.7368421052632,100,100,0,0,0,0,100,100,94.7368421052632,94.7368421052632,0,0,18,18
2007,"Hommes","Centre",25,96.1538461538462,0,0,53.2,53,72.6157578810936,73.3333333333333,28,0,80,100,4,0,96,100,69.4747640922738,73.3333333333333,16,0,19.52,18
2007,"Hommes","COM/LFI",20,76.9230769230769,0,0,59.75,61,77.4478079704598,80,5,0,30,0,65,100,100,100,75.7811413037931,78.4615384615385,25,0,26.45,27
2007,"Hommes","Droite",311,84.2818428184282,0,0,54.9581993569132,56,68.285670697202,69.2307692307692,29.2604501607717,0,77.491961414791,100,7.07395498392283,0,96.7845659163987,100,64.3916136682758,66.6666666666667,21.5434083601286,0,20.3601286173633,21
2007,"Hommes","ECO/SOC/RAD",153,72.8571428571429,0,0,55.718954248366,57,73.1977706104232,78.9473684210526,37.9084967320261,0,66.6666666666667,100,15.0326797385621,0,97.3856209150327,100,67.270587498037,71.4285714285714,29.4117647058824,0,22.1699346405229,24
2007,"Hommes","Non-inscrits",7,87.5,0,0,51.4285714285714,52,81.2383628915887,90.3225806451613,42.8571428571429,0,71.4285714285714,100,28.5714285714286,0,100,100,75.2485769478857,80.6451612903226,42.8571428571429,0,20.8571428571429,18
2007,"Total","Centre",26,100,3.84615384615385,0,54.0384615384615,53.5,72.3869466805388,70,26.9230769230769,0,76.9230769230769,100,3.84615384615385,0,96.1538461538462,100,69.366760345135,70,19.2307692307692,0,19.9230769230769,18
2007,"Total","COM/LFI",26,100,23.0769230769231,0,58.7692307692308,59,73.564329125333,79.0625,7.69230769230769,0,26.9230769230769,0,65.3846153846154,100,100,100,72.2822778432817,77.5240384615385,26.9230769230769,0,24.6153846153846,24
2007,"Total","Droite",369,100,15.7181571815718,0,54.7344173441734,56,65.8551068847921,68.4210526315789,28.1842818428184,0,75.3387533875339,100,8.94308943089431,0,96.2059620596206,100,61.8892632840654,64.2857142857143,23.8482384823848,0,19.5528455284553,19
2007,"Total","ECO/SOC/RAD",210,100,27.1428571428571,0,55.0714285714286,56,68.7597627692209,72.10433244916,34.2857142857143,0,64.2857142857143,100,19.047619047619,0,95.7142857142857,100,61.8264777361867,66.6666666666667,37.1428571428571,0,20.4285714285714,21
2007,"Total","Non-inscrits",8,100,12.5,0,50.5,49.5,82.925672793298,92.0362903225806,50,50,62.5,100,25,0,100,100,77.6846100925579,87.1975806451613,37.5,0,20.5,18
2012,"Femmes","Centre",2,6.25,100,100,50.5,50.5,38.4615384615385,38.4615384615385,0,0,50,50,50,50,100,100,38.4615384615385,38.4615384615385,100,100,10.5,10.5
2012,"Femmes","COM/LFI",3,20,100,100,63.3333333333333,63,79.6586059743955,81.0810810810811,0,0,33.3333333333333,0,33.3333333333333,0,100,100,79.6586059743955,81.0810810810811,0,0,30.6666666666667,30
2012,"Femmes","Droite",27,13.3663366336634,100,100,52.1481481481481,52,55.8120021160764,58.3333333333333,29.6296296296296,0,59.2592592592593,100,18.5185185185185,0,96.2962962962963,100,49.5157058197801,50,37.037037037037,0,14.962962962963,14
2012,"Femmes","ECO/SOC/RAD",132,36.1643835616438,100,100,53.0833333333333,54,47.0632947008354,48.0509745127436,21.969696969697,0,53.7878787878788,100,32.5757575757576,0,86.3636363636364,100,40.618411149265,40.3703703703704,65.1515151515152,100,13.280303030303,11
2012,"Femmes","Non-inscrits",3,33.3333333333333,100,100,41,49,86.3782051282051,86.3782051282051,33.3333333333333,0,33.3333333333333,0,0,0,66.6666666666667,100,86.3782051282051,86.3782051282051,33.3333333333333,0,14.3333333333333,20
2012,"Hommes","Centre",30,93.75,0,0,53.9333333333333,52.5,74.5806093387274,82.0043103448276,40,0,56.6666666666667,100,13.3333333333333,0,90,100,69.4536847897599,77.2727272727273,20,0,21.6666666666667,23
2012,"Hommes","COM/LFI",12,80,0,0,60.25,61,69.5639231821349,80.9022556390977,16.6666666666667,0,50,50,33.3333333333333,0,100,100,66.2943857020712,74.2857142857143,41.6666666666667,0,25.0833333333333,26
2012,"Hommes","Droite",175,86.6336633663366,0,0,55.7885714285714,57,72.1722832076049,72.7272727272727,32,0,78.8571428571429,100,5.71428571428571,0,96.5714285714286,100,67.9047331411932,69.2307692307692,16,0,22.08,23
2012,"Hommes","ECO/SOC/RAD",233,63.8356164383562,0,0,54.2403433476395,55,66.4368233221591,72.5,41.6309012875536,0,60.5150214592275,100,18.4549356223176,0,93.9914163090129,100,58.4459260427702,63.8888888888889,50.6437768240343,100,19.6394849785408,19
2012,"Hommes","Non-inscrits",6,66.6666666666667,0,0,53,54,55.3613053613054,66.0839160839161,33.3333333333333,0,66.6666666666667,100,0,0,66.6666666666667,100,42.968142968143,46.2121212121212,50,50,14.8333333333333,15.5
2012,"Total","Centre",32,100,6.25,0,53.71875,52.5,72.3231674089031,80.2801724137931,37.5,0,56.25,100,15.625,0,90.625,100,67.516675644246,77.2077922077922,25,0,20.96875,23
2012,"Total","COM/LFI",15,100,20,0,60.8666666666667,62,71.582859740587,81.0810810810811,13.3333333333333,0,46.6666666666667,0,33.3333333333333,0,100,100,68.967229756536,81.0810810810811,33.3333333333333,0,26.2,29
2012,"Total","Droite",202,100,13.3663366336634,0,55.3019801980198,56,69.9855129626976,71.4285714285714,31.6831683168317,0,76.2376237623762,100,7.42574257425743,0,96.5346534653465,100,65.4467938457568,66.260162601626,18.8118811881188,0,21.1287128712871,23
2012,"Total","ECO/SOC/RAD",365,100,36.1643835616438,0,53.8219178082192,55,59.4305061221188,64.2857142857143,34.5205479452055,0,58.0821917808219,100,23.5616438356164,0,91.2328767123288,100,51.9987151771738,53.5714285714286,55.8904109589041,100,17.3397260273973,17
2012,"Total","Non-inscrits",9,100,33.3333333333333,0,49,51,63.1155303030303,75,33.3333333333333,0,55.5555555555556,100,0,0,66.6666666666667,100,53.8206585081585,62.2377622377623,44.4444444444444,0,14.6666666666667,19
2017,"Femmes","Centre",171,46.3414634146341,100,100,46.5555555555556,46,17.75621723121,7.17948717948718,16.9590643274854,0,69.5906432748538,100,21.6374269005848,0,42.6900584795322,0,12.6357918083307,0,95.3216374269006,100,4.05263157894737,2
2017,"Femmes","COM/LFI",10,30.3030303030303,100,100,45.8,40.5,30.4433440896109,6.66666666666665,20,0,30,0,40,0,50,50,24.4624828455918,6.66666666666665,80,100,8.5,1
2017,"Femmes","Droite",31,22.962962962963,100,100,52,55,56.7140826416086,53.3333333333333,22.5806451612903,0,48.3870967741936,0,22.5806451612903,0,100,100,46.5442665937336,38.4615384615385,58.0645161290323,100,14.6129032258065,13
2017,"Femmes","ECO/SOC/RAD",12,38.7096774193548,100,100,57.6666666666667,60,59.461010176558,60.1010101010101,33.3333333333333,0,58.3333333333333,100,8.33333333333333,0,83.3333333333333,100,50.4216169072886,49.0430622009569,8.33333333333333,0,19.1666666666667,20
2017,"Femmes","Non-inscrits",4,23.5294117647059,100,100,49.25,49,55.5759803921569,61.1519607843137,50,50,50,50,0,0,75,100,43.0759803921569,46.5686274509804,50,50,11.75,12
2017,"Hommes","Centre",198,53.6585365853659,0,0,47.4444444444444,48,33.7980331759687,25.7142857142857,19.1919191919192,0,79.2929292929293,100,9.09090909090909,0,60.6060606060606,100,28.0301467717873,18.75,85.3535353535353,100,8.57070707070707,5
2017,"Hommes","COM/LFI",23,69.6969696969697,0,0,51,51,44.1670641716144,41.9354838709677,34.7826086956522,0,47.8260869565217,0,30.4347826086957,0,69.5652173913043,100,37.5144105691516,41.1764705882353,78.2608695652174,100,13.8260869565217,10
2017,"Hommes","Droite",104,77.037037037037,0,0,53.1538461538462,54,74.6970707421197,79.7727272727273,36.5384615384615,0,68.2692307692308,100,7.69230769230769,0,96.1538461538462,100,68.5193006873557,68.5213414634146,30.7692307692308,0,20.8076923076923,22
2017,"Hommes","ECO/SOC/RAD",19,61.2903225806452,0,0,53.8947368421053,55,78.0121917460054,87.0967741935484,63.1578947368421,100,47.3684210526316,0,10.5263157894737,0,94.7368421052632,100,67.4722633457329,72.7272727272727,21.0526315789474,0,22.3157894736842,22
2017,"Hommes","Non-inscrits",13,76.4705882352941,0,0,53.9230769230769,50,61.3651497506937,70.3423304805793,38.4615384615385,0,53.8461538461538,100,7.69230769230769,0,100,100,57.9159811875562,67.1165240289665,61.5384615384615,100,16.5384615384615,18
2017,"Total","Centre",369,100,46.3414634146341,0,47.0325203252033,47,26.3672192506036,15.1515151515152,18.1571815718157,0,74.7967479674797,100,14.9051490514905,0,52.3035230352304,100,20.899246652475,8.82352941176471,89.9728997289973,100,6.4769647696477,3
2017,"Total","COM/LFI",33,100,30.3030303030303,0,49.4242424242424,49,40.0083611164618,34.7826086956522,30.3030303030303,0,42.4242424242424,0,33.3333333333333,0,63.6363636363636,100,33.5592809559517,27.2727272727273,78.7878787878788,100,12.2121212121212,9
2017,"Total","Droite",135,100,22.962962962963,0,52.8888888888889,54,70.5676438449653,72.3404255319149,33.3333333333333,0,63.7037037037037,100,11.1111111111111,0,97.037037037037,100,63.4731817473388,64.7058823529412,37.037037037037,0,19.3851851851852,20
2017,"Total","ECO/SOC/RAD",31,100,38.7096774193548,0,55.3548387096774,56,70.8310892029935,76.1904761904762,51.6129032258064,100,51.6129032258064,100,9.67741935483871,0,90.3225806451613,100,60.8720131114964,64.1025641025641,16.1290322580645,0,21.0967741935484,22
2017,"Total","Non-inscrits",17,100,23.5294117647059,0,52.8235294117647,49,59.9178574110595,70.3423304805793,41.1764705882353,0,52.9411764705882,100,5.88235294117647,0,94.1176470588235,100,54.2059809887064,64.9659863945579,58.8235294117647,100,15.4117647058824,16
2022,"Femmes","Centre",102,39.2307692307692,100,100,50.5392156862745,50,37.7434442670922,31.0096153846154,27.4509803921569,0,69.6078431372549,100,13.7254901960784,0,55.8823529411765,100,30.6074201868412,26.4912280701754,31.3725490196078,0,9.27450980392157,7
2022,"Femmes","COM/LFI",36,37.1134020618557,100,100,43.8055555555556,43,28.6248772857852,20,19.4444444444444,0,47.2222222222222,0,44.4444444444444,0,47.2222222222222,0,24.2806267650641,16.6666666666667,80.5555555555556,100,5.75,2
2022,"Femmes","Droite",29,31.1827956989247,100,100,50.4137931034483,53,61.6620333421761,58.3333333333333,27.5862068965517,0,51.7241379310345,100,20.6896551724138,0,93.1034482758621,100,52.0778194011041,48.2758620689655,41.3793103448276,0,14.8965517241379,12
2022,"Femmes","ECO/SOC/RAD",24,44.4444444444444,100,100,48.7916666666667,49,54.0126288712619,46.7611336032389,37.5,0,58.3333333333333,100,12.5,0,79.1666666666667,100,37.3460334053243,38.7820512820513,58.3333333333333,100,12.375,10
2022,"Femmes","Extrême-droite",33,37.0786516853933,100,100,51.0909090909091,52,25.3241480072473,11.7647058823529,15.1515151515152,0,45.4545454545455,0,39.3939393939394,0,78.7878787878788,100,21.0025556468618,7.40740740740741,93.9393939393939,100,6.09090909090909,2
2022,"Femmes","Non-inscrits",2,50,100,100,56.5,56.5,57.1501014198783,57.1501014198783,50,50,50,50,0,0,50,50,57.1501014198783,57.1501014198783,0,0,19,19
2022,"Hommes","Centre",158,60.7692307692308,0,0,50.6455696202532,51,53.4824182401101,50.9615384615385,29.1139240506329,0,74.0506329113924,100,8.86075949367089,0,74.0506329113924,100,46.6960168469818,46.8627450980392,32.2784810126582,0,12.9303797468354,8.5
2022,"Hommes","COM/LFI",61,62.8865979381443,0,0,45.0327868852459,45,38.7631836191742,30.7692307692308,29.5081967213115,0,37.7049180327869,0,37.7049180327869,0,55.7377049180328,100,28.287167578584,16.6666666666667,70.4918032786885,100,8.37704918032787,5
2022,"Hommes","Droite",64,68.8172043010753,0,0,50.859375,53,72.5551543463658,79.2857142857143,37.5,0,64.0625,100,10.9375,0,87.5,100,65.2305545571562,71.0801393728223,28.125,0,18.8125,19.5
2022,"Hommes","ECO/SOC/RAD",30,55.5555555555556,0,0,50.4333333333333,51,58.8793327743062,59.4117647058823,46.6666666666667,0,56.6666666666667,100,13.3333333333333,0,83.3333333333333,100,47.1309724565114,47.3333333333333,60,100,15.5333333333333,14.5
2022,"Hommes","Extrême-droite",56,62.9213483146067,0,0,43.25,39.5,50.2459799567622,50,48.2142857142857,0,46.4285714285714,0,19.6428571428571,0,80.3571428571429,100,37.8674621584583,28.5714285714286,94.6428571428571,100,6.75,7
2022,"Hommes","Non-inscrits",2,50,0,0,61,61,90.2777777777778,90.2777777777778,100,100,50,50,0,0,100,100,83.3333333333333,83.3333333333333,0,0,32.5,32.5
2022,"Total","Centre",260,100,39.2307692307692,0,50.6038461538462,51,47.3078976814646,42.8571428571429,28.4615384615385,0,72.3076923076923,100,10.7692307692308,0,66.9230769230769,100,40.3843366187728,35.7142857142857,31.9230769230769,0,11.4961538461538,8
2022,"Total","COM/LFI",97,100,37.1134020618557,0,44.5773195876289,44,34.9882823248272,23.2683982683983,25.7731958762887,0,41.2371134020619,0,40.2061855670103,0,52.5773195876289,100,26.795370467167,16.6666666666667,74.2268041237113,100,7.4020618556701,5
2022,"Total","Droite",93,100,31.1827956989247,0,50.7204301075269,53,69.1583746783927,72.4137931034483,34.4086021505376,0,60.2150537634409,100,13.9784946236559,0,89.247311827957,100,61.1291640246238,58.974358974359,32.258064516129,0,17.5913978494624,14
2022,"Total","ECO/SOC/RAD",54,100,44.4444444444444,0,49.7037037037037,50,56.7163532618421,55.126050420168,42.5925925925926,0,57.4074074074074,100,12.962962962963,0,81.4814814814815,100,42.7821106559838,42.2647527910686,59.2592592592593,100,14.1296296296296,12.5
2022,"Total","Extrême-droite",89,100,37.0786516853933,0,46.1573033707865,46,40.9002929756941,32.5757575757575,35.9550561797753,0,46.0674157303371,0,26.9662921348315,0,79.7752808988764,100,31.5431222166096,20.6060606060606,94.3820224719101,100,6.50561797752809,4
2022,"Total","Non-inscrits",4,100,50,50,58.75,60,73.713939598828,88.8071895424837,75,100,50,50,0,0,75,100,70.2417173766058,83.3333333333333,0,0,25.75,31
2024,"Femmes","Centre",56,35.8974358974359,100,100,53.0535714285714,52,43.4348434024825,39.6428571428572,26.7857142857143,0,66.0714285714286,100,16.0714285714286,0,57.1428571428571,100,38.5903315372939,32.7380952380952,8.92857142857143,0,11.4642857142857,10
2024,"Femmes","COM/LFI",33,36.6666666666667,100,100,43.0606060606061,43,36.2810841398698,33.3333333333333,24.2424242424242,0,45.4545454545455,0,39.3939393939394,0,39.3939393939394,0,28.4613453990784,22.2222222222222,18.1818181818182,0,5.75757575757576,4
2024,"Femmes","Droite",25,32.0512820512821,100,100,52.44,55,65.4860143369776,67.4418604651163,32,0,64,100,8,0,84,100,55.4372310885339,52.6315789473684,4,0,17.28,14
2024,"Femmes","ECO/SOC/RAD",43,41.747572815534,100,100,51.2325581395349,51,58.0708559251698,58.8235294117647,41.8604651162791,0,72.0930232558139,100,6.97674418604651,0,79.0697674418605,100,46.8786159898039,50,37.2093023255814,0,15.0697674418605,15
2024,"Femmes","Extrême-droite",44,31.2056737588652,100,100,53.25,56,30.7963519465218,14.8148148148148,18.1818181818182,0,47.7272727272727,0,31.8181818181818,0,70.4545454545455,100,26.0202270218807,13.7931034482759,29.5454545454545,0,7.88636363636364,4
2024,"Femmes","Non-inscrits",4,44.4444444444444,100,100,58.5,57,65.252109002109,72.8021978021978,25,0,75,100,0,0,100,100,65.252109002109,72.8021978021978,0,0,20.5,19.5
2024,"Hommes","Centre",100,64.1025641025641,0,0,51.86,53,57.3145265102273,54.2328042328042,31,0,72,100,9,0,79,100,49.3097492421241,47.8537360890302,8,0,14.54,12
2024,"Hommes","COM/LFI",57,63.3333333333333,0,0,44.6315789473684,43,41.4703024265089,25,28.0701754385965,0,40.3508771929825,0,33.3333333333333,0,47.3684210526316,0,33.4864470589433,23.3333333333333,17.5438596491228,0,8.31578947368421,4
2024,"Hommes","Droite",53,67.9487179487179,0,0,51.7358490566038,54,73.8358776208988,83.3333333333333,35.8490566037736,0,71.6981132075472,100,7.54716981132075,0,90.5660377358491,100,68.2034875174999,73.3333333333333,13.2075471698113,0,19.6037735849057,18
2024,"Hommes","ECO/SOC/RAD",60,58.252427184466,0,0,51.85,52,53.9843546847081,53.2147742818057,45,0,63.3333333333333,100,15,0,80,100,44.0169359216205,45.307917888563,46.6666666666667,0,14.55,14
2024,"Hommes","Extrême-droite",97,68.7943262411348,0,0,44.5257731958763,41,42.2773420192221,33.9743589743589,40.2061855670103,0,48.4536082474227,0,22.680412371134,0,64.9484536082474,100,34.6185344843614,28.6363636363636,47.4226804123711,0,6.45360824742268,4
2024,"Hommes","Non-inscrits",5,55.5555555555556,0,0,50.6,38,71.2388591800356,88.6363636363636,40,0,60,100,0,0,60,100,71.2388591800356,88.6363636363636,0,0,14,9
2024,"Total","Centre",156,100,35.8974358974359,0,52.2884615384615,52.5,52.3320761638574,50,29.4871794871795,0,69.8717948717949,100,11.5384615384615,0,71.1538461538462,100,45.4617531429543,42.4812030075188,8.33333333333333,0,13.4358974358974,10
2024,"Total","COM/LFI",90,100,36.6666666666667,0,44.0555555555556,43,39.5243455690193,27.6190476190476,26.6666666666667,0,42.2222222222222,0,35.5555555555556,0,44.4444444444444,0,31.602033936494,23.2051282051282,17.7777777777778,0,7.37777777777778,4
2024,"Total","Droite",78,100,32.0512820512821,0,51.9615384615385,55,71.1596393888727,74.0761478163494,34.6153846153846,0,69.2307692307692,100,7.69230769230769,0,88.4615384615385,100,64.1117386620621,66.6666666666667,10.2564102564103,0,18.8589743589744,16
2024,"Total","ECO/SOC/RAD",103,100,41.747572815534,0,51.5922330097087,52,55.6903697656776,55.5555555555556,43.6893203883495,0,66.9902912621359,100,11.6504854368932,0,79.6116504854369,100,45.211617891833,47.0588235294118,42.7184466019417,0,14.7669902912621,14
2024,"Total","Extrême-droite",141,100,31.2056737588652,0,47.2482269503546,48,38.6738195876446,33.3333333333333,33.3333333333333,0,48.2269503546099,0,25.531914893617,0,66.6666666666667,100,31.9197956457726,21.2765957446809,41.8439716312057,0,6.90070921985816,4
2024,"Total","Non-inscrits",9,100,44.4444444444444,0,54.1111111111111,53,68.5780813231793,88.4615384615385,33.3333333333333,0,66.6666666666667,100,0,0,77.7777777777778,100,68.5780813231793,88.4615384615385,0,0,16.8888888888889,13
