"legis.annee","elu.local","elu.local.1","effectifs","pourcentages","mean_part.femmes","median_part.femmes","mean_age","median_age","mean_part.pol","median_part.pol","mean_part.cabcollab","median_part.cabcollab","mean_part.pcs.123","median_part.pcs.123","mean_part.pcs.456","median_part.pcs.456","mean_part.elu.local","median_part.elu.local","mean_part.mandat","median_part.mandat","mean_part.primos","median_part.primos","mean_duree.pol","median_duree.pol"
1978,"Ancien élu local","Ancien élu local",430,Inf,3.48837209302326,0,51.9348837209302,53,52.981674281091,53.2291666666667,13.953488372093,0,71.1627906976744,100,26.5116279069767,0,100,100,51.3921865283708,51.5151515151515,34.4186046511628,0,13.9279069767442,13
1978,"Jamais élu local","Jamais élu local",106,Inf,5.66037735849057,0,48.2452830188679,49,17.667834351498,14.7186147186147,15.0943396226415,0,80.188679245283,100,16.0377358490566,0,0,0,14.2615883734426,0,57.5471698113208,100,4.54716981132075,2
1978,"Total","Total",536,100,3.91791044776119,0,51.205223880597,53,45.9979671308357,44,14.1791044776119,0,72.9477611940299,100,24.4402985074627,0,80.2238805970149,100,44.0491951022096,42.4242424242424,38.9925373134328,0,12.0727611940299,11
1997,"Ancien élu local","Ancien élu local",621,Inf,9.66183574879227,0,52.8647342995169,52,62.1867401725895,63.6363636363636,22.7053140096618,0,75.2012882447665,100,16.5861513687601,0,100,100,59.3020191362706,60.4166666666667,36.3929146537842,0,17.1481481481481,16
1997,"Jamais élu local","Jamais élu local",33,Inf,39.3939393939394,0,47.6666666666667,45,23.5756871129137,16.1290322580645,42.4242424242424,0,72.7272727272727,100,12.1212121212121,0,0,0,10.4623107232215,0,72.7272727272727,100,6,3
1997,"Total","Total",654,100,11.1620795107034,0,52.6024464831804,52,60.2384760273765,61.8347338935574,23.7003058103976,0,75.0764525993884,100,16.3608562691131,0,94.954128440367,100,56.8376301796488,58.578637510513,38.2262996941896,0,16.585626911315,16
2007,"Ancien élu local","Ancien élu local",615,Inf,18.5365853658537,0,55.2845528455285,56,68.9427721291093,70.5882352941177,28.9430894308943,0,69.7560975609756,100,14.7967479674797,0,100,100,64.8276821924795,66.6666666666667,26.9918699186992,0,20.669918699187,21
2007,"Jamais élu local","Jamais élu local",24,Inf,37.5,0,45.7916666666667,43.5,33.2674298300629,24.6963562753036,45.8333333333333,0,66.6666666666667,100,8.33333333333333,0,0,0,10.6677417368207,0,62.5,100,4.79166666666667,5
2007,"Total","Total",639,100,19.2488262910798,0,54.9280125195618,56,67.6028531695207,70.3703703703704,29.5774647887324,0,69.6400625978091,100,14.5539906103286,0,96.2441314553991,100,62.7935060251309,66.6666666666667,28.3255086071987,0,20.0735524256651,20
2012,"Ancien élu local","Ancien élu local",578,Inf,25.4325259515571,0,55.0622837370242,56,67.7000736492683,70.7317073170732,33.9100346020761,0,63.6678200692042,100,17.8200692041523,0,100,100,61.7334701915298,63.8888888888889,37.8892733564014,0,20.2128027681661,20
2012,"Jamais élu local","Jamais élu local",45,Inf,44.4444444444444,0,45.8444444444444,46,13.4448699858899,0,24.4444444444444,0,62.2222222222222,100,17.7777777777778,0,0,0,3.26011274627875,0,88.8888888888889,100,2.44444444444444,0
2012,"Total","Total",623,100,26.8057784911718,0,54.3964686998395,55,63.8620849656852,68,33.2263242375602,0,63.5634028892456,100,17.8170144462279,0,92.776886035313,100,57.5970912082645,60.7142857142857,41.5730337078652,0,18.9293739967897,19
2017,"Ancien élu local","Ancien élu local",389,Inf,31.3624678663239,0,52.4678663239075,53,56.7473813298257,58.3333333333333,27.5064267352185,0,63.4961439588689,100,15.1670951156812,0,100,100,51.5525933944866,51.6129032258065,59.8971722365039,100,15.6298200514139,16
2017,"Jamais élu local","Jamais élu local",196,Inf,54.0816326530612,100,42.5,41,8.80456518006308,0,19.3877551020408,0,78.5714285714286,100,13.265306122449,0,0,0,0.768378397460591,0,96.9387755102041,100,1.25510204081633,0
2017,"Total","Total",585,100,38.974358974359,0,49.1282051282051,50,40.6840666404722,36.0555555555556,24.7863247863248,0,68.5470085470085,100,14.5299145299145,0,66.4957264957265,100,34.5372636274418,27.2727272727273,72.3076923076923,100,10.8136752136752,7
2022,"Ancien élu local","Ancien élu local",426,Inf,34.5070422535211,0,51.0539906103286,52,56.1517821280966,53.8461538461538,30.5164319248826,0,58.6854460093897,100,18.075117370892,0,100,100,50.5585057830789,50,50,50,14.1291079812207,12
2022,"Jamais élu local","Jamais élu local",171,Inf,46.1988304093567,0,43.719298245614,42,30.434154718809,18.8746438746439,34.5029239766082,0,63.1578947368421,100,19.8830409356725,0,0,0,15.3769954837339,8.13748531139835,51.4619883040936,100,4.49707602339181,5
2022,"Total","Total",597,100,37.85594639866,0,48.9530988274707,50,48.8658438401365,47.0588235294118,31.6582914572864,0,59.9664991624791,100,18.5929648241206,0,71.356783919598,100,40.5913999984416,36.8421052631579,50.4187604690117,100,11.3701842546064,8
2024,"Ancien élu local","Ancien élu local",403,Inf,33.4987593052109,0,52.0248138957816,53,58.8667263914528,56.4102564102564,31.7617866004963,0,59.3052109181141,100,17.12158808933,0,100,100,53.3090480769957,52.6315789473684,21.5880893300248,0,15.0992555831266,13
2024,"Jamais élu local","Jamais élu local",174,Inf,40.2298850574713,0,44.0919540229885,43,30.4805448184094,21.7171717171717,36.7816091954023,0,60.3448275862069,100,20.1149425287356,0,0,0,18.0785303307273,14.2857142857143,30.4597701149425,0,4.55172413793103,2
2024,"Total","Total",577,100,35.528596187175,0,49.632582322357,51,50.514925158053,50,33.2755632582322,0,59.6187175043328,100,18.0242634315425,0,69.844020797227,100,42.9435016998099,40.7407407407407,24.263431542461,0,11.9185441941075,10
