"legis.annee","cabcollab","ProfSigni","effectifs","pourcentages","mean_part.femmes","median_part.femmes","mean_age","median_age","mean_part.pol","median_part.pol","mean_part.cabcollab","median_part.cabcollab","mean_part.pcs.123","median_part.pcs.123","mean_part.pcs.456","median_part.pcs.456","mean_part.elu.local","median_part.elu.local","mean_part.mandat","median_part.mandat","mean_part.primos","median_part.primos","mean_duree.pol","median_duree.pol"
1978,"Ancien collaborateur","artisancommercantpdg",1,4.76190476190476,0,0,55,55,100,100,100,100,100,100,0,0,100,100,100,100,0,0,30,30
1978,"Ancien collaborateur","cadsupprive",12,16,0,0,48.0833333333333,52,48.9683292081791,41.1637931034483,100,100,100,100,0,0,66.6666666666667,100,40.3523239907417,38.0387931034483,50,50,12.75,12.5
1978,"Ancien collaborateur","cadsuppub",48,29.0909090909091,0,0,50.3958333333333,52,57.2224075699203,60.3030303030303,100,100,100,100,0,0,81.25,100,42.3182838332549,47.45670995671,29.1666666666667,0,14.4583333333333,13.5
1978,"Ancien collaborateur","collab",8,80,0,0,44.375,47,64.1381455849456,74.8125,100,100,0,0,0,0,100,100,47.3634339824136,39.8571428571428,37.5,0,10.625,9.5
1978,"Ancien collaborateur","profinter",5,6.49350649350649,0,0,50.2,50,46.9463203463204,38.0952380952381,100,100,0,0,100,100,80,100,33.3108225108225,12.1212121212121,60,100,10.6,11
1978,"Ancien collaborateur","proflib",2,1.94174757281553,0,0,45,45,41.991341991342,41.991341991342,100,100,100,100,0,0,0,0,30.3030303030303,30.3030303030303,50,50,12,12
1978,"Jamais collaborateur","agri",27,100,0,0,50.5925925925926,48,59.0615385545648,63.6363636363636,0,0,100,100,0,0,88.8888888888889,100,59.0615385545648,63.6363636363636,48.1481481481481,0,14.2222222222222,13
1978,"Jamais collaborateur","artisancommercantpdg",20,95.2380952380952,5,0,57.7,55.5,41.8919789285612,47.2831765935214,0,0,100,100,0,0,55,100,41.8919789285612,47.2831765935214,25,0,12.9,14.5
1978,"Jamais collaborateur","cadsupprive",63,84,3.17460317460317,0,50.4920634920635,51,36.4300961617903,35.4838709677419,0,0,100,100,0,0,73.015873015873,100,36.4300961617903,35.4838709677419,47.6190476190476,0,9.95238095238095,8
1978,"Jamais collaborateur","cadsuppub",117,70.9090909090909,2.56410256410256,0,48.9059829059829,48,39.1259158103556,35,0,0,100,100,0,0,80.3418803418803,100,39.1259158103556,35,47.8632478632479,0,9.4017094017094,7
1978,"Jamais collaborateur","collab",2,20,0,0,40.5,40.5,13.1578947368421,13.1578947368421,0,0,0,0,0,0,0,0,13.1578947368421,13.1578947368421,50,50,2.5,2.5
1978,"Jamais collaborateur","employe",54,100,11.1111111111111,0,54.4444444444444,55.5,46.3836363177426,46.2962962962962,0,0,0,0,100,100,83.3333333333333,100,46.3836363177426,46.2962962962962,25.9259259259259,0,13.5740740740741,13
1978,"Jamais collaborateur","NA",4,100,50,50,45.75,44,24.3777056277056,1.78571428571428,0,0,0,0,0,0,50,50,24.3777056277056,1.78571428571428,75,100,8,0.5
1978,"Jamais collaborateur","profinter",72,93.5064935064935,6.94444444444444,0,50.1805555555556,52.5,46.5933210223843,42.2647527910686,0,0,0,0,100,100,90.2777777777778,100,46.5933210223843,42.2647527910686,44.4444444444444,0,11.8194444444444,9
1978,"Jamais collaborateur","proflib",101,98.0582524271845,1.98019801980198,0,54.049504950495,56,50.4970693423425,54.8387096774194,0,0,100,100,0,0,82.1782178217822,100,50.4970693423425,54.8387096774194,27.7227722772277,0,14.2772277227723,13
1978,"Total","agri",27,100,0,0,50.5925925925926,48,59.0615385545648,63.6363636363636,0,0,100,100,0,0,88.8888888888889,100,59.0615385545648,63.6363636363636,48.1481481481481,0,14.2222222222222,13
1978,"Total","artisancommercantpdg",21,100,4.76190476190476,0,57.5714285714286,55,44.6590275510107,55.1724137931034,4.76190476190476,0,100,100,0,0,57.1428571428571,100,44.6590275510107,55.1724137931034,23.8095238095238,0,13.7142857142857,16
1978,"Total","cadsupprive",75,100,2.66666666666667,0,50.1066666666667,51,38.4362134492125,37.5,16,0,100,100,0,0,72,100,37.0576526144226,35.4838709677419,48,0,10.4,9
1978,"Total","cadsuppub",165,100,1.81818181818182,0,49.3393939393939,50,44.3903497767744,41.6666666666667,29.0909090909091,0,100,100,0,0,80.6060606060606,100,40.0546046897445,39.3939393939394,42.4242424242424,0,10.8727272727273,10
1978,"Total","collab",10,100,0,0,43.6,45,53.9420954153249,56.7255434782608,80,100,0,0,0,0,80,100,40.5223261332993,35.248447204969,40,0,9,6.5
1978,"Total","employe",54,100,11.1111111111111,0,54.4444444444444,55.5,46.3836363177426,46.2962962962962,0,0,0,0,100,100,83.3333333333333,100,46.3836363177426,46.2962962962962,25.9259259259259,0,13.5740740740741,13
1978,"Total","NA",4,100,50,50,45.75,44,24.3777056277056,1.78571428571428,0,0,0,0,0,0,50,50,24.3777056277056,1.78571428571428,75,100,8,0.5
1978,"Total","profinter",77,100,6.49350649350649,0,50.1818181818182,52,46.6162430564061,42.1052631578947,6.49350649350649,0,0,0,100,100,89.6103896103896,100,45.7308211190361,42.1052631578947,45.4545454545455,0,11.7402597402597,9
1978,"Total","proflib",103,100,1.94174757281553,0,53.873786407767,56,50.3319095879542,54.8387096774194,1.94174757281553,0,100,100,0,0,80.5825242718447,100,50.1049520794433,54.8387096774194,28.1553398058252,0,14.2330097087379,13
1997,"Ancien collaborateur","artisancommercantpdg",2,5.26315789473684,0,0,33.5,33.5,45.4545454545454,45.4545454545454,100,100,100,100,0,0,50,50,36.3636363636363,36.3636363636363,50,50,5,5
1997,"Ancien collaborateur","cadsupprive",22,22.4489795918367,9.09090909090909,0,49.0909090909091,48.5,69.4961277720065,75.7902298850575,100,100,100,100,0,0,95.4545454545455,100,62.3727834326839,64.691091954023,36.3636363636364,0,15.9545454545455,15
1997,"Ancien collaborateur","cadsuppub",69,29.4871794871795,14.4927536231884,0,51.3188405797101,51,57.3794917290807,59.2592592592593,100,100,100,100,0,0,88.4057971014493,100,45.3195369711181,45.8333333333333,44.9275362318841,0,15.2028985507246,15
1997,"Ancien collaborateur","collab",47,90.3846153846154,12.7659574468085,0,46.1063829787234,45,83.7165860874172,87.5,100,100,0,0,0,0,93.6170212765958,100,59.3099020233922,64.2857142857143,36.1702127659574,0,17.5744680851064,18
1997,"Ancien collaborateur","profinter",7,7.69230769230769,0,0,48.1428571428571,49,62.799448917096,65.3846153846154,100,100,0,0,100,100,100,100,61.2121473297944,63.6363636363636,28.5714285714286,0,13.8571428571429,14
1997,"Ancien collaborateur","proflib",8,7.76699029126214,0,0,48.875,48.5,66.1701507870863,75.4985754985755,100,100,100,100,0,0,87.5,100,58.8081944936784,69.0476190476191,12.5,0,15.625,18.5
1997,"Jamais collaborateur","agri",18,100,0,0,55.6111111111111,56.5,69.2796236830615,78.4615384615385,0,0,100,100,0,0,94.4444444444444,100,69.2796236830615,78.4615384615385,27.7777777777778,0,21.1111111111111,20
1997,"Jamais collaborateur","artisancommercantpdg",36,94.7368421052632,5.55555555555556,0,54.1944444444444,55,57.5540058412728,52.7777777777778,0,0,100,100,0,0,97.2222222222222,100,57.5540058412728,52.7777777777778,36.1111111111111,0,16.6944444444444,15
1997,"Jamais collaborateur","cadsupprive",76,77.5510204081633,6.57894736842105,0,53.2368421052632,52.5,56.8794618377376,57.1428571428571,0,0,100,100,0,0,96.0526315789474,100,56.8794618377376,57.1428571428571,28.9473684210526,0,15.9736842105263,15.5
1997,"Jamais collaborateur","cadsuppub",165,70.5128205128205,11.5151515151515,0,54.7333333333333,54,58.2465141469647,60.6060606060606,0,0,100,100,0,0,96.969696969697,100,58.2465141469647,60.6060606060606,35.7575757575758,0,17.569696969697,19
1997,"Jamais collaborateur","collab",5,9.61538461538461,60,100,41.4,42,30.3115554522204,30.4347826086957,0,0,0,0,0,0,60,100,30.3115554522204,30.4347826086957,80,100,5.2,5
1997,"Jamais collaborateur","employe",6,100,66.6666666666667,100,53,53,58.6151482925677,55.955334987593,0,0,0,0,100,100,100,100,58.6151482925677,55.955334987593,33.3333333333333,0,16,15
1997,"Jamais collaborateur","NA",4,100,25,0,42.25,43.5,59.3003565062389,68.3333333333333,0,0,0,0,0,0,100,100,59.3003565062389,68.3333333333333,25,0,11,14
1997,"Jamais collaborateur","ouvrier",10,100,10,0,54.9,55.5,54.8019073220686,58.3333333333333,0,0,0,0,100,100,90,100,54.8019073220686,58.3333333333333,50,50,17.4,18.5
1997,"Jamais collaborateur","profinter",84,92.3076923076923,13.0952380952381,0,52.5595238095238,52,59.7362074614501,64.3181818181818,0,0,0,0,100,100,96.4285714285714,100,59.7362074614501,64.3181818181818,55.9523809523809,100,16.2619047619048,15
1997,"Jamais collaborateur","proflib",95,92.2330097087379,9.47368421052632,0,54.0210526315789,54,56.3633224458667,55.5555555555556,0,0,100,100,0,0,96.8421052631579,100,56.3633224458667,55.5555555555556,33.6842105263158,0,16.7263157894737,14
1997,"Total","agri",18,100,0,0,55.6111111111111,56.5,69.2796236830615,78.4615384615385,0,0,100,100,0,0,94.4444444444444,100,69.2796236830615,78.4615384615385,27.7777777777778,0,21.1111111111111,20
1997,"Total","artisancommercantpdg",38,100,5.26315789473684,0,53.1052631578947,54.5,56.9171921367082,52.7777777777778,5.26315789473684,0,100,100,0,0,94.7368421052632,100,56.4387232371867,52.7777777777778,36.8421052631579,0,16.0789473684211,15
1997,"Total","cadsupprive",98,100,7.14285714285714,0,52.3061224489796,52,59.7117745984918,59.6296296296296,22.4489795918367,0,100,100,0,0,95.9183673469388,100,58.112656481501,57.1428571428571,30.6122448979592,0,15.969387755102,15.5
1997,"Total","cadsuppub",234,100,12.3931623931624,0,53.7264957264957,54,57.9908536904092,60.3030303030303,29.4871794871795,0,100,100,0,0,94.4444444444444,100,54.4347131848561,57.6923076923077,38.4615384615385,0,16.8717948717949,16
1997,"Total","collab",52,100,17.3076923076923,0,45.6538461538462,45,78.581486987879,85.9782608695652,90.3846153846154,100,0,0,0,0,90.3846153846154,100,56.5215994684718,62.0192307692307,40.3846153846154,0,16.3846153846154,16.5
1997,"Total","employe",6,100,66.6666666666667,100,53,53,58.6151482925677,55.955334987593,0,0,0,0,100,100,100,100,58.6151482925677,55.955334987593,33.3333333333333,0,16,15
1997,"Total","NA",4,100,25,0,42.25,43.5,59.3003565062389,68.3333333333333,0,0,0,0,0,0,100,100,59.3003565062389,68.3333333333333,25,0,11,14
1997,"Total","ouvrier",10,100,10,0,54.9,55.5,54.8019073220686,58.3333333333333,0,0,0,0,100,100,90,100,54.8019073220686,58.3333333333333,50,50,17.4,18.5
1997,"Total","profinter",91,100,12.0879120879121,0,52.2197802197802,52,59.9718414195767,65,7.69230769230769,0,0,0,100,100,96.7032967032967,100,59.8497412974766,63.6363636363636,53.8461538461538,100,16.0769230769231,15
1997,"Total","proflib",103,100,8.7378640776699,0,53.621359223301,53,57.1250178510099,56,7.76699029126214,0,100,100,0,0,96.1165048543689,100,56.553215420454,56,32.0388349514563,0,16.6407766990291,14
2007,"Ancien collaborateur","artisancommercantpdg",3,8.10810810810811,0,0,54,51,75.048433048433,76,100,100,100,100,0,0,100,100,60.1196581196581,57.6923076923077,0,0,21.6666666666667,20
2007,"Ancien collaborateur","cadsupprive",15,15,20,0,51.6,54,78.9469069145767,84.2105263157895,100,100,100,100,0,0,93.3333333333333,100,67.4762068437838,77.7777777777778,20,0,21.4666666666667,24
2007,"Ancien collaborateur","cadsuppub",66,33.6734693877551,12.1212121212121,0,54.6363636363636,55,66.6097214344496,65.8333333333333,100,100,100,100,0,0,92.4242424242424,100,56.6214946308925,53.8095238095238,22.7272727272727,0,19.4242424242424,18
2007,"Ancien collaborateur","collab",85,92.3913043478261,15.2941176470588,0,49.3294117647059,50,87.168062874532,92.3076923076923,100,100,0,0,0,0,94.1176470588235,100,64.3131583300549,70,28.2352941176471,0,21.0705882352941,21
2007,"Ancien collaborateur","employe",1,12.5,100,100,55,55,20,20,100,100,0,0,100,100,100,100,20,20,0,0,6,6
2007,"Ancien collaborateur","NA",2,22.2222222222222,50,50,48,48,75,75,100,100,0,0,0,0,100,100,59.6153846153846,59.6153846153846,50,50,16.5,16.5
2007,"Ancien collaborateur","profinter",8,10,25,0,54.75,56.5,78.9657564657565,85.3535353535353,100,100,0,0,100,100,100,100,66.2347374847375,75.1948051948052,12.5,0,23,24
2007,"Ancien collaborateur","proflib",9,9.57446808510638,11.1111111111111,0,53.7777777777778,55,75.8049060678143,84.2105263157895,100,100,100,100,0,0,100,100,62.2694881251258,59.0909090909091,44.4444444444444,0,21.3333333333333,19
2007,"Jamais collaborateur","agri",18,100,11.1111111111111,0,54.9444444444444,56.5,61.2502516544671,65.8646616541354,0,0,100,100,0,0,94.4444444444444,100,61.2502516544671,65.8646616541354,44.4444444444444,0,17.9444444444444,19.5
2007,"Jamais collaborateur","artisancommercantpdg",34,91.8918918918919,8.82352941176471,0,55.5,56,63.2172734978134,65.4761904761905,0,0,100,100,0,0,100,100,63.2172734978134,65.4761904761905,29.4117647058824,0,19.3529411764706,18
2007,"Jamais collaborateur","cadsupprive",85,85,16.4705882352941,0,55.2117647058824,56,64.0077083715178,66.6666666666667,0,0,100,100,0,0,98.8235294117647,100,64.0077083715178,66.6666666666667,21.1764705882353,0,19.2352941176471,18
2007,"Jamais collaborateur","cadsuppub",130,66.3265306122449,19.2307692307692,0,57.2307692307692,58,63.4019802712284,64.9324324324324,0,0,100,100,0,0,96.1538461538462,100,63.4019802712284,64.9324324324324,28.4615384615385,0,20.5230769230769,21
2007,"Jamais collaborateur","collab",7,7.60869565217391,28.5714285714286,0,50.2857142857143,52,51.1176996050946,42.8571428571429,0,0,0,0,0,0,100,100,51.1176996050946,42.8571428571429,57.1428571428571,100,13.8571428571429,12
2007,"Jamais collaborateur","employe",7,87.5,57.1428571428571,100,55.5714285714286,56,71.0292929458015,70.5882352941177,0,0,0,0,100,100,100,100,71.0292929458015,70.5882352941177,14.2857142857143,0,21.8571428571429,24
2007,"Jamais collaborateur","NA",7,77.7777777777778,57.1428571428571,100,52.8571428571429,52,67.4722222222222,75,0,0,0,0,0,0,85.7142857142857,100,67.4722222222222,75,57.1428571428571,100,19.4285714285714,24
2007,"Jamais collaborateur","ouvrier",5,100,0,0,61.4,61,75.2073732718894,85.7142857142857,0,0,0,0,100,100,100,100,75.2073732718894,85.7142857142857,40,0,28.4,36
2007,"Jamais collaborateur","profinter",72,90,34.7222222222222,0,55.2361111111111,57,64.6695823985482,71.1915535444948,0,0,0,0,100,100,97.2222222222222,100,64.6695823985482,71.1915535444948,41.6666666666667,0,20.0277777777778,19.5
2007,"Jamais collaborateur","proflib",85,90.4255319148936,17.6470588235294,0,57.4941176470588,58,61.2351921070942,65,0,0,100,100,0,0,96.4705882352941,100,61.2351921070942,65,22.3529411764706,0,19.9764705882353,21
2007,"Total","agri",18,100,11.1111111111111,0,54.9444444444444,56.5,61.2502516544671,65.8646616541354,0,0,100,100,0,0,94.4444444444444,100,61.2502516544671,65.8646616541354,44.4444444444444,0,17.9444444444444,19.5
2007,"Total","artisancommercantpdg",37,100,8.10810810810811,0,55.3783783783784,56,64.1765567046204,66.6666666666667,8.10810810810811,0,100,100,0,0,100,100,62.9661154941792,64.2857142857143,27.027027027027,0,19.5405405405405,19
2007,"Total","cadsupprive",100,100,17,0,54.67,55,66.2485881529766,71.7142857142857,15,0,100,100,0,0,98,100,64.5279831423577,67.5438596491228,21,0,19.57,19
2007,"Total","cadsuppub",196,100,16.8367346938776,0,56.3571428571429,57.5,64.4821380098641,65,33.6734693877551,0,100,100,0,0,94.8979591836735,100,61.1187555147887,62.3310810810811,26.530612244898,0,20.1530612244898,20
2007,"Total","collab",92,100,16.304347826087,0,49.4021739130435,50.5,84.4251004518574,90.1612903225806,92.3913043478261,100,0,0,0,0,94.5652173913043,100,63.3091560357645,69.2307692307692,30.4347826086957,0,20.5217391304348,20.5
2007,"Total","employe",8,100,62.5,100,55.5,55.5,64.6506313275763,69.9095022624435,12.5,0,0,0,100,100,100,100,64.6506313275763,69.9095022624435,12.5,0,19.875,21
2007,"Total","NA",9,100,55.5555555555556,100,51.7777777777778,51,69.1450617283951,75,22.2222222222222,0,0,0,0,0,88.8888888888889,100,65.7262583095916,75,55.5555555555556,100,18.7777777777778,20
2007,"Total","ouvrier",5,100,0,0,61.4,61,75.2073732718894,85.7142857142857,0,0,0,0,100,100,100,100,75.2073732718894,85.7142857142857,40,0,28.4,36
2007,"Total","profinter",80,100,33.75,0,55.1875,57,66.099199805269,72.10433244916,10,0,0,0,100,100,97.5,100,64.8260979071671,71.1915535444948,38.75,0,20.325,21.5
2007,"Total","proflib",94,100,17.0212765957447,0,57.1382978723404,57,62.6301647203546,66.6666666666667,9.57446808510638,0,100,100,0,0,96.8085106382979,100,61.3342204492461,64.8529411764706,24.468085106383,0,20.1063829787234,21
2012,"Ancien collaborateur","artisancommercantpdg",1,4.34782608695652,0,0,47,47,100,100,100,100,100,100,0,0,100,100,100,100,0,0,22,22
2012,"Ancien collaborateur","cadsupprive",30,27.7777777777778,10,0,53.9333333333333,52,76.3306346215072,83.0220713073005,100,100,100,100,0,0,93.3333333333333,100,60.9120396441516,57.5454545454546,40,0,21.9333333333333,21
2012,"Ancien collaborateur","cadsuppub",57,33.7278106508876,22.8070175438597,0,53.1578947368421,53,69.2162264693609,69.6969696969697,100,100,100,100,0,0,96.4912280701754,100,57.6572507094197,60,33.3333333333333,0,19.280701754386,19
2012,"Ancien collaborateur","collab",97,95.0980392156863,16.4948453608247,0,47.4226804123711,46,84.3029616641358,89.4736842105263,100,100,0,0,0,0,92.7835051546392,100,58.0183133782028,58.0645161290323,47.4226804123711,0,19.0618556701031,17
2012,"Ancien collaborateur","NA",3,21.4285714285714,33.3333333333333,0,53.6666666666667,55,71.5770609318997,58.0645161290323,100,100,0,0,0,0,100,100,62.9749103942652,56.6666666666667,33.3333333333333,0,20,18
2012,"Ancien collaborateur","profinter",12,11.4285714285714,33.3333333333333,0,55.1666666666667,54,68.6011808628132,68.1818181818182,100,100,0,0,100,100,100,100,55.5924867290237,49.8550724637682,58.3333333333333,100,20.3333333333333,23
2012,"Ancien collaborateur","proflib",7,8.97435897435897,14.2857142857143,0,61.1428571428571,61,77.9176858578852,86.046511627907,100,100,100,100,0,0,100,100,71.6484023543824,81.3953488372093,0,0,27.8571428571429,24
2012,"Jamais collaborateur","agri",18,100,27.7777777777778,0,58.1111111111111,57.5,59.0264208840253,65,0,0,100,100,0,0,94.4444444444444,100,59.0264208840253,65,38.8888888888889,0,19.4444444444444,17.5
2012,"Jamais collaborateur","artisancommercantpdg",22,95.6521739130435,13.6363636363636,0,55.9545454545455,57,55.3083485999709,56.9065343258892,0,0,100,100,0,0,100,100,55.3083485999709,56.9065343258892,27.2727272727273,0,17.8636363636364,19
2012,"Jamais collaborateur","cadsupprive",78,72.2222222222222,21.7948717948718,0,54.4230769230769,55.5,59.9326774061964,67.0289855072464,0,0,100,100,0,0,87.1794871794872,100,59.9326774061964,67.0289855072464,38.4615384615385,0,18.5641025641026,22.5
2012,"Jamais collaborateur","cadsuppub",112,66.2721893491124,30.3571428571429,0,55.3839285714286,58,55.4929719431545,63.0255255255256,0,0,100,100,0,0,90.1785714285714,100,55.4929719431545,63.0255255255256,50,50,17.9464285714286,17
2012,"Jamais collaborateur","collab",5,4.90196078431373,60,100,48.4,51,53.5152868909675,57.8947368421053,0,0,0,0,0,0,100,100,53.5152868909675,57.8947368421053,60,100,14.4,20
2012,"Jamais collaborateur","employe",6,100,33.3333333333333,0,56.5,57,35.3033731913042,37.0726495726496,0,0,0,0,100,100,83.3333333333333,100,35.3033731913042,37.0726495726496,33.3333333333333,0,11.5,11
2012,"Jamais collaborateur","NA",11,78.5714285714286,63.6363636363636,100,55.0909090909091,61,57.7394689147738,56.3821138211382,0,0,0,0,0,0,81.8181818181818,100,57.7394689147738,56.3821138211382,54.5454545454545,100,17.7272727272727,17
2012,"Jamais collaborateur","profinter",93,88.5714285714286,47.3118279569892,0,57.5268817204301,57,53.6353557961098,56.0975609756098,0,0,0,0,100,100,92.4731182795699,100,53.6353557961098,56.0975609756098,49.4623655913978,0,17.9677419354839,17
2012,"Jamais collaborateur","proflib",71,91.025641025641,19.7183098591549,0,57.4788732394366,60,62.1424799079513,60.7142857142857,0,0,100,100,0,0,97.1830985915493,100,62.1424799079513,60.7142857142857,25.3521126760563,0,20.5352112676056,20
2012,"Total","agri",18,100,27.7777777777778,0,58.1111111111111,57.5,59.0264208840253,65,0,0,100,100,0,0,94.4444444444444,100,59.0264208840253,65,38.8888888888889,0,19.4444444444444,17.5
2012,"Total","artisancommercantpdg",23,100,13.0434782608696,0,55.5652173913044,57,57.251463878233,58.974358974359,4.34782608695652,0,100,100,0,0,100,100,57.251463878233,58.974358974359,26.0869565217391,0,18.0434782608696,21
2012,"Total","cadsupprive",108,100,18.5185185185185,0,54.287037037037,54,64.4876655215605,69.8896631823461,27.7777777777778,0,100,100,0,0,88.8888888888889,100,60.204722472295,65.821566110398,38.8888888888889,0,19.5,22
2012,"Total","cadsuppub",169,100,27.810650887574,0,54.6331360946746,56,60.1215252448928,66.6666666666667,33.7278106508876,0,100,100,0,0,92.3076923076923,100,56.2229357873978,60.5263157894737,44.3786982248521,0,18.396449704142,18
2012,"Total","collab",102,100,18.6274509803922,0,47.4705882352941,46.5,82.7937619203531,88.5164835164836,95.0980392156863,100,0,0,0,0,93.1372549019608,100,57.7975767856913,57.9796264855688,48.0392156862745,0,18.8333333333333,17
2012,"Total","employe",6,100,33.3333333333333,0,56.5,57,35.3033731913042,37.0726495726496,0,0,0,0,100,100,83.3333333333333,100,35.3033731913042,37.0726495726496,33.3333333333333,0,11.5,11
2012,"Total","NA",14,100,57.1428571428571,100,54.7857142857143,56.5,60.9327593802644,56.6666666666667,21.4285714285714,0,0,0,0,0,85.7142857142857,100,58.9476477177334,56.6666666666667,50,50,18.2142857142857,17.5
2012,"Total","profinter",105,100,45.7142857142857,0,57.2571428571429,57,55.345735803733,58.6206896551724,11.4285714285714,0,0,0,100,100,93.3333333333333,100,53.8590279027285,56.0975609756098,50.4761904761905,100,18.2380952380952,17
2012,"Total","proflib",78,100,19.2307692307692,0,57.8076923076923,60.5,63.5582035188428,62.5625625625626,8.97435897435897,0,100,100,0,0,97.4358974358974,100,62.9955755121182,62.5625625625626,23.0769230769231,0,21.1923076923077,21.5
2017,"Ancien collaborateur","artisancommercantpdg",10,15.1515151515152,20,0,48.8,49.5,49.3903061982522,47.1666666666667,100,100,100,100,0,0,70,100,42.2400555171412,38.8333333333333,70,100,13.1,11.5
2017,"Ancien collaborateur","cadsupprive",20,15.2671755725191,30,0,43.55,40.5,46.3933869976294,48.9130434782608,100,100,100,100,0,0,40,0,23.0856366192549,0,75,100,9.7,5
2017,"Ancien collaborateur","cadsuppub",21,17.3553719008264,28.5714285714286,0,53.1904761904762,55,60.0807036837442,71.7391304347826,100,100,100,100,0,0,76.1904761904762,100,46.3755318452559,60,38.0952380952381,0,18.1904761904762,19
2017,"Ancien collaborateur","collab",85,95.5056179775281,31.7647058823529,0,47.2705882352941,48,84.2369872061051,91.6666666666667,100,100,0,0,0,0,83.5294117647059,100,53.4596243141301,59.2592592592593,56.4705882352941,100,18.6352941176471,19
2017,"Ancien collaborateur","NA",1,10,100,100,44,44,63.1578947368421,63.1578947368421,100,100,0,0,0,0,100,100,57.8947368421053,57.8947368421053,100,100,12,12
2017,"Ancien collaborateur","profinter",5,6.32911392405063,0,0,44.4,43,48.8010697032436,43.75,100,100,0,0,100,100,40,0,28.2732919254658,0,60,100,10.6,7
2017,"Ancien collaborateur","proflib",3,4.41176470588235,66.6666666666667,100,53.3333333333333,51,37.3038073038073,46.1538461538462,100,100,100,100,0,0,66.6666666666667,100,27.972027972028,38.4615384615385,66.6666666666667,100,13,12
2017,"Jamais collaborateur","agri",15,100,13.3333333333333,0,55.0666666666667,58,61.5103516305609,64.7058823529412,0,0,100,100,0,0,86.6666666666667,100,61.5103516305609,64.7058823529412,46.6666666666667,0,20.9333333333333,22
2017,"Jamais collaborateur","artisancommercantpdg",56,84.8484848484848,35.7142857142857,0,49.6607142857143,49,18.0767242964975,0,0,0,100,100,0,0,48.2142857142857,0,18.0767242964975,0,83.9285714285714,100,5.35714285714286,0
2017,"Jamais collaborateur","cadsupprive",111,84.7328244274809,41.4414414414414,0,46.2072072072072,47,24.1677633219426,9.09090909090909,0,0,100,100,0,0,49.5495495495495,0,24.1677633219426,9.09090909090909,81.981981981982,100,6.62162162162162,3
2017,"Jamais collaborateur","cadsuppub",100,82.6446280991736,40,0,51.27,51,35.4257952648673,31.8840579710145,0,0,100,100,0,0,72,100,35.4257952648673,31.8840579710145,70,100,10.21,9
2017,"Jamais collaborateur","collab",4,4.49438202247191,50,50,56.25,56,71.0385835095138,71.3953488372093,0,0,0,0,0,0,100,100,71.0385835095138,71.3953488372093,25,0,21,20.5
2017,"Jamais collaborateur","employe",6,100,66.6666666666667,100,51,50,17.1031746031746,17.1428571428571,0,0,0,0,100,100,66.6666666666667,100,17.1031746031746,17.1428571428571,100,100,5.5,4
2017,"Jamais collaborateur","NA",9,90,33.3333333333333,0,40.1111111111111,35,56.1052489177489,55.6709956709957,0,0,0,0,0,0,77.7777777777778,100,56.1052489177489,55.6709956709957,66.6666666666667,100,8.77777777777778,6
2017,"Jamais collaborateur","profinter",74,93.6708860759494,60.8108108108108,100,49.9189189189189,50,32.3880953326285,19.6153846153846,0,0,0,0,100,100,71.6216216216216,100,32.3880953326285,19.6153846153846,85.1351351351351,100,9.32432432432432,6
2017,"Jamais collaborateur","proflib",65,95.5882352941177,33.8461538461538,0,51.8615384615385,53,31.8660097926667,24.1379310344828,0,0,100,100,0,0,72.3076923076923,100,31.8660097926667,24.1379310344828,73.8461538461538,100,10.3846153846154,6
2017,"Total","agri",15,100,13.3333333333333,0,55.0666666666667,58,61.5103516305609,64.7058823529412,0,0,100,100,0,0,86.6666666666667,100,61.5103516305609,64.7058823529412,46.6666666666667,0,20.9333333333333,22
2017,"Total","artisancommercantpdg",66,100,33.3333333333333,0,49.530303030303,49,22.821206402824,10,15.1515151515152,0,100,100,0,0,51.5151515151515,100,21.7378350875041,6.44736842105263,81.8181818181818,100,6.53030303030303,2.5
2017,"Total","cadsupprive",131,100,39.6946564885496,0,45.8015267175573,47,27.613596449956,16.6666666666667,15.2671755725191,0,100,100,0,0,48.0916030534351,0,23.9999917401305,0,80.9160305343512,100,7.09160305343511,3
2017,"Total","cadsuppub",121,100,38.0165289256198,0,51.603305785124,52,39.7047463127716,37.5,17.3553719008264,0,100,100,0,0,72.7272727272727,100,37.3261627705546,36,64.4628099173554,100,11.595041322314,9
2017,"Total","collab",89,100,32.5842696629214,0,47.6741573033708,48,83.6438005231122,91.1764705882353,95.5056179775281,100,0,0,0,0,84.2696629213483,100,54.2496898959451,59.2592592592593,55.0561797752809,100,18.7415730337079,19
2017,"Total","employe",6,100,66.6666666666667,100,51,50,17.1031746031746,17.1428571428571,0,0,0,0,100,100,66.6666666666667,100,17.1031746031746,17.1428571428571,100,100,5.5,4
2017,"Total","NA",10,100,40,0,40.5,36.5,56.8888762309815,62.8571428571429,10,0,0,0,0,0,80,100,56.3040809093441,57.8947368421053,70,100,9.1,6
2017,"Total","profinter",79,100,56.9620253164557,100,49.5696202531646,49,33.42689117887,22.5806451612903,6.32911392405063,0,0,0,100,100,69.620253164557,100,32.1276647372385,19.2307692307692,83.5443037974684,100,9.40506329113924,7
2017,"Total","proflib",68,100,35.2941176470588,0,51.9264705882353,52.5,32.1059126240405,24.5689655172414,4.41176470588235,0,100,100,0,0,72.0588235294118,100,31.6942164770503,24.5689655172414,73.5294117647059,100,10.5,6.5
2022,"Ancien collaborateur","artisancommercantpdg",7,13.4615384615385,42.8571428571429,0,48.5714285714286,53,52.3074517163187,50,100,100,100,100,0,0,85.7142857142857,100,44.883493627336,50,42.8571428571429,0,13.1428571428571,8
2022,"Ancien collaborateur","cadsupprive",25,21.551724137931,44,0,46.8,47,48.2613242892987,42.1052631578947,100,100,100,100,0,0,52,100,29.8983229872795,16.6666666666667,48,0,8.8,8
2022,"Ancien collaborateur","cadsuppub",30,25.2100840336134,23.3333333333333,0,49.2666666666667,48,44.3557377105571,46.969696969697,100,100,100,100,0,0,60,100,33.7990976502642,28.0547409579667,70,100,12.1333333333333,9.5
2022,"Ancien collaborateur","collab",111,94.8717948717949,28.8288288288288,0,43.6756756756757,42,85.2453454271147,92.3076923076923,100,100,0,0,0,0,75.6756756756757,100,50.4864947147711,54.0540540540541,46.8468468468468,0,15.5855855855856,14
2022,"Ancien collaborateur","employe",5,18.5185185185185,20,0,38.6,37,36.3324420677362,18.1818181818182,100,100,0,0,100,100,40,0,25.8333333333333,0,100,100,5.6,2
2022,"Ancien collaborateur","NA",2,18.1818181818182,100,100,54.5,54.5,85.4166666666667,85.4166666666667,100,100,0,0,0,0,100,100,83.3333333333333,83.3333333333333,0,0,26,26
2022,"Ancien collaborateur","profinter",4,5.26315789473684,0,0,45.25,43,53.4280936454849,56.0869565217392,100,100,0,0,100,100,50,50,38.319397993311,35.8695652173913,50,50,10,10
2022,"Ancien collaborateur","proflib",5,8.33333333333333,40,0,46.8,51,55.7369727047146,53.8461538461538,100,100,100,100,0,0,60,100,35.002205679625,25,40,0,13.2,14
2022,"Jamais collaborateur","agri",11,100,18.1818181818182,0,54.3636363636364,56,62.3934559149291,58.3333333333333,0,0,100,100,0,0,90.9090909090909,100,62.3934559149291,58.3333333333333,27.2727272727273,0,18.3636363636364,21
2022,"Jamais collaborateur","artisancommercantpdg",45,86.5384615384615,31.1111111111111,0,53.9777777777778,53,38.292773038912,34.7826086956522,0,0,100,100,0,0,75.5555555555556,100,38.292773038912,34.7826086956522,31.1111111111111,0,10.8222222222222,8
2022,"Jamais collaborateur","cadsupprive",91,78.448275862069,38.4615384615385,0,49.010989010989,49,40.3809139354329,37.8378378378378,0,0,100,100,0,0,61.5384615384615,100,40.3809139354329,37.8378378378378,37.3626373626374,0,9.30769230769231,5
2022,"Jamais collaborateur","cadsuppub",89,74.7899159663866,38.2022471910112,0,49.9662921348315,50,42.3368071863023,40,0,0,100,100,0,0,73.0337078651685,100,42.3368071863023,40,50.561797752809,100,11.2808988764045,8
2022,"Jamais collaborateur","collab",6,5.12820512820513,33.3333333333333,0,51.5,52,57.300904101478,59.1666666666667,0,0,0,0,0,0,100,100,57.300904101478,59.1666666666667,83.3333333333333,100,17,16
2022,"Jamais collaborateur","employe",22,81.4814814814815,59.0909090909091,100,47.1818181818182,48,19.9785067879244,12.5,0,0,0,0,100,100,54.5454545454545,100,19.9785067879244,12.5,81.8181818181818,100,5.31818181818182,1
2022,"Jamais collaborateur","NA",9,81.8181818181818,55.5555555555556,100,45.6666666666667,50,57.7713330946414,55.2631578947368,0,0,0,0,0,0,77.7777777777778,100,57.7713330946414,55.2631578947368,77.7777777777778,100,12.3333333333333,8
2022,"Jamais collaborateur","ouvrier",8,100,37.5,0,40.75,44,7.52935715989903,7.40740740740741,0,0,0,0,100,100,75,100,7.52935715989903,7.40740740740741,100,100,1.5,1.5
2022,"Jamais collaborateur","profinter",72,94.7368421052632,48.6111111111111,0,51.4861111111111,51.5,35.8074663760921,33.3333333333333,0,0,0,0,100,100,76.3888888888889,100,35.8074663760921,33.3333333333333,59.7222222222222,100,9.98611111111111,8
2022,"Jamais collaborateur","proflib",55,91.6666666666667,45.4545454545455,0,53.5818181818182,53,38.4767924529823,35.8974358974359,0,0,100,100,0,0,81.8181818181818,100,38.4767924529823,35.8974358974359,49.0909090909091,0,10.8181818181818,8
2022,"Total","agri",11,100,18.1818181818182,0,54.3636363636364,56,62.3934559149291,58.3333333333333,0,0,100,100,0,0,90.9090909090909,100,62.3934559149291,58.3333333333333,27.2727272727273,0,18.3636363636364,21
2022,"Total","artisancommercantpdg",52,100,32.6923076923077,0,53.25,53,40.1793643993321,35.0925925925926,13.4615384615385,0,100,100,0,0,76.9230769230769,100,39.1799854258152,34.8913043478261,32.6923076923077,0,11.1346153846154,8
2022,"Total","cadsupprive",116,100,39.6551724137931,0,48.5344827586207,48.5,42.079278235835,37.966537966538,21.551724137931,0,100,100,0,0,59.4827586206897,100,38.1217348517792,33.3333333333333,39.6551724137931,0,9.19827586206897,7
2022,"Total","cadsuppub",119,100,34.453781512605,0,49.7899159663866,50,42.8457812680472,42.8571428571429,25.2100840336134,0,100,100,0,0,69.7478991596639,100,40.1844434377212,34.7826086956522,55.4621848739496,100,11.4957983193277,8
2022,"Total","collab",117,100,29.0598290598291,0,44.0769230769231,43,83.8122971540051,92.3076923076923,94.8717948717949,100,0,0,0,0,76.9230769230769,100,50.8359516063971,54.5454545454545,48.7179487179487,0,15.6581196581197,14
2022,"Total","employe",27,100,51.8518518518519,100,45.5925925925926,46,23.1234943417344,17.156862745098,18.5185185185185,0,0,0,100,100,51.8518518518519,100,21.1044349697338,8.33333333333334,85.1851851851852,100,5.37037037037037,2
2022,"Total","NA",11,100,63.6363636363636,100,47.2727272727273,50,63.9147405550914,70,18.1818181818182,0,0,0,0,0,81.8181818181818,100,63.4517775921285,66.6666666666667,63.6363636363636,100,14.8181818181818,17
2022,"Total","ouvrier",8,100,37.5,0,40.75,44,7.52935715989903,7.40740740740741,0,0,0,0,100,100,75,100,7.52935715989903,7.40740740740741,100,100,1.5,1.5
2022,"Total","profinter",76,100,46.0526315789474,0,51.1578947368421,50.5,36.7348678113233,36.3636363636364,5.26315789473684,0,0,0,100,100,75,100,35.9396733033141,33.3333333333333,59.2105263157895,100,9.98684210526316,8
2022,"Total","proflib",60,100,45,0,53.0166666666667,53,39.9151408072934,37.1473354231975,8.33333333333333,0,100,100,0,0,80,100,38.1872435552026,35.340022296544,48.3333333333333,0,11.0166666666667,8
2024,"Ancien collaborateur","agri",1,8.33333333333333,100,100,54,54,17.2413793103448,17.2413793103448,100,100,100,100,0,0,0,0,0,0,100,100,5,5
2024,"Ancien collaborateur","artisancommercantpdg",8,14.8148148148148,25,0,46.75,43,42.703853046595,36.1111111111111,100,100,100,100,0,0,75,100,35.6943854933032,26.25,37.5,0,11.125,8
2024,"Ancien collaborateur","cadsupprive",26,24.7619047619048,34.6153846153846,0,46.9230769230769,48,53.8501441367074,52.7777777777778,100,100,100,100,0,0,50,50,37.9464688670039,34.1666666666667,26.9230769230769,0,10.8076923076923,10
2024,"Ancien collaborateur","cadsuppub",33,27.5,30.3030303030303,0,49.7575757575758,50,49.670626063763,50,100,100,100,100,0,0,60.6060606060606,100,40.2458582504503,34.2857142857143,27.2727272727273,0,13,12
2024,"Ancien collaborateur","collab",110,95.6521739130435,27.2727272727273,0,42.6,39.5,86.1442416627312,90.2439024390244,100,100,0,0,0,0,71.8181818181818,100,54.5191677503841,60,26.3636363636364,0,15.1363636363636,13
2024,"Ancien collaborateur","employe",5,21.7391304347826,40,0,44.8,44,45.7587407432609,28.5714285714286,100,100,0,0,100,100,60,100,39.7437031492759,26.4705882352941,20,0,8.6,5
2024,"Ancien collaborateur","NA",2,14.2857142857143,100,100,56.5,56.5,86.5384615384615,86.5384615384615,100,100,0,0,0,0,100,100,84.6153846153846,84.6153846153846,0,0,28,28
2024,"Ancien collaborateur","ouvrier",1,12.5,0,0,36,36,18.1818181818182,18.1818181818182,100,100,0,0,100,100,100,100,9.09090909090909,9.09090909090909,100,100,2,2
2024,"Ancien collaborateur","profinter",2,2.73972602739726,0,0,39,39,73.9583333333333,73.9583333333333,100,100,0,0,100,100,50,50,63.5416666666667,63.5416666666667,50,50,10.5,10.5
2024,"Ancien collaborateur","proflib",4,7.54716981132075,50,50,53,53.5,62.7705627705628,57.3593073593074,100,100,100,100,0,0,75,100,43.3394909688013,41.6666666666667,0,0,18,17.5
2024,"Jamais collaborateur","agri",11,91.6666666666667,27.2727272727273,0,57.5454545454545,60,46.0386136889069,52.2727272727273,0,0,100,100,0,0,72.7272727272727,100,46.0386136889069,52.2727272727273,27.2727272727273,0,14.0909090909091,14
2024,"Jamais collaborateur","artisancommercantpdg",46,85.1851851851852,28.2608695652174,0,55.2608695652174,55.5,37.3910794667555,35.2777777777778,0,0,100,100,0,0,78.2608695652174,100,37.3910794667555,35.2777777777778,26.0869565217391,0,10.8913043478261,9.5
2024,"Jamais collaborateur","cadsupprive",79,75.2380952380952,29.1139240506329,0,50.6582278481013,51,43.0689127683338,42.8571428571429,0,0,100,100,0,0,68.3544303797468,100,43.0689127683338,42.8571428571429,24.0506329113924,0,10.9873417721519,9
2024,"Jamais collaborateur","cadsuppub",87,72.5,37.9310344827586,0,50.8505747126437,52,43.0968819266588,39.5348837209302,0,0,100,100,0,0,68.9655172413793,100,43.0968819266588,39.5348837209302,26.4367816091954,0,11.4022988505747,9
2024,"Jamais collaborateur","collab",5,4.34782608695652,40,0,51,57,61.6662925383856,62.5,0,0,0,0,0,0,100,100,61.6662925383856,62.5,20,0,17.4,20
2024,"Jamais collaborateur","employe",18,78.2608695652174,38.8888888888889,0,45.2222222222222,44,20.3351045960127,15.3846153846154,0,0,0,0,100,100,27.7777777777778,0,20.3351045960127,15.3846153846154,16.6666666666667,0,4.22222222222222,2
2024,"Jamais collaborateur","NA",12,85.7142857142857,58.3333333333333,100,45.25,50,52.3719796269274,53.3333333333333,0,0,0,0,0,0,75,100,52.3719796269274,53.3333333333333,41.6666666666667,0,10.5833333333333,7
2024,"Jamais collaborateur","ouvrier",7,87.5,42.8571428571429,0,45.2857142857143,51,22.2174006934852,25,0,0,0,0,100,100,71.4285714285714,100,22.2174006934852,25,0,0,3.71428571428571,4
2024,"Jamais collaborateur","profinter",71,97.2602739726027,40.8450704225352,0,52.1267605633803,53,37.2475996122167,36.8421052631579,0,0,0,0,100,100,76.056338028169,100,37.2475996122167,36.8421052631579,23.943661971831,0,10.4929577464789,10
2024,"Jamais collaborateur","proflib",49,92.4528301886792,55.1020408163265,100,56.4897959183673,56,42.5577683983603,40,0,0,100,100,0,0,79.5918367346939,100,42.5577683983603,40,10.2040816326531,0,13,10
2024,"Total","agri",12,100,33.3333333333333,0,57.25,59,43.6388441573601,48.0113636363637,8.33333333333333,0,100,100,0,0,66.6666666666667,100,42.2020625481647,48.0113636363637,33.3333333333333,0,13.3333333333333,12
2024,"Total","artisancommercantpdg",54,100,27.7777777777778,0,54,55,38.1781570341391,35.2777777777778,14.8148148148148,0,100,100,0,0,77.7777777777778,100,37.1397173966144,35.2777777777778,27.7777777777778,0,10.9259259259259,9
2024,"Total","cadsupprive",105,100,30.4761904761905,0,49.7333333333333,50,45.7385510119311,46.6666666666667,24.7619047619048,0,100,100,0,0,63.8095238095238,100,41.8004980880045,41.025641025641,24.7619047619048,0,10.9428571428571,9
2024,"Total","cadsuppub",120,100,35.8333333333333,0,50.55,51,44.9046615643624,43.3760683760683,27.5,0,100,100,0,0,66.6666666666667,100,42.3128504157015,38.6752136752137,26.6666666666667,0,11.8416666666667,10
2024,"Total","collab",115,100,27.8260869565217,0,42.9652173913043,40,85.051476076823,89.8717948717949,95.6521739130435,100,0,0,0,0,73.0434782608696,100,54.8382358212771,60,26.0869565217391,0,15.2347826086957,13
2024,"Total","employe",23,100,39.1304347826087,0,45.1304347826087,44,25.8619820193275,21.2765957446809,21.7391304347826,0,0,0,100,100,34.7826086956522,0,24.5543651510699,15.3846153846154,17.3913043478261,0,5.17391304347826,2
2024,"Total","NA",14,100,64.2857142857143,100,46.8571428571429,51.5,58.5840672472063,57.5,14.2857142857143,0,0,0,0,0,78.5714285714286,100,58.234416897556,57.5,35.7142857142857,0,13.0714285714286,9.5
2024,"Total","ouvrier",8,100,37.5,0,44.125,46,21.7129528795269,21.5909090909091,12.5,0,0,0,100,100,75,100,20.5765892431632,20.1923076923077,12.5,0,3.5,3.5
2024,"Total","profinter",73,100,39.7260273972603,0,51.7671232876712,52,38.2533731388226,40,2.73972602739726,0,0,0,100,100,75.3424657534247,100,37.9679850109688,40,24.6575342465753,0,10.4931506849315,10
2024,"Total","proflib",53,100,54.7169811320755,100,56.2264150943396,56,44.0832623132435,41.9354838709677,7.54716981132075,0,100,100,0,0,79.2452830188679,100,42.6167663282049,40,9.43396226415094,0,13.377358490566,10
