"legis.annee","tendance.pol","elu.local","effectifs","pourcentages","mean_part.femmes","median_part.femmes","mean_age","median_age","mean_part.pol","median_part.pol","mean_part.cabcollab","median_part.cabcollab","mean_part.pcs.123","median_part.pcs.123","mean_part.pcs.456","median_part.pcs.456","mean_part.elu.local","median_part.elu.local","mean_part.mandat","median_part.mandat","mean_part.primos","median_part.primos","mean_duree.pol","median_duree.pol"
1978,"Centre","Ancien élu local",110,25.5813953488372,1.81818181818182,0,51.2545454545455,53,51.844082377892,57.5757575757576,14.5454545454545,0,87.2727272727273,100,10.9090909090909,0,100,100,50.5005295481316,54.7727272727273,41.8181818181818,0,13.4090909090909,13
1978,"Centre","Jamais élu local",29,27.3584905660377,0,0,47.6896551724138,50,15.1085504410193,17.2413793103448,41.3793103448276,0,93.1034482758621,100,3.44827586206897,0,0,0,7.45437235195185,0,65.5172413793103,100,3.27586206896552,2
1978,"COM/LFI","Ancien élu local",69,16.046511627907,14.4927536231884,0,52.7391304347826,53,51.4015790066662,50,2.89855072463768,0,15.9420289855072,0,82.6086956521739,100,100,100,50.9435828964962,50,31.8840579710145,0,14.1014492753623,13
1978,"COM/LFI","Jamais élu local",19,17.9245283018868,15.7894736842105,0,44.7894736842105,44,16.4991516006501,0,0,0,42.1052631578947,0,52.6315789473684,100,0,0,16.4991516006501,0,57.8947368421053,100,4.36842105263158,0
1978,"Droite","Ancien élu local",137,31.8604651162791,1.45985401459854,0,54.1970802919708,56,60.1658689695213,60.6060606060606,24.8175182481752,0,85.4014598540146,100,10.9489051094891,0,100,100,57.3399391911229,57.5757575757576,23.3576642335766,0,16.4525547445255,16
1978,"Droite","Jamais élu local",37,34.9056603773585,2.7027027027027,0,52.5135135135135,54,24.1563620489607,17.2413793103448,10.8108108108108,0,97.2972972972973,100,2.7027027027027,0,0,0,20.397148289747,13.0434782608696,48.6486486486486,0,6.75675675675676,4
1978,"ECO/SOC/RAD","Ancien élu local",103,23.953488372093,0.970873786407767,0,48.6019417475728,48,46.5677974116875,40.9090909090909,6.79611650485437,0,70.873786407767,100,27.1844660194175,0,100,100,45.7099004934128,40,43.6893203883495,0,11.0485436893204,8
1978,"ECO/SOC/RAD","Jamais élu local",18,16.9811320754717,5.55555555555556,0,44.8888888888889,40.5,11.2429556802958,0,0,0,72.2222222222222,100,22.2222222222222,0,0,0,11.2429556802958,0,61.1111111111111,100,2.72222222222222,0
1978,"Non-inscrits","Ancien élu local",11,2.55813953488372,0,0,56.7272727272727,56,44.8504314193464,42.4242424242424,9.09090909090909,0,81.8181818181818,100,18.1818181818182,0,100,100,42.2530288219438,42.4242424242424,27.2727272727273,0,13.5454545454545,14
1978,"Non-inscrits","Jamais élu local",3,2.83018867924528,33.3333333333333,0,43,45,8.33333333333333,0,0,0,33.3333333333333,0,33.3333333333333,0,0,0,8.33333333333333,0,66.6666666666667,100,1.66666666666667,0
1978,"Total","Ancien élu local",430,100,3.48837209302326,0,51.9348837209302,53,52.981674281091,53.2291666666667,13.953488372093,0,71.1627906976744,100,26.5116279069767,0,100,100,51.3921865283708,51.5151515151515,34.4186046511628,0,13.9279069767442,13
1978,"Total","Jamais élu local",106,100,5.66037735849057,0,48.2452830188679,49,17.667834351498,14.7186147186147,15.0943396226415,0,80.188679245283,100,16.0377358490566,0,0,0,14.2615883734426,0,57.5471698113208,100,4.54716981132075,2
1997,"Centre","Ancien élu local",117,18.8405797101449,5.12820512820513,0,53.4957264957265,53,65.4291225962515,68.0851063829787,29.0598290598291,0,88.8888888888889,100,5.12820512820513,0,100,100,62.5340964108768,66.6666666666667,16.2393162393162,0,18.5555555555556,20
1997,"Centre","Jamais élu local",6,18.1818181818182,33.3333333333333,0,56.8333333333333,55,37.5694444444444,36.6666666666667,66.6666666666667,100,100,100,0,0,0,0,32.4191086691087,29.1025641025641,16.6666666666667,0,13.3333333333333,10.5
1997,"COM/LFI","Ancien élu local",39,6.28019323671498,10.2564102564103,0,54.5641025641026,54,62.3637054396031,64.5161290322581,0,0,35.8974358974359,0,58.974358974359,100,100,100,62.3637054396031,64.5161290322581,48.7179487179487,0,18.6923076923077,20
1997,"COM/LFI","Jamais élu local",2,6.06060606060606,0,0,54.5,54.5,19.2972350230415,19.2972350230415,0,0,0,0,100,100,0,0,19.2972350230415,19.2972350230415,50,50,5.5,5.5
1997,"Droite","Ancien élu local",153,24.6376811594203,5.88235294117647,0,54.2483660130719,54,61.6922696206686,60.6060606060606,28.1045751633987,0,83.0065359477124,100,7.84313725490196,0,100,100,58.3650042176119,57.1428571428571,16.9934640522876,0,17.6274509803922,15
1997,"Droite","Jamais élu local",4,12.1212121212121,0,0,43.75,42.5,5.76923076923078,0,25,0,100,100,0,0,0,0,5.76923076923078,0,75,100,0.75,0
1997,"ECO/SOC/RAD","Ancien élu local",307,49.4363929146538,13.3550488599349,0,51.6742671009772,51,61.2668445091828,63.1578947368421,20.5211726384365,0,71.0097719869707,100,19.8697068403909,0,100,100,58.2022050452748,60,51.7915309446254,100,16.1758957654723,16
1997,"ECO/SOC/RAD","Jamais élu local",21,63.6363636363636,52.3809523809524,100,45.1428571428571,45,23.3766483303086,8.33333333333333,42.8571428571429,0,66.6666666666667,100,9.52380952380952,0,0,0,4.24143851088822,0,90.4761904761905,100,4.95238095238095,3
1997,"Non-inscrits","Ancien élu local",5,0.805152979066023,0,0,55.6,57,56.5470549981419,47.8260869565217,20,0,80,100,20,0,100,100,55.9914994425864,47.8260869565217,60,100,17.2,15
1997,"Total","Ancien élu local",621,100,9.66183574879227,0,52.8647342995169,52,62.1867401725895,63.6363636363636,22.7053140096618,0,75.2012882447665,100,16.5861513687601,0,100,100,59.3020191362706,60.4166666666667,36.3929146537842,0,17.1481481481481,16
1997,"Total","Jamais élu local",33,100,39.3939393939394,0,47.6666666666667,45,23.5756871129137,16.1290322580645,42.4242424242424,0,72.7272727272727,100,12.1212121212121,0,0,0,10.4623107232215,0,72.7272727272727,100,6,3
2007,"Centre","Ancien élu local",25,4.0650406504065,4,0,53.6,53,74.0824245477603,73.3333333333333,24,0,76,100,4,0,100,100,71.6414307589404,73.3333333333333,20,0,20.24,18
2007,"Centre","Jamais élu local",1,4.16666666666667,0,0,65,65,30,30,100,100,100,100,0,0,0,0,12.5,12.5,0,0,12,12
2007,"COM/LFI","Ancien élu local",26,4.22764227642276,23.0769230769231,0,58.7692307692308,59,73.564329125333,79.0625,7.69230769230769,0,26.9230769230769,0,65.3846153846154,100,100,100,72.2822778432817,77.5240384615385,26.9230769230769,0,24.6153846153846,24
2007,"Droite","Ancien élu local",355,57.7235772357724,15.2112676056338,0,55.056338028169,56,67.6921553757274,68.75,27.887323943662,0,75.4929577464789,100,8.73239436619718,0,100,100,63.9162789205721,66.6666666666667,22.5352112676056,0,20.1746478873239,20
2007,"Droite","Jamais élu local",14,58.3333333333333,28.5714285714286,0,46.5714285714286,42,19.2728058646488,19.3936877076412,35.7142857142857,0,71.4285714285714,100,14.2857142857143,0,0,0,10.4899382155021,0,57.1428571428571,100,3.78571428571429,5
2007,"ECO/SOC/RAD","Ancien élu local",201,32.6829268292683,25.8706467661692,0,55.636815920398,57,69.3579659090545,72.4137931034483,33.3333333333333,0,64.6766169154229,100,19.9004975124378,0,100,100,64.1138987956843,68.5714285714286,35.3233830845771,0,21.0945273631841,23
2007,"ECO/SOC/RAD","Jamais élu local",9,37.5,55.5555555555556,100,42.4444444444444,45,55.3998926462695,50,55.5555555555556,100,55.5555555555556,100,0,0,0,0,10.7407407407407,0,77.7777777777778,100,5.55555555555556,5
2007,"Non-inscrits","Ancien élu local",8,1.30081300813008,12.5,0,50.5,49.5,82.925672793298,92.0362903225806,50,50,62.5,100,25,0,100,100,77.6846100925579,87.1975806451613,37.5,0,20.5,18
2007,"Total","Ancien élu local",615,100,18.5365853658537,0,55.2845528455285,56,68.9427721291093,70.5882352941177,28.9430894308943,0,69.7560975609756,100,14.7967479674797,0,100,100,64.8276821924795,66.6666666666667,26.9918699186992,0,20.669918699187,21
2007,"Total","Jamais élu local",24,100,37.5,0,45.7916666666667,43.5,33.2674298300629,24.6963562753036,45.8333333333333,0,66.6666666666667,100,8.33333333333333,0,0,0,10.6677417368207,0,62.5,100,4.79166666666667,5
2012,"Centre","Ancien élu local",29,5.01730103806228,6.89655172413793,0,53.7931034482759,53,79.8048743822379,82.7586206896552,41.3793103448276,0,55.1724137931034,100,13.7931034482759,0,100,100,74.5011593315818,77.2727272727273,17.2413793103448,0,23.1379310344828,23
2012,"Centre","Jamais élu local",3,6.66666666666667,0,0,53,51,0,0,0,0,66.6666666666667,100,33.3333333333333,0,0,0,0,0,100,100,0,0
2012,"COM/LFI","Ancien élu local",15,2.59515570934256,20,0,60.8666666666667,62,71.582859740587,81.0810810810811,13.3333333333333,0,46.6666666666667,0,33.3333333333333,0,100,100,68.967229756536,81.0810810810811,33.3333333333333,0,26.2,29
2012,"Droite","Ancien élu local",195,33.7370242214533,13.3333333333333,0,55.5128205128205,56,71.8009354267994,71.875,31.7948717948718,0,76.4102564102564,100,6.66666666666667,0,100,100,67.3423202612906,67.4418604651163,17.4358974358974,0,21.7076923076923,23
2012,"Droite","Jamais élu local",7,15.5555555555556,14.2857142857143,0,49.4285714285714,48,19.413030034148,21.2121212121212,28.5714285714286,0,71.4285714285714,100,28.5714285714286,0,0,0,12.6428436987443,0,57.1428571428571,100,5,5
2012,"ECO/SOC/RAD","Ancien élu local",333,57.6124567474048,34.2342342342342,0,54.6966966966967,56,63.7731281244241,66.6666666666667,35.1351351351351,0,57.6576576576577,100,24.3243243243243,0,100,100,56.8305885427128,56.0975609756098,52.2522522522523,100,18.7807807807808,17
2012,"ECO/SOC/RAD","Jamais élu local",32,71.1111111111111,56.25,100,44.71875,42.5,14.2400959106288,0,28.125,0,62.5,100,15.625,0,0,0,1.71703296703297,0,93.75,100,2.34375,0
2012,"Non-inscrits","Ancien élu local",6,1.03806228373702,33.3333333333333,0,52.3333333333333,51,84.1540404040404,86.3782051282051,50,50,66.6666666666667,100,0,0,100,100,71.760878010878,71.1538461538462,16.6666666666667,0,22,21.5
2012,"Non-inscrits","Jamais élu local",3,6.66666666666667,33.3333333333333,0,42.3333333333333,40,0,0,0,0,33.3333333333333,0,0,0,0,0,0,0,100,100,0,0
2012,"Total","Ancien élu local",578,100,25.4325259515571,0,55.0622837370242,56,67.7000736492683,70.7317073170732,33.9100346020761,0,63.6678200692042,100,17.8200692041523,0,100,100,61.7334701915298,63.8888888888889,37.8892733564014,0,20.2128027681661,20
2012,"Total","Jamais élu local",45,100,44.4444444444444,0,45.8444444444444,46,13.4448699858899,0,24.4444444444444,0,62.2222222222222,100,17.7777777777778,0,0,0,3.26011274627875,0,88.8888888888889,100,2.44444444444444,0
2017,"Centre","Ancien élu local",193,49.6143958868895,37.8238341968912,0,51.1917098445596,51,43.018625361964,37.7976190476191,17.6165803108808,0,69.9481865284974,100,17.6165803108808,0,100,100,39.7390493283237,36,81.8652849740933,100,11.4559585492228,9
2017,"Centre","Jamais élu local",176,89.7959183673469,55.6818181818182,100,42.4715909090909,41,8.09824797413963,0,18.75,0,80.1136363636364,100,11.9318181818182,0,0,0,0.229291716686675,0,98.8636363636364,100,1.01704545454545,0
2017,"COM/LFI","Ancien élu local",21,5.39845758354756,23.8095238095238,0,54.6666666666667,56,62.2491637420177,63.1578947368421,42.8571428571429,0,33.3333333333333,0,28.5714285714286,0,100,100,52.7360129307812,57.8947368421053,66.6666666666667,100,19.047619047619,18
2017,"COM/LFI","Jamais élu local",12,6.12244897959184,41.6666666666667,0,40.25,40.5,1.08695652173913,0,8.33333333333333,0,58.3333333333333,100,41.6666666666667,0,0,0,0,0,100,100,0.25,0
2017,"Droite","Ancien élu local",131,33.6760925449871,23.6641221374046,0,53.030534351145,54,71.6827708318943,74.468085106383,32.824427480916,0,63.3587786259542,100,11.4503816793893,0,100,100,65.1764821925736,65,36.6412213740458,0,19.7022900763359,21
2017,"Droite","Jamais élu local",4,2.04081632653061,0,0,48.25,51.5,34.0472350230415,26.0944700460829,50,50,75,100,0,0,0,0,7.69009216589862,6.4516129032258,50,50,9,7.5
2017,"ECO/SOC/RAD","Ancien élu local",28,7.19794344473008,35.7142857142857,0,56.6428571428571,56.5,73.0464060359989,78.5714285714286,50,50,50,50,10.7142857142857,0,100,100,64.5744656441191,64.8529411764706,14.2857142857143,0,22.3571428571429,22
2017,"ECO/SOC/RAD","Jamais élu local",3,1.53061224489796,66.6666666666667,100,43.3333333333333,44,50.1547987616099,29.4117647058824,66.6666666666667,100,66.6666666666667,100,0,0,0,0,26.3157894736842,26.3157894736842,33.3333333333333,0,9.33333333333333,5
2017,"Non-inscrits","Ancien élu local",16,4.11311053984576,18.75,0,53.0625,49.5,63.9123812384634,77.4193548387097,43.75,0,50,50,6.25,0,100,100,57.8197130546202,66.6666666666667,56.25,100,16.375,17
2017,"Non-inscrits","Jamais élu local",1,0.510204081632653,100,100,49,49,0,0,0,0,100,100,0,0,0,0,0,0,100,100,0,0
2017,"Total","Ancien élu local",389,100,31.3624678663239,0,52.4678663239075,53,56.7473813298257,58.3333333333333,27.5064267352185,0,63.4961439588689,100,15.1670951156812,0,100,100,51.5525933944866,51.6129032258065,59.8971722365039,100,15.6298200514139,16
2017,"Total","Jamais élu local",196,100,54.0816326530612,100,42.5,41,8.80456518006308,0,19.3877551020408,0,78.5714285714286,100,13.265306122449,0,0,0,0.768378397460591,0,96.9387755102041,100,1.25510204081633,0
2022,"Centre","Ancien élu local",174,40.8450704225352,32.7586206896552,0,52.9310344827586,53.5,53.6548766810337,50,26.4367816091954,0,69.5402298850575,100,12.0689655172414,0,100,100,49.6440338845377,48.2758620689655,33.9080459770115,0,14.4022988505747,12
2022,"Centre","Jamais élu local",86,50.2923976608187,52.3255813953488,100,45.8953488372093,44.5,34.4663355195459,26.3157894736842,32.5581395348837,0,77.9069767441861,100,8.13953488372093,0,0,0,21.6496002903647,17.5492610837439,27.906976744186,0,5.61627906976744,5
2022,"COM/LFI","Ancien élu local",51,11.9718309859155,33.3333333333333,0,49.1960784313725,49,47.9553546379368,46.6666666666667,31.3725490196078,0,35.2941176470588,0,41.1764705882353,0,100,100,42.1395839937141,38.0952380952381,66.6666666666667,100,12.6862745098039,12
2022,"COM/LFI","Jamais élu local",46,26.9005847953216,41.304347826087,0,39.4565217391304,38.5,19.6087314418368,0,19.5652173913043,0,47.8260869565217,0,39.1304347826087,0,0,0,8.59641954033199,0,82.6086956521739,100,1.54347826086957,0
2022,"Droite","Ancien élu local",83,19.4835680751174,32.5301204819277,0,51.3975903614458,53,72.3243501173327,73.6842105263158,31.3253012048193,0,57.8313253012048,100,15.6626506024096,0,100,100,65.7445421856101,65.8536585365854,34.9397590361446,0,18.5903614457831,16
2022,"Droite","Jamais élu local",10,5.84795321637427,20,0,45.1,40.5,42.8807785351903,39.2307692307693,60,100,80,100,0,0,0,0,22.8215252884371,22.5,10,0,9.3,7
2022,"ECO/SOC/RAD","Ancien élu local",44,10.3286384976526,43.1818181818182,0,51.8636363636364,52,57.0092988791213,55.126050420168,31.8181818181818,0,61.3636363636364,100,15.9090909090909,0,100,100,50.0878870808223,47.3333333333333,56.8181818181818,100,15.6363636363636,14
2022,"ECO/SOC/RAD","Jamais élu local",10,5.84795321637427,50,50,40.2,38.5,55.4273925458136,55.8270676691729,90,100,40,0,0,0,0,0,10.6366943866944,0,70,100,7.5,8.5
2022,"Extrême-droite","Ancien élu local",71,16.6666666666667,36.6197183098592,0,46.4929577464789,47,47.0555883700212,39.0476190476191,35.2112676056338,0,49.2957746478873,0,21.1267605633803,0,100,100,39.654210786595,33.3333333333333,92.9577464788732,100,7.56338028169014,7
2022,"Extrême-droite","Jamais élu local",18,10.5263157894737,38.8888888888889,0,44.8333333333333,42,16.9630331088664,0,38.8888888888889,0,33.3333333333333,0,50,50,0,0,0,0,100,100,2.33333333333333,0
2022,"Non-inscrits","Ancien élu local",3,0.704225352112676,33.3333333333333,0,60.3333333333333,61,92.5381263616558,97.0588235294118,100,100,33.3333333333333,0,0,0,100,100,87.9084967320262,91.6666666666667,0,0,32.6666666666667,33
2022,"Non-inscrits","Jamais élu local",1,0.584795321637427,100,100,54,54,17.2413793103448,17.2413793103448,0,0,100,100,0,0,0,0,17.2413793103448,17.2413793103448,0,0,5,5
2022,"Total","Ancien élu local",426,100,34.5070422535211,0,51.0539906103286,52,56.1517821280966,53.8461538461538,30.5164319248826,0,58.6854460093897,100,18.075117370892,0,100,100,50.5585057830789,50,50,50,14.1291079812207,12
2022,"Total","Jamais élu local",171,100,46.1988304093567,0,43.719298245614,42,30.434154718809,18.8746438746439,34.5029239766082,0,63.1578947368421,100,19.8830409356725,0,0,0,15.3769954837339,8.13748531139835,51.4619883040936,100,4.49707602339181,5
2024,"Centre","Ancien élu local",111,27.5434243176179,28.8288288288288,0,54.4234234234234,55,56.5931224715019,53.3333333333333,26.1261261261261,0,68.4684684684685,100,12.6126126126126,0,100,100,52.3220143595596,50,6.30630630630631,0,15.9099099099099,13
2024,"Centre","Jamais élu local",45,25.8620689655172,53.3333333333333,100,47.0222222222222,46,41.8214952716677,31.8181818181818,37.7777777777778,0,73.3333333333333,100,8.88888888888889,0,0,0,28.539775475328,23.3333333333333,13.3333333333333,0,7.33333333333333,7
2024,"COM/LFI","Ancien élu local",40,9.92555831265509,32.5,0,48.75,48.5,51.5456397796491,46.7391304347826,25,0,37.5,0,37.5,0,100,100,47.294197816395,42.0761670761671,15,0,12.775,10
2024,"COM/LFI","Jamais élu local",50,28.735632183908,40,0,40.3,38,29.5066003934944,21.1111111111111,28,0,46,0,34,0,0,0,18.5252307032432,11.437908496732,20,0,3.06,2
2024,"Droite","Ancien élu local",69,17.12158808933,30.4347826086957,0,52.4347826086956,55,75.1245021771997,83.3333333333333,33.3333333333333,0,66.6666666666667,100,8.69565217391304,0,100,100,68.6046063610681,69.6969696969697,11.5942028985507,0,20.1014492753623,20
2024,"Droite","Jamais élu local",9,5.17241379310345,44.4444444444444,0,48.3333333333333,44,40.7623580116997,38.8888888888889,44.4444444444444,0,88.8888888888889,100,0,0,0,0,29.6664196363495,25,0,0,9.33333333333333,7
2024,"ECO/SOC/RAD","Ancien élu local",82,20.3473945409429,41.4634146341463,0,53.3658536585366,54,60.802028177727,62.0370370370371,37.8048780487805,0,65.8536585365854,100,14.6341463414634,0,100,100,53.3540010896477,52.5925925925926,42.6829268292683,0,17.0243902439024,16
2024,"ECO/SOC/RAD","Jamais élu local",21,12.0689655172414,42.8571428571429,0,44.6666666666667,47,35.7305607281512,25,66.6666666666667,100,71.4285714285714,100,0,0,0,0,13.4175501670326,9.09090909090909,42.8571428571429,0,5.95238095238095,5
2024,"Extrême-droite","Ancien élu local",94,23.3250620347395,32.9787234042553,0,49,51,49.5811360615703,43.167701863354,34.0425531914894,0,46.8085106382979,0,23.4042553191489,0,100,100,43.8898312824759,40,32.9787234042553,0,9.38297872340426,9
2024,"Extrême-droite","Jamais élu local",47,27.0114942528736,27.6595744680851,0,43.7446808510638,40,14.8299184585979,5.26315789473684,31.9148936170213,0,51.063829787234,100,29.7872340425532,0,0,0,5.75274099809547,0,59.5744680851064,100,1.93617021276596,1
2024,"Non-inscrits","Ancien élu local",7,1.73697270471464,57.1428571428571,100,53.5714285714286,53,78.5206856635428,88.6363636363636,42.8571428571429,0,57.1428571428571,100,0,0,100,100,78.5206856635428,88.6363636363636,0,0,20.4285714285714,16
2024,"Non-inscrits","Jamais élu local",2,1.14942528735632,0,0,56,56,33.7789661319073,33.7789661319073,0,0,100,100,0,0,0,0,33.7789661319073,33.7789661319073,0,0,4.5,4.5
2024,"Total","Ancien élu local",403,100,33.4987593052109,0,52.0248138957816,53,58.8667263914528,56.4102564102564,31.7617866004963,0,59.3052109181141,100,17.12158808933,0,100,100,53.3090480769957,52.6315789473684,21.5880893300248,0,15.0992555831266,13
2024,"Total","Jamais élu local",174,100,40.2298850574713,0,44.0919540229885,43,30.4805448184094,21.7171717171717,36.7816091954023,0,60.3448275862069,100,20.1149425287356,0,0,0,18.0785303307273,14.2857142857143,30.4597701149425,0,4.55172413793103,2
