"legis.annee","tendance.pol","primodep","effectifs","pourcentages","mean_part.femmes","median_part.femmes","mean_age","median_age","mean_part.pol","median_part.pol","mean_part.cabcollab","median_part.cabcollab","mean_part.pcs.123","median_part.pcs.123","mean_part.pcs.456","median_part.pcs.456","mean_part.elu.local","median_part.elu.local","mean_part.mandat","median_part.mandat","mean_part.primos","median_part.primos","mean_duree.pol","median_duree.pol"
1978,"Centre","Ancien député",74,22.6299694189602,0,0,53.3648648648649,54,54.9607447050228,58.4753787878788,20.2702702702703,0,89.1891891891892,100,8.10810810810811,0,86.4864864864865,100,52.5272381383642,57.3593073593074,0,0,15.0405405405405,14.5
1978,"Centre","Primo-député",65,31.1004784688995,3.07692307692308,0,47.2615384615385,48,31.9061833259384,24.2424242424242,20,0,87.6923076923077,100,10.7692307692308,0,70.7692307692308,100,28.9879911732635,21.7391304347826,100,100,7.03076923076923,5
1978,"COM/LFI","Ancien député",55,16.8195718654434,7.27272727272727,0,55.6545454545455,56,57.6266941608189,57.5757575757576,1.81818181818182,0,18.1818181818182,0,81.8181818181818,100,85.4545454545455,100,57.5715977420861,57.5757575757576,0,0,16.8181818181818,16
1978,"COM/LFI","Primo-député",33,15.7894736842105,27.2727272727273,0,43.3030303030303,43,20.9310500917359,14.2857142857143,3.03030303030303,0,27.2727272727273,0,66.6666666666667,100,66.6666666666667,100,20.065249225935,14.2857142857143,100,100,3.96969696969697,1
1978,"Droite","Ancien député",124,37.9204892966361,2.41935483870968,0,56.6290322580645,57,59.2632282748192,57.9796264855688,22.5806451612903,0,88.7096774193548,100,8.06451612903226,0,84.6774193548387,100,56.8261950559414,57.1428571428571,0,0,17.3790322580645,17
1978,"Droite","Primo-député",50,23.9234449760766,0,0,46.92,48,35.7573827711676,27.5,20,0,86,100,12,0,64,100,31.2763593793547,19.9110122358176,100,100,6.98,5
1978,"ECO/SOC/RAD","Ancien député",65,19.8776758409786,0,0,53.8461538461538,55,53.9211837596935,44,6.15384615384615,0,67.6923076923077,100,30.7692307692308,0,89.2307692307692,100,53.3783443004887,43.75,0,0,14.4769230769231,11
1978,"ECO/SOC/RAD","Primo-député",56,26.7942583732057,3.57142857142857,0,41.3214285714286,40,26.678203415519,22.4747474747474,5.35714285714286,0,75,100,21.4285714285714,0,80.3571428571429,100,25.7303673845549,19.0909090909091,100,100,4.39285714285714,2
1978,"Non-inscrits","Ancien député",9,2.75229357798165,0,0,56.7777777777778,56,52.9893921291771,60.6060606060606,11.1111111111111,0,88.8888888888889,100,11.1111111111111,0,88.8888888888889,100,49.8147889545739,46.4285714285714,0,0,15.7777777777778,19
1978,"Non-inscrits","Primo-député",5,2.39234449760766,20,0,48.4,49,8.29004329004327,3.57142857142857,0,0,40,0,40,0,60,100,8.29004329004327,3.57142857142857,100,100,2.4,1
1978,"Total","Ancien député",327,100,2.14067278287462,0,55.177370030581,56,56.7797708459846,57.5757575757576,14.9847094801223,0,72.782874617737,100,25.0764525993884,0,86.2385321100917,100,55.1003888841387,55.1724137931034,0,0,16.1345565749235,16
1978,"Total","Primo-député",209,100,6.69856459330144,0,44.9904306220096,44,29.1288292607222,22.7272727272727,12.9186602870813,0,73.2057416267943,100,23.444976076555,0,70.8133971291866,100,26.7585713381388,18.5185185185185,100,100,5.7177033492823,5
1997,"Centre","Ancien député",103,25.4950495049505,5.8252427184466,0,55.2135922330097,54,65.5304229747922,68.0851063829787,29.126213592233,0,89.3203883495146,100,4.85436893203883,0,95.1456310679612,100,62.4824382887417,66.6666666666667,0,0,19.6893203883495,20
1997,"Centre","Primo-député",20,8,10,0,45.65,44,56.549522201225,54.7008547008547,40,0,90,100,5,0,95,100,53.7656394173422,54.7008547008547,100,100,11.15,9.5
1997,"COM/LFI","Ancien député",21,5.1980198019802,14.2857142857143,0,57.6666666666667,56,66.430330930774,68.4210526315789,0,0,33.3333333333333,0,66.6666666666667,100,95.2380952380952,100,66.430330930774,68.4210526315789,0,0,21.2857142857143,20
1997,"COM/LFI","Primo-député",20,8,5,0,51.3,52.5,53.7871016322174,55.3376906318083,0,0,35,0,55,100,95,100,53.7871016322174,55.3376906318083,100,100,14.65,14
1997,"Droite","Ancien député",128,31.6831683168317,3.90625,0,54.8515625,54,63.6645709204051,64.1098484848485,30.46875,0,82.03125,100,7.03125,0,99.21875,100,60.0756948200678,60.2083333333333,0,0,18.4921875,16
1997,"Droite","Primo-député",29,11.6,13.7931034482759,0,50.1379310344828,50,45.273417145771,42.4242424242424,17.2413793103448,0,89.6551724137931,100,10.3448275862069,0,89.6551724137931,100,43.5597803932021,40.5405405405405,100,100,11.4827586206897,12
1997,"ECO/SOC/RAD","Ancien député",150,37.1287128712871,6,0,54.72,54,68.2096348075357,70,17.3333333333333,0,75.3333333333333,100,15.3333333333333,0,98.6666666666667,100,66.2000642287739,68.6291000841043,0,0,20,20
1997,"ECO/SOC/RAD","Primo-député",178,71.2,24.1573033707865,0,48.3370786516854,49,50.9459868434003,52.9411764705882,25.8426966292135,0,66.8539325842697,100,22.4719101123596,0,89.3258426966292,100,45.0962782208536,45.6439393939394,100,100,11.6292134831461,12.5
1997,"Non-inscrits","Ancien député",2,0.495049504950495,0,0,52.5,52.5,47.3505434782608,47.3505434782608,0,0,100,100,0,0,100,100,47.3505434782608,47.3505434782608,0,0,13,13
1997,"Non-inscrits","Primo-député",3,1.2,0,0,57.6666666666667,61,62.6780626780627,72.2222222222222,33.3333333333333,0,66.6666666666667,100,33.3333333333333,0,100,100,61.7521367521367,72.2222222222222,100,100,20,20
1997,"Total","Ancien député",404,100,5.69306930693069,0,55.029702970297,54,65.8907967867539,68.1334622823985,23.5148514851485,0,78.960396039604,100,12.6237623762376,0,97.7722772277228,100,63.2305142364553,65.2173913043478,0,0,19.4752475247525,20
1997,"Total","Primo-député",250,100,20,0,48.68,49,51.1043256802226,51.8518518518518,24,0,68.8,100,22.4,0,90.4,100,46.5067295438496,47.4424552429667,100,100,11.916,13
2007,"Centre","Ancien député",21,4.58515283842795,0,0,53.5714285714286,53,73.723893087388,73.3333333333333,28.5714285714286,0,85.7142857142857,100,0,0,95.2380952380952,100,71.1750909578406,73.3333333333333,0,0,20.2380952380952,18
2007,"Centre","Primo-député",5,2.76243093922652,20,0,56,61,66.7717717717718,66.6666666666667,20,0,40,0,20,0,100,100,61.7717717717718,66.6666666666667,100,100,18.6,13
2007,"COM/LFI","Ancien député",19,4.14847161572052,21.0526315789474,0,61.3157894736842,61,73.7346975059823,80,5.26315789473684,0,36.8421052631579,0,57.8947368421053,100,100,100,73.7346975059823,80,0,0,26.7894736842105,30
2007,"COM/LFI","Primo-député",7,3.86740331491713,28.5714285714286,0,51.8571428571429,56,73.1019006635705,75,14.2857142857143,0,0,0,85.7142857142857,100,100,100,68.3399959016657,70.9677419354839,100,100,18.7142857142857,18
2007,"Droite","Ancien député",281,61.353711790393,13.1672597864769,0,56.5444839857651,57,69.4066593448001,69.4444444444444,28.8256227758007,0,76.8683274021352,100,9.25266903914591,0,97.864768683274,100,65.8929627502004,66.6666666666667,0,0,21.5871886120996,22
2007,"Droite","Primo-député",88,48.6187845303867,23.8636363636364,0,48.9545454545455,48,54.5143541431759,52.0869565217392,26.1363636363636,0,70.4545454545455,100,7.95454545454545,0,90.9090909090909,100,49.1047229433388,48,100,100,13.0568181818182,12
2007,"ECO/SOC/RAD","Ancien député",132,28.82096069869,18.1818181818182,0,57.1818181818182,58,75.0049473745729,78.604118993135,37.8787878787879,0,65.9090909090909,100,15.9090909090909,0,98.4848484848485,100,69.8844495906798,70.5882352941177,0,0,23.8939393939394,24
2007,"ECO/SOC/RAD","Primo-député",78,43.0939226519337,42.3076923076923,0,51.5,53,58.190988821702,62.5776397515528,28.2051282051282,0,61.5384615384615,100,24.3589743589744,0,91.025641025641,100,48.1899099824291,45.2991452991453,100,100,14.5641025641026,12
2007,"Non-inscrits","Ancien député",5,1.09170305676856,20,0,51,52,89.0952178834182,93.75,60,100,60,100,20,0,100,100,85.2549721076886,93.75,0,0,23.4,27
2007,"Non-inscrits","Primo-député",3,1.65745856353591,0,0,49.6666666666667,47,72.6430976430976,81.8181818181818,33.3333333333333,0,66.6666666666667,100,33.3333333333333,0,100,100,65.0673400673401,59.0909090909091,100,100,15.6666666666667,16
2007,"Total","Ancien député",458,100,14.410480349345,0,56.7292576419214,57.5,71.6125795331842,73.2520325203252,30.7860262008734,0,72.2707423580786,100,12.882096069869,0,98.0349344978166,100,67.8222290437616,68.9903846153846,0,0,22.4257641921397,24
2007,"Total","Primo-député",181,100,31.4917127071823,0,50.3701657458564,51,57.4566947465491,60,26.5193370165746,0,62.9834254143646,100,18.7845303867403,0,91.7127071823204,100,50.068891977988,50,100,100,14.121546961326,12
2012,"Centre","Ancien député",24,6.59340659340659,0,0,54.5,53.5,85.8911221749767,88.4615384615385,50,50,58.3333333333333,100,8.33333333333333,0,100,100,79.4824664887673,80.7266009852216,0,0,25.2083333333333,25
2012,"Centre","Primo-député",8,3.08880308880309,25,0,51.375,50.5,31.6193031106824,24.6666666666667,0,0,50,50,37.5,0,62.5,100,31.6193031106824,24.6666666666667,100,100,8.25,4
2012,"COM/LFI","Ancien député",10,2.74725274725275,30,0,64.8,64,83.0447653339879,84.349593495935,0,0,50,50,40,0,100,100,83.0447653339879,84.349593495935,0,0,32.8,35
2012,"COM/LFI","Primo-député",5,1.93050193050193,0,0,53,51,48.6590485537854,51.1111111111111,40,0,40,0,20,0,100,100,40.8121586016323,50,100,100,13,15
2012,"Droite","Ancien député",164,45.0549450549451,10.3658536585366,0,57.3475609756098,58.5,72.5404121509833,72.7272727272727,30.4878048780488,0,76.219512195122,100,8.53658536585366,0,98.1707317073171,100,69.0378886496746,70.5510388437218,0,0,23.2134146341463,23
2012,"Droite","Primo-député",38,14.6718146718147,26.3157894736842,0,46.4736842105263,47.5,58.9591059395697,63.8344226579521,36.8421052631579,0,76.3157894736842,100,2.63157894736842,0,89.4736842105263,100,49.9483846920063,55.9907834101382,100,100,12.1315789473684,11.5
2012,"ECO/SOC/RAD","Ancien député",161,44.2307692307692,28.5714285714286,0,58.7142857142857,61,73.340028459301,76.0869565217391,36.0248447204969,0,62.111801242236,100,22.360248447205,0,98.7577639751553,100,68.1012963330097,70.7317073170732,0,0,24.3291925465839,23
2012,"ECO/SOC/RAD","Primo-député",204,78.7644787644788,42.156862745098,0,49.9607843137255,50,48.4528929050289,48.0509745127436,33.3333333333333,0,54.9019607843137,100,24.5098039215686,0,85.2941176470588,100,39.2903055394798,39.6428571428572,100,100,11.8235294117647,11
2012,"Non-inscrits","Ancien député",5,1.37362637362637,40,0,55.4,51,80.9848484848485,76.9230769230769,40,0,80,100,0,0,100,100,79.4463869463869,76.9230769230769,0,0,24,23
2012,"Non-inscrits","Primo-député",4,1.54440154440154,25,0,41,38.5,33.3333333333333,0,25,0,25,0,0,0,25,0,11.1111111111111,0,100,100,3,0
2012,"Total","Ancien député",364,100,18.6813186813187,0,57.9423076923077,59,74.1789313260228,76.0869565217391,33.5164835164835,0,68.1318681318681,100,15.3846153846154,0,98.6263736263736,100,69.8400583295699,71.4285714285714,0,0,24.1126373626374,23
2012,"Total","Primo-député",259,100,38.2239382239382,0,49.4131274131274,50,49.3065342867594,50,32.8185328185328,0,57.1428571428571,100,21.2355212355212,0,84.5559845559846,100,40.3240678278181,40.3703703703704,100,100,11.6447876447876,11
2017,"Centre","Ancien député",37,22.8395061728395,21.6216216216216,0,56.0810810810811,56,64.7891875704636,65.2173913043478,35.1351351351351,0,70.2702702702703,100,8.10810810810811,0,94.5945945945946,100,56.952524973256,60,0,0,20.1351351351351,19
2017,"Centre","Primo-député",332,78.4869976359338,49.0963855421687,0,46.0240963855422,46,22.0593015904981,10.8187134502924,16.2650602409639,0,75.3012048192771,100,15.6626506024096,0,47.5903614457831,0,16.8569093862056,0,100,100,4.95481927710843,3
2017,"COM/LFI","Ancien député",7,4.32098765432099,28.5714285714286,0,61,59,66.7139075200124,74.0740740740741,14.2857142857143,0,42.8571428571429,0,28.5714285714286,0,100,100,64.5975054036103,62.7906976744186,0,0,24.5714285714286,27
2017,"COM/LFI","Primo-député",26,6.14657210401891,30.7692307692308,0,46.3076923076923,47,32.8184063155059,16.9607843137254,34.6153846153846,0,42.3076923076923,0,34.6153846153846,0,53.8461538461538,100,25.2028359123513,13.1884057971015,100,100,8.88461538461539,5
2017,"Droite","Ancien député",85,52.4691358024691,15.2941176470588,0,56.0352941176471,56,75.3943026927137,76.3157894736842,36.4705882352941,0,69.4117647058823,100,5.88235294117647,0,97.6470588235294,100,70.0433116392829,69.6969696969697,0,0,22.8823529411765,22
2017,"Droite","Primo-député",50,11.8203309692671,36,0,47.54,49,62.3623238037932,62.3529411764706,28,0,54,100,20,0,96,100,52.3039609310337,48.1554677206851,100,100,13.44,11
2017,"ECO/SOC/RAD","Ancien député",26,16.0493827160494,42.3076923076923,0,55.6153846153846,56,70.202953720039,70,53.8461538461538,100,50,50,7.69230769230769,0,92.3076923076923,100,60.1591931066271,61.3247863247863,0,0,20.7307692307692,22
2017,"ECO/SOC/RAD","Primo-député",5,1.18203309692671,20,0,54,47,74.0973937143568,80.952380952381,40,0,60,100,20,0,80,100,64.5786771368167,76.1904761904762,100,100,23,20
2017,"Non-inscrits","Ancien député",7,4.32098765432099,28.5714285714286,0,57.8571428571429,59,65.5026979371556,77.4193548387097,28.5714285714286,0,71.4285714285714,100,14.2857142857143,0,100,100,59.8191341890757,66.6666666666667,0,0,19.5714285714286,16
2017,"Non-inscrits","Primo-député",10,2.36406619385343,20,0,49.3,48.5,55.5740925574291,47.3684210526316,50,50,40,0,0,0,90,100,49.8401951661969,47.3684210526316,100,100,12.5,15.5
2017,"Total","Ancien député",162,100,22.2222222222222,0,56.2716049382716,56,71.3364734809198,73.3333333333333,37.6543209876543,0,65.4320987654321,100,8.02469135802469,0,96.2962962962963,100,64.7900025387076,64.7058823529412,0,0,21.8395061728395,22
2017,"Total","Primo-député",423,100,45.3900709219858,0,46.3924349881797,47,28.8609954305853,18.4697855750487,19.8581560283688,0,69.7399527186761,100,17.0212765957447,0,55.0827423167849,100,22.8683500473822,11.7692307692308,100,100,6.59101654846336,3
2022,"Centre","Ancien député",177,59.7972972972973,39.5480225988701,0,52.6214689265537,53,49.4904050265466,46.6666666666667,22.5988700564972,0,75.1412429378531,100,10.7344632768362,0,64.9717514124294,100,44.942474053842,42.8571428571429,0,0,13.1129943502825,8
2022,"Centre","Primo-député",83,27.5747508305648,38.5542168674699,0,46.3012048192771,46,42.6536350299043,38.0952380952381,40.9638554216867,0,66.2650602409639,100,10.8433734939759,0,71.0843373493976,100,30.6639712451916,20,100,100,8.04819277108434,7
2022,"COM/LFI","Ancien député",25,8.44594594594595,28,0,50,51,57.8641184180386,62.5,40,0,40,0,28,0,68,100,51.1093480132261,51.219512195122,0,0,15.4,14
2022,"COM/LFI","Primo-député",72,23.9202657807309,40.2777777777778,0,42.6944444444444,42,26.6999359142434,11.1111111111111,20.8333333333333,0,41.6666666666667,0,44.4444444444444,0,47.2222222222222,0,17.9859583127977,5.55555555555556,100,100,4.625,2
2022,"Droite","Ancien député",63,21.2837837837838,26.984126984127,0,52.1269841269841,54,72.3175900347989,78.5714285714286,39.6825396825397,0,60.3174603174603,100,9.52380952380952,0,85.7142857142857,100,63.8601377851006,65.625,0,0,19.4444444444444,18
2022,"Droite","Primo-député",30,9.96677740863787,40,0,47.7666666666667,50,62.5240224299395,60.9848484848485,23.3333333333333,0,60,100,23.3333333333333,0,96.6666666666667,100,55.3941191276224,55.4945054945054,100,100,13.7,13
2022,"ECO/SOC/RAD","Ancien député",22,7.43243243243243,45.4545454545455,0,57.1363636363636,57.5,66.3020185829844,67.7753141167776,45.4545454545455,0,63.6363636363636,100,9.09090909090909,0,86.3636363636364,100,56.0521826101228,56.859756097561,0,0,20.6818181818182,22
2022,"ECO/SOC/RAD","Primo-député",32,10.6312292358804,43.75,0,44.59375,44,50.1262083535567,47.6842105263158,40.625,0,53.125,100,15.625,0,78.125,100,33.6589361875133,40.5882352941177,100,100,9.625,9
2022,"Extrême-droite","Ancien député",5,1.68918918918919,40,0,49.2,49,83.4661889834303,85.7142857142857,80,100,0,0,20,0,100,100,75.3504254366323,82.7586206896552,0,0,20.2,21
2022,"Extrême-droite","Primo-député",84,27.906976744186,36.9047619047619,0,45.9761904761905,45.5,38.3360823728184,28.5714285714286,33.3333333333333,0,48.8095238095238,0,27.3809523809524,0,78.5714285714286,100,28.9041280467287,17.7777777777778,100,100,5.69047619047619,4
2022,"Non-inscrits","Ancien député",4,1.35135135135135,50,50,58.75,60,73.713939598828,88.8071895424837,75,100,50,50,0,0,75,100,70.2417173766058,83.3333333333333,0,0,25.75,31
2022,"Total","Ancien député",296,100,36.4864864864865,0,52.6554054054054,54,57.2069051840546,55.0509337860781,31.0810810810811,0,66.554054054054,100,11.8243243243243,0,71.9594594594595,100,51.1709706163321,50,0,0,15.5067567567568,13
2022,"Total","Primo-député",301,100,39.202657807309,0,45.312292358804,45,40.5528668778477,36.3636363636364,32.2259136212625,0,53.4883720930233,100,25.2491694352159,0,70.7641196013289,100,30.0474508304429,20.9302325581395,100,100,7.30232558139535,6
2024,"Centre","Ancien député",143,32.7231121281465,35.6643356643357,0,52.7202797202797,53,51.2009786041545,47.6190476190476,25.8741258741259,0,72.027972027972,100,12.5874125874126,0,72.7272727272727,100,46.1661106599266,42.8571428571429,0,0,13.3916083916084,10
2024,"Centre","Primo-député",13,9.28571428571429,38.4615384615385,0,47.5384615384615,42,64.7741493205889,70.2702702702703,69.2307692307692,100,46.1538461538462,0,0,0,53.8461538461538,100,37.7138204562591,38.8888888888889,100,100,13.9230769230769,13
2024,"COM/LFI","Ancien député",74,16.9336384439359,36.4864864864865,0,45.1756756756757,44,41.4800249915736,28.5714285714286,24.3243243243243,0,44.5945945945946,0,37.8378378378378,0,45.9459459459459,0,34.6064339193688,25,0,0,8.12162162162162,4
2024,"COM/LFI","Primo-député",16,11.4285714285714,37.5,0,38.875,34,30.0067057125881,20,37.5,0,31.25,0,25,0,37.5,0,16.980620686503,0,100,100,3.9375,1.5
2024,"Droite","Ancien député",70,16.0183066361556,34.2857142857143,0,52.4857142857143,55,70.7658732910855,73.9007092198582,34.2857142857143,0,67.1428571428571,100,8.57142857142857,0,87.1428571428571,100,63.8172601002583,64.4144144144145,0,0,19.0857142857143,16
2024,"Droite","Primo-député",8,5.71428571428571,12.5,0,47.375,45,74.6050927445115,76.8421052631579,37.5,0,87.5,100,0,0,100,100,66.6884260778449,67.1568627450981,100,100,16.875,13
2024,"ECO/SOC/RAD","Ancien député",59,13.5011441647597,45.7627118644068,0,53,53,59.1796841094907,55.5555555555556,45.7627118644068,0,64.406779661017,100,11.864406779661,0,79.6610169491525,100,48.7605618711597,47.6190476190476,0,0,16.5932203389831,16
2024,"ECO/SOC/RAD","Primo-député",44,31.4285714285714,36.3636363636364,0,49.7045454545455,49.5,51.0115164410191,55.5555555555556,40.9090909090909,0,70.4545454545455,100,11.3636363636364,0,79.5454545454545,100,40.4528066468268,44.6360153256705,100,100,12.3181818181818,12
2024,"Extrême-droite","Ancien député",82,18.7643020594966,37.8048780487805,0,48.390243902439,48.5,46.8717153232841,40,37.8048780487805,0,42.6829268292683,0,26.8292682926829,0,76.8292682926829,100,39.5329309965305,33.3333333333333,0,0,9.0609756097561,6.5
2024,"Extrême-droite","Primo-député",59,42.1428571428571,22.0338983050847,0,45.6610169491525,43,26.8161489700232,13.8590203106332,27.1186440677966,0,55.9322033898305,100,23.728813559322,0,52.5423728813559,100,20.9079391562834,9.6736596736597,100,100,3.89830508474576,3
2024,"Non-inscrits","Ancien député",9,2.05949656750572,44.4444444444444,0,54.1111111111111,53,68.5780813231793,88.4615384615385,33.3333333333333,0,66.6666666666667,100,0,0,77.7777777777778,100,68.5780813231793,88.4615384615385,0,0,16.8888888888889,13
2024,"Total","Ancien député",437,100,37.5286041189931,0,50.6590389016018,52,53.3535768522058,51.4285714285714,32.0366132723112,0,59.954233409611,100,18.5354691075515,0,72.3112128146453,100,46.6470689667299,43.4782608695652,0,0,13.1029748283753,10
2024,"Total","Primo-député",140,100,29.2857142857143,0,46.4285714285714,46,41.4354142245493,40.5128205128205,37.1428571428571,0,58.5714285714286,100,16.4285714285714,0,62.1428571428571,100,31.0975328681171,23.5384615384616,100,100,8.22142857142857,5
