"legis.annee","primodep","ProfSigni","effectifs","pourcentages","mean_part.femmes","median_part.femmes","mean_age","median_age","mean_part.pol","median_part.pol","mean_part.cabcollab","median_part.cabcollab","mean_part.pcs.123","median_part.pcs.123","mean_part.pcs.456","median_part.pcs.456","mean_part.elu.local","median_part.elu.local","mean_part.mandat","median_part.mandat","mean_part.primos","median_part.primos","mean_duree.pol","median_duree.pol"
1978,"Ancien député","agri",14,51.8518518518519,0,0,57,56.5,66.727478346108,72.1407624633431,0,0,100,100,0,0,92.8571428571429,100,66.727478346108,72.1407624633431,0,0,19.2142857142857,20
1978,"Ancien député","artisancommercantpdg",16,76.1904761904762,6.25,0,58.9375,55.5,54.164216084944,58.8744588744588,6.25,0,100,100,0,0,62.5,100,54.164216084944,58.8744588744588,0,0,16.625,18
1978,"Ancien député","cadsupprive",39,52,0,0,55.1025641025641,55,50.3092753387389,51.5151515151515,15.3846153846154,0,100,100,0,0,79.4871794871795,100,49.9613103634102,51.5151515151515,0,0,14.8461538461538,16
1978,"Ancien député","cadsuppub",95,57.5757575757576,3.15789473684211,0,53.2315789473684,53,55.7497935299786,53.8461538461538,35.7894736842105,0,100,100,0,0,91.5789473684211,100,51.5947605546178,48.4848484848485,0,0,15.0315789473684,13
1978,"Ancien député","collab",6,60,0,0,45.3333333333333,46,66.3950085055634,74.8125,83.3333333333333,100,0,0,0,0,83.3333333333333,100,46.3275769435666,39.8571428571428,0,0,13,11.5
1978,"Ancien député","employe",40,74.0740740740741,5,0,57.3,57.5,55.8488179423211,51.9259259259259,0,0,0,0,100,100,85,100,55.8488179423211,51.9259259259259,0,0,16.875,16.5
1978,"Ancien député","NA",1,25,100,100,65,65,93.9393939393939,93.9393939393939,0,0,0,0,0,0,100,100,93.9393939393939,93.9393939393939,0,0,31,31
1978,"Ancien député","profinter",42,54.5454545454545,0,0,53.8095238095238,55,60.2016765018717,61.9696969696969,4.76190476190476,0,0,0,100,100,92.8571428571429,100,59.9311137313089,61.9696969696969,0,0,16.2619047619048,14
1978,"Ancien député","proflib",74,71.8446601941748,0,0,56.8513513513514,58,57.4749758530992,57.9545454545455,1.35135135135135,0,100,100,0,0,83.7837837837838,100,57.3521257302491,57.9545454545455,0,0,17.1216216216216,17
1978,"Primo-député","agri",13,48.1481481481481,0,0,43.6923076923077,42,50.8059110867492,61.9047619047619,0,0,100,100,0,0,84.6153846153846,100,50.8059110867492,61.9047619047619,100,100,8.84615384615385,11
1978,"Primo-député","artisancommercantpdg",5,23.8095238095238,0,0,53.2,55,14.2424242424242,0,0,0,100,100,0,0,40,0,14.2424242424242,0,100,100,4.4,0
1978,"Primo-député","cadsupprive",36,48,5.55555555555556,0,44.6944444444444,42.5,25.5737297355589,20.9375,16.6666666666667,0,100,100,0,0,63.8888888888889,100,23.0786900530193,12.5,100,100,5.58333333333333,2
1978,"Primo-député","cadsuppub",70,42.4242424242424,0,0,44.0571428571429,43,28.9739618259974,25.6578947368421,20,0,100,100,0,0,65.7142857142857,100,24.3929645874165,20,100,100,5.22857142857143,3
1978,"Primo-député","collab",4,40,0,0,41,41.5,35.2627257799671,20.5254515599343,75,100,0,0,0,0,75,100,31.8144499178982,13.6288998357964,100,100,3,3.5
1978,"Primo-député","employe",14,25.9259259259259,28.5714285714286,0,46.2857142857143,43,19.3402602475183,12.5925925925926,0,0,0,0,100,100,78.5714285714286,100,19.3402602475183,12.5925925925926,100,100,4.14285714285714,3.5
1978,"Primo-député","NA",3,75,33.3333333333333,0,39.3333333333333,35,1.19047619047619,0,0,0,0,0,0,0,33.3333333333333,0,1.19047619047619,0,100,100,0.333333333333333,0
1978,"Primo-député","profinter",35,45.4545454545455,14.2857142857143,0,45.8285714285714,46,30.3137229218473,24.2424242424242,8.57142857142857,0,0,0,100,100,85.7142857142857,100,28.6904699843087,23.3333333333333,100,100,6.31428571428571,5
1978,"Primo-député","proflib",29,28.1553398058252,6.89655172413793,0,46.2758620689655,48,32.1047749803426,21.7391304347826,3.44827586206897,0,100,100,0,0,72.4137931034483,100,31.6121641429042,21.7391304347826,100,100,6.86206896551724,5
1978,"Total","agri",27,100,0,0,50.5925925925926,48,59.0615385545648,63.6363636363636,0,0,100,100,0,0,88.8888888888889,100,59.0615385545648,63.6363636363636,48.1481481481481,0,14.2222222222222,13
1978,"Total","artisancommercantpdg",21,100,4.76190476190476,0,57.5714285714286,55,44.6590275510107,55.1724137931034,4.76190476190476,0,100,100,0,0,57.1428571428571,100,44.6590275510107,55.1724137931034,23.8095238095238,0,13.7142857142857,16
1978,"Total","cadsupprive",75,100,2.66666666666667,0,50.1066666666667,51,38.4362134492125,37.5,16,0,100,100,0,0,72,100,37.0576526144226,35.4838709677419,48,0,10.4,9
1978,"Total","cadsuppub",165,100,1.81818181818182,0,49.3393939393939,50,44.3903497767744,41.6666666666667,29.0909090909091,0,100,100,0,0,80.6060606060606,100,40.0546046897445,39.3939393939394,42.4242424242424,0,10.8727272727273,10
1978,"Total","collab",10,100,0,0,43.6,45,53.9420954153249,56.7255434782608,80,100,0,0,0,0,80,100,40.5223261332993,35.248447204969,40,0,9,6.5
1978,"Total","employe",54,100,11.1111111111111,0,54.4444444444444,55.5,46.3836363177426,46.2962962962962,0,0,0,0,100,100,83.3333333333333,100,46.3836363177426,46.2962962962962,25.9259259259259,0,13.5740740740741,13
1978,"Total","NA",4,100,50,50,45.75,44,24.3777056277056,1.78571428571428,0,0,0,0,0,0,50,50,24.3777056277056,1.78571428571428,75,100,8,0.5
1978,"Total","profinter",77,100,6.49350649350649,0,50.1818181818182,52,46.6162430564061,42.1052631578947,6.49350649350649,0,0,0,100,100,89.6103896103896,100,45.7308211190361,42.1052631578947,45.4545454545455,0,11.7402597402597,9
1978,"Total","proflib",103,100,1.94174757281553,0,53.873786407767,56,50.3319095879542,54.8387096774194,1.94174757281553,0,100,100,0,0,80.5825242718447,100,50.1049520794433,54.8387096774194,28.1553398058252,0,14.2330097087379,13
1997,"Ancien député","agri",13,72.2222222222222,0,0,57.1538461538462,60,63.4601495572173,67.4418604651163,0,0,100,100,0,0,92.3076923076923,100,63.4601495572173,67.4418604651163,0,0,20.4615384615385,20
1997,"Ancien député","artisancommercantpdg",24,63.1578947368421,0,0,53.1666666666667,53,61.3825882902769,52.7777777777778,4.16666666666667,0,100,100,0,0,100,100,60.6250125327012,52.7777777777778,0,0,17,15
1997,"Ancien député","cadsupprive",68,69.3877551020408,5.88235294117647,0,54.8970588235294,54,64.1801608262112,63.9583333333333,20.5882352941176,0,100,100,0,0,97.0588235294118,100,62.6325678624431,61.8347338935574,0,0,18.7205882352941,19
1997,"Ancien député","cadsuppub",144,61.5384615384615,4.16666666666667,0,56.4236111111111,55.5,63.8353137603931,66.6666666666667,26.3888888888889,0,100,100,0,0,97.9166666666667,100,61.1327747641848,64.0762463343109,0,0,19.9166666666667,20
1997,"Ancien député","collab",31,59.6153846153846,9.67741935483871,0,47.9032258064516,48,83.0518786918804,86.9565217391304,96.7741935483871,100,0,0,0,0,96.7741935483871,100,66.6021557412993,68.1818181818182,0,0,19,19
1997,"Ancien député","employe",4,66.6666666666667,75,100,54,55.5,55.2304147465438,54.0322580645161,0,0,0,0,100,100,100,100,55.2304147465438,54.0322580645161,0,0,15.5,15
1997,"Ancien député","NA",3,75,33.3333333333333,0,44.3333333333333,45,73.0065359477124,70,0,0,0,0,0,0,100,100,73.0065359477124,70,0,0,14,14
1997,"Ancien député","ouvrier",5,50,20,0,58.4,57,76.0912698412698,71.4285714285714,0,0,0,0,100,100,100,100,76.0912698412698,71.4285714285714,0,0,25.4,26
1997,"Ancien député","profinter",42,46.1538461538462,2.38095238095238,0,54.7380952380952,53,70.3274245173138,70.8494208494209,11.9047619047619,0,0,0,100,100,97.6190476190476,100,70.1290118189011,70.8494208494209,0,0,20.8809523809524,20
1997,"Ancien député","proflib",70,67.9611650485437,5.71428571428571,0,56.1428571428571,55,63.0917719392573,63.6363636363636,10,0,100,100,0,0,98.5714285714286,100,62.4646912200107,63.6363636363636,0,0,19.3714285714286,19.5
1997,"Primo-député","agri",5,27.7777777777778,0,0,51.6,50,84.4102564102564,100,0,0,100,100,0,0,100,100,84.4102564102564,100,100,100,22.8,25
1997,"Primo-député","artisancommercantpdg",14,36.8421052631579,14.2857142857143,0,53,56,49.262227302019,54.1666666666667,7.14285714285714,0,100,100,0,0,85.7142857142857,100,49.262227302019,54.1666666666667,100,100,14.5,14
1997,"Primo-député","cadsupprive",30,30.6122448979592,10,0,46.4333333333333,47.5,49.5834324823278,44.2890442890443,26.6666666666667,0,100,100,0,0,93.3333333333333,100,47.8675240180323,40.5982905982906,100,100,9.73333333333333,8
1997,"Primo-député","cadsuppub",90,38.4615384615385,25.5555555555556,0,49.4111111111111,50,48.6397175784349,51.8518518518518,34.4444444444444,0,100,100,0,0,88.8888888888889,100,43.7178146579301,44.5,100,100,12,12.5
1997,"Primo-député","collab",21,40.3846153846154,28.5714285714286,0,42.3333333333333,41,71.9823373295913,81.25,80.9523809523809,100,0,0,0,0,80.9523809523809,100,41.6407783038218,45.4545454545455,100,100,12.5238095238095,13
1997,"Primo-député","employe",2,33.3333333333333,50,50,51,51,65.3846153846154,65.3846153846154,0,0,0,0,100,100,100,100,65.3846153846154,65.3846153846154,100,100,17,17
1997,"Primo-député","NA",1,25,0,0,36,36,18.1818181818182,18.1818181818182,0,0,0,0,0,0,100,100,18.1818181818182,18.1818181818182,100,100,2,2
1997,"Primo-député","ouvrier",5,50,0,0,51.4,53,33.5125448028674,40,0,0,0,0,100,100,80,100,33.5125448028674,40,100,100,9.4,8
1997,"Primo-député","profinter",49,53.8461538461538,20.4081632653061,0,50.0612244897959,49,51.0956273358021,51.8518518518518,4.08163265306122,0,0,0,100,100,95.9183673469388,100,51.0389379933985,51.8518518518518,100,100,11.9591836734694,11
1997,"Primo-député","proflib",33,32.0388349514563,15.1515151515152,0,48.2727272727273,48,44.4682667547276,42.1052631578947,3.03030303030303,0,100,100,0,0,90.9090909090909,100,44.0137213001821,42.1052631578947,100,100,10.8484848484848,9
1997,"Total","agri",18,100,0,0,55.6111111111111,56.5,69.2796236830615,78.4615384615385,0,0,100,100,0,0,94.4444444444444,100,69.2796236830615,78.4615384615385,27.7777777777778,0,21.1111111111111,20
1997,"Total","artisancommercantpdg",38,100,5.26315789473684,0,53.1052631578947,54.5,56.9171921367082,52.7777777777778,5.26315789473684,0,100,100,0,0,94.7368421052632,100,56.4387232371867,52.7777777777778,36.8421052631579,0,16.0789473684211,15
1997,"Total","cadsupprive",98,100,7.14285714285714,0,52.3061224489796,52,59.7117745984918,59.6296296296296,22.4489795918367,0,100,100,0,0,95.9183673469388,100,58.112656481501,57.1428571428571,30.6122448979592,0,15.969387755102,15.5
1997,"Total","cadsuppub",234,100,12.3931623931624,0,53.7264957264957,54,57.9908536904092,60.3030303030303,29.4871794871795,0,100,100,0,0,94.4444444444444,100,54.4347131848561,57.6923076923077,38.4615384615385,0,16.8717948717949,16
1997,"Total","collab",52,100,17.3076923076923,0,45.6538461538462,45,78.581486987879,85.9782608695652,90.3846153846154,100,0,0,0,0,90.3846153846154,100,56.5215994684718,62.0192307692307,40.3846153846154,0,16.3846153846154,16.5
1997,"Total","employe",6,100,66.6666666666667,100,53,53,58.6151482925677,55.955334987593,0,0,0,0,100,100,100,100,58.6151482925677,55.955334987593,33.3333333333333,0,16,15
1997,"Total","NA",4,100,25,0,42.25,43.5,59.3003565062389,68.3333333333333,0,0,0,0,0,0,100,100,59.3003565062389,68.3333333333333,25,0,11,14
1997,"Total","ouvrier",10,100,10,0,54.9,55.5,54.8019073220686,58.3333333333333,0,0,0,0,100,100,90,100,54.8019073220686,58.3333333333333,50,50,17.4,18.5
1997,"Total","profinter",91,100,12.0879120879121,0,52.2197802197802,52,59.9718414195767,65,7.69230769230769,0,0,0,100,100,96.7032967032967,100,59.8497412974766,63.6363636363636,53.8461538461538,100,16.0769230769231,15
1997,"Total","proflib",103,100,8.7378640776699,0,53.621359223301,53,57.1250178510099,56,7.76699029126214,0,100,100,0,0,96.1165048543689,100,56.553215420454,56,32.0388349514563,0,16.6407766990291,14
2007,"Ancien député","agri",10,55.5555555555556,0,0,54.9,56.5,70.4508228695872,70.7681365576102,0,0,100,100,0,0,100,100,70.4508228695872,70.7681365576102,0,0,21,19.5
2007,"Ancien député","artisancommercantpdg",27,72.972972972973,0,0,57.8888888888889,58,69.1368067339474,67.8571428571429,11.1111111111111,0,100,100,0,0,100,100,67.4780539640835,66.6666666666667,0,0,22.6296296296296,24
2007,"Ancien député","cadsupprive",79,79,11.3924050632911,0,55.9240506329114,56,69.3274609763234,75,15.1898734177215,0,100,100,0,0,98.7341772151899,100,67.9571954414833,72,0,0,21,21
2007,"Ancien député","cadsuppub",144,73.469387755102,14.5833333333333,0,58.0208333333333,59,68.423073956612,68.768472906404,35.4166666666667,0,100,100,0,0,95.8333333333333,100,65.2986048645314,64.7853736089031,0,0,22.4375,23.5
2007,"Ancien député","collab",64,69.5652173913043,14.0625,0,52.90625,53.5,88.1378120769676,92.6654740608229,95.3125,100,0,0,0,0,100,100,72.9556727701378,75.3378378378379,0,0,24.375,24
2007,"Ancien député","employe",7,87.5,71.4285714285714,100,56.1428571428571,56,67.2930292095377,70.5882352941177,14.2857142857143,0,0,0,100,100,100,100,67.2930292095377,70.5882352941177,0,0,21,24
2007,"Ancien député","NA",4,44.4444444444444,50,50,48.75,48.5,90.9722222222222,94.4444444444445,25,0,0,0,0,0,100,100,90.9722222222222,94.4444444444445,0,0,21,22
2007,"Ancien député","ouvrier",3,60,0,0,65,67,95.2380952380952,100,0,0,0,0,100,100,100,100,95.2380952380952,100,0,0,38,36
2007,"Ancien député","profinter",49,61.25,22.4489795918367,0,56.5714285714286,58,73.3484381100085,77.2727272727273,14.2857142857143,0,0,0,100,100,100,100,71.6100404532435,76.9230769230769,0,0,23.1428571428571,24
2007,"Ancien député","proflib",71,75.531914893617,12.6760563380282,0,58.5352112676056,60,63.9721060481399,66.6666666666667,7.04225352112676,0,100,100,0,0,97.1830985915493,100,62.8991303856236,66.6666666666667,0,0,21.4225352112676,22
2007,"Primo-député","agri",8,44.4444444444444,25,0,55,55.5,49.7495376355671,53.0357142857143,0,0,100,100,0,0,87.5,100,49.7495376355671,53.0357142857143,100,100,14.125,16
2007,"Primo-député","artisancommercantpdg",10,27.027027027027,30,0,48.6,50.5,50.7838816254376,42.4317617866005,0,0,100,100,0,0,100,100,50.7838816254376,42.4317617866005,100,100,11.2,12
2007,"Primo-député","cadsupprive",21,21,38.0952380952381,0,49.9523809523809,47,54.6661618175291,60,14.2857142857143,0,100,100,0,0,95.2380952380952,100,51.6276130646946,54.5454545454545,100,100,14.1904761904762,12
2007,"Primo-député","cadsuppub",52,26.530612244898,23.0769230769231,0,51.75,51.5,53.5687769265621,54.5454545454545,28.8461538461538,0,100,100,0,0,92.3076923076923,100,49.5437880847322,50.8620689655173,100,100,13.8269230769231,12
2007,"Primo-député","collab",28,30.4347826086957,21.4285714285714,0,41.3928571428571,39.5,75.9389024516056,80.3225806451613,85.7142857142857,100,0,0,0,0,82.1428571428571,100,41.2599749286253,40.4545454545455,100,100,11.7142857142857,9.5
2007,"Primo-député","employe",1,12.5,0,0,51,51,46.1538461538462,46.1538461538462,0,0,0,0,100,100,100,100,46.1538461538462,46.1538461538462,100,100,12,12
2007,"Primo-député","NA",5,55.5555555555556,60,100,54.2,51,51.6833333333333,50,20,0,0,0,0,0,80,100,45.5294871794872,48,100,100,17,13
2007,"Primo-député","ouvrier",2,40,0,0,56,56,45.1612903225806,45.1612903225806,0,0,0,0,100,100,100,100,45.1612903225806,45.1612903225806,100,100,14,14
2007,"Primo-député","profinter",31,38.75,51.6129032258064,100,53,54,54.640726355842,57.1428571428571,3.2258064516129,0,0,0,100,100,93.5483870967742,100,54.1030919472399,57.1428571428571,100,100,15.8709677419355,12
2007,"Primo-député","proflib",23,24.468085106383,30.4347826086957,0,52.8260869565217,54,58.4876501867566,52.1739130434783,17.3913043478261,0,100,100,0,0,95.6521739130435,100,56.5034115152114,52.1739130434783,100,100,16.0434782608696,18
2007,"Total","agri",18,100,11.1111111111111,0,54.9444444444444,56.5,61.2502516544671,65.8646616541354,0,0,100,100,0,0,94.4444444444444,100,61.2502516544671,65.8646616541354,44.4444444444444,0,17.9444444444444,19.5
2007,"Total","artisancommercantpdg",37,100,8.10810810810811,0,55.3783783783784,56,64.1765567046204,66.6666666666667,8.10810810810811,0,100,100,0,0,100,100,62.9661154941792,64.2857142857143,27.027027027027,0,19.5405405405405,19
2007,"Total","cadsupprive",100,100,17,0,54.67,55,66.2485881529766,71.7142857142857,15,0,100,100,0,0,98,100,64.5279831423577,67.5438596491228,21,0,19.57,19
2007,"Total","cadsuppub",196,100,16.8367346938776,0,56.3571428571429,57.5,64.4821380098641,65,33.6734693877551,0,100,100,0,0,94.8979591836735,100,61.1187555147887,62.3310810810811,26.530612244898,0,20.1530612244898,20
2007,"Total","collab",92,100,16.304347826087,0,49.4021739130435,50.5,84.4251004518574,90.1612903225806,92.3913043478261,100,0,0,0,0,94.5652173913043,100,63.3091560357645,69.2307692307692,30.4347826086957,0,20.5217391304348,20.5
2007,"Total","employe",8,100,62.5,100,55.5,55.5,64.6506313275763,69.9095022624435,12.5,0,0,0,100,100,100,100,64.6506313275763,69.9095022624435,12.5,0,19.875,21
2007,"Total","NA",9,100,55.5555555555556,100,51.7777777777778,51,69.1450617283951,75,22.2222222222222,0,0,0,0,0,88.8888888888889,100,65.7262583095916,75,55.5555555555556,100,18.7777777777778,20
2007,"Total","ouvrier",5,100,0,0,61.4,61,75.2073732718894,85.7142857142857,0,0,0,0,100,100,100,100,75.2073732718894,85.7142857142857,40,0,28.4,36
2007,"Total","profinter",80,100,33.75,0,55.1875,57,66.099199805269,72.10433244916,10,0,0,0,100,100,97.5,100,64.8260979071671,71.1915535444948,38.75,0,20.325,21.5
2007,"Total","proflib",94,100,17.0212765957447,0,57.1382978723404,57,62.6301647203546,66.6666666666667,9.57446808510638,0,100,100,0,0,96.8085106382979,100,61.3342204492461,64.8529411764706,24.468085106383,0,20.1063829787234,21
2012,"Ancien député","agri",11,61.1111111111111,27.2727272727273,0,59.9090909090909,60,63.9738406137889,65.7142857142857,0,0,100,100,0,0,100,100,63.9738406137889,65.7142857142857,0,0,22,23
2012,"Ancien député","artisancommercantpdg",17,73.9130434782609,11.7647058823529,0,58.5294117647059,58,65.6018560056187,69.6969696969697,5.88235294117647,0,100,100,0,0,100,100,65.6018560056187,69.6969696969697,0,0,21.7647058823529,23
2012,"Ancien député","cadsupprive",66,61.1111111111111,10.6060606060606,0,57.5454545454545,59,78.2707522712425,80.4761904761905,27.2727272727273,0,100,100,0,0,98.4848484848485,100,76.766531777394,79.3103448275862,0,0,24.9242424242424,23
2012,"Ancien député","cadsuppub",94,55.6213017751479,15.9574468085106,0,58.6914893617021,60,72.8332704111917,73.1707317073171,40.4255319148936,0,100,100,0,0,98.936170212766,100,68.8172266203193,68.9010989010989,0,0,24.4468085106383,24
2012,"Ancien député","collab",53,51.9607843137255,16.9811320754717,0,52.188679245283,53,88.8471223174142,90.3225806451613,96.2264150943396,100,0,0,0,0,98.1132075471698,100,69.7149331991378,76.9230769230769,0,0,24.0754716981132,25
2012,"Ancien député","employe",4,66.6666666666667,25,0,55.25,55.5,40.333485958486,38.1944444444444,0,0,0,0,100,100,75,100,40.333485958486,38.1944444444444,0,0,12.5,11
2012,"Ancien député","NA",7,50,57.1428571428571,100,55.8571428571429,56,83.9215396271848,90.625,28.5714285714286,0,0,0,0,0,100,100,80.2349036824843,90.625,0,0,25.7142857142857,25
2012,"Ancien député","profinter",52,49.5238095238095,38.4615384615385,0,59.9038461538462,61,68.9491944105155,72.8501228501229,9.61538461538461,0,0,0,100,100,98.0769230769231,100,68.5863935957696,72.8501228501229,0,0,24.1730769230769,23.5
2012,"Ancien député","proflib",60,76.9230769230769,11.6666666666667,0,60.4833333333333,61.5,68.7824970312846,68.1653746770026,11.6666666666667,0,100,100,0,0,100,100,68.0510806225426,68.1653746770026,0,0,24.3166666666667,23
2012,"Primo-député","agri",7,38.8888888888889,28.5714285714286,0,55.2857142857143,56,51.2519041658255,53.125,0,0,100,100,0,0,85.7142857142857,100,51.2519041658255,53.125,100,100,15.4285714285714,17
2012,"Primo-député","artisancommercantpdg",6,26.0869565217391,16.6666666666667,0,47.1666666666667,50.5,33.5920195173069,34.3501326259947,0,0,100,100,0,0,100,100,33.5920195173069,34.3501326259947,100,100,7.5,6
2012,"Primo-député","cadsupprive",42,38.8888888888889,30.952380952381,0,49.1666666666667,50,42.8285292006316,39.3358876117497,28.5714285714286,0,100,100,0,0,73.8095238095238,100,34.179022135711,32.8431372549019,100,100,10.9761904761905,11
2012,"Primo-député","cadsuppub",75,44.3786982248521,42.6666666666667,0,49.5466666666667,48,44.1894713031315,47.8260869565217,25.3333333333333,0,100,100,0,0,84,100,40.4380912768028,40.7407407407407,100,100,10.8133333333333,11
2012,"Primo-député","collab",49,48.0392156862745,20.4081632653061,0,42.3673469387755,41,76.2462496541441,83.3333333333333,93.8775510204082,100,0,0,0,0,87.7551020408163,100,44.9073749507389,44,100,100,13.1632653061224,13
2012,"Primo-député","employe",2,33.3333333333333,50,50,59,59,25.2431476569408,25.2431476569408,0,0,0,0,100,100,100,100,25.2431476569408,25.2431476569408,100,100,9.5,9.5
2012,"Primo-député","NA",7,50,57.1428571428571,100,53.7142857142857,61,34.1125157588572,36.4316239316239,14.2857142857143,0,0,0,0,0,71.4285714285714,100,34.1125157588572,36.4316239316239,100,100,10.7142857142857,10
2012,"Primo-député","profinter",53,50.4761904761905,52.8301886792453,100,54.6603773584906,55,41.9989462272672,42.3076923076923,13.2075471698113,0,0,0,100,100,88.6792452830189,100,39.4095370340845,36.6666666666667,100,100,12.4150943396226,11
2012,"Primo-député","proflib",18,23.0769230769231,44.4444444444444,0,48.8888888888889,50.5,46.1438918107033,51.7241379310344,0,0,100,100,0,0,88.8888888888889,100,46.1438918107033,51.7241379310344,100,100,10.7777777777778,11
2012,"Total","agri",18,100,27.7777777777778,0,58.1111111111111,57.5,59.0264208840253,65,0,0,100,100,0,0,94.4444444444444,100,59.0264208840253,65,38.8888888888889,0,19.4444444444444,17.5
2012,"Total","artisancommercantpdg",23,100,13.0434782608696,0,55.5652173913044,57,57.251463878233,58.974358974359,4.34782608695652,0,100,100,0,0,100,100,57.251463878233,58.974358974359,26.0869565217391,0,18.0434782608696,21
2012,"Total","cadsupprive",108,100,18.5185185185185,0,54.287037037037,54,64.4876655215605,69.8896631823461,27.7777777777778,0,100,100,0,0,88.8888888888889,100,60.204722472295,65.821566110398,38.8888888888889,0,19.5,22
2012,"Total","cadsuppub",169,100,27.810650887574,0,54.6331360946746,56,60.1215252448928,66.6666666666667,33.7278106508876,0,100,100,0,0,92.3076923076923,100,56.2229357873978,60.5263157894737,44.3786982248521,0,18.396449704142,18
2012,"Total","collab",102,100,18.6274509803922,0,47.4705882352941,46.5,82.7937619203531,88.5164835164836,95.0980392156863,100,0,0,0,0,93.1372549019608,100,57.7975767856913,57.9796264855688,48.0392156862745,0,18.8333333333333,17
2012,"Total","employe",6,100,33.3333333333333,0,56.5,57,35.3033731913042,37.0726495726496,0,0,0,0,100,100,83.3333333333333,100,35.3033731913042,37.0726495726496,33.3333333333333,0,11.5,11
2012,"Total","NA",14,100,57.1428571428571,100,54.7857142857143,56.5,60.9327593802644,56.6666666666667,21.4285714285714,0,0,0,0,0,85.7142857142857,100,58.9476477177334,56.6666666666667,50,50,18.2142857142857,17.5
2012,"Total","profinter",105,100,45.7142857142857,0,57.2571428571429,57,55.345735803733,58.6206896551724,11.4285714285714,0,0,0,100,100,93.3333333333333,100,53.8590279027285,56.0975609756098,50.4761904761905,100,18.2380952380952,17
2012,"Total","proflib",78,100,19.2307692307692,0,57.8076923076923,60.5,63.5582035188428,62.5625625625626,8.97435897435897,0,100,100,0,0,97.4358974358974,100,62.9955755121182,62.5625625625626,23.0769230769231,0,21.1923076923077,21.5
2017,"Ancien député","agri",8,53.3333333333333,0,0,59,59.5,76.4791205841569,80.4310344827586,0,0,100,100,0,0,100,100,76.4791205841569,80.4310344827586,0,0,26.125,26.5
2017,"Ancien député","artisancommercantpdg",12,18.1818181818182,25,0,54.8333333333333,56,68.5725768131227,65.686274509804,25,0,100,100,0,0,100,100,67.7661252002195,65.686274509804,0,0,20.75,17
2017,"Ancien député","cadsupprive",25,19.0839694656489,16,0,58,59,64.487717160585,64.7058823529412,20,0,100,100,0,0,92,100,62.971012355093,63.3333333333333,0,0,20.88,22
2017,"Ancien député","cadsuppub",43,35.5371900826446,23.2558139534884,0,56.8139534883721,55,63.6021727245189,66.6666666666667,30.2325581395349,0,100,100,0,0,97.6744186046512,100,60.3934666552192,64.1025641025641,0,0,20.3953488372093,22
2017,"Ancien député","collab",40,44.9438202247191,25,0,51.4,52.5,88.9824189907454,94.4272445820433,92.5,100,0,0,0,0,92.5,100,67.4493557774957,65.686274509804,0,0,23.15,22
2017,"Ancien député","NA",3,30,66.6666666666667,100,47.3333333333333,51,87.6190476190476,100,0,0,0,0,0,0,100,100,87.6190476190476,100,0,0,18,22
2017,"Ancien député","profinter",13,16.4556962025316,38.4615384615385,0,58.6923076923077,59,67.9714502482563,66.6666666666667,15.3846153846154,0,0,0,100,100,100,100,67.9714502482563,66.6666666666667,0,0,22.5384615384615,22
2017,"Ancien député","proflib",18,26.4705882352941,11.1111111111111,0,62.8888888888889,65.5,59.3853169775024,61.4198871037777,5.55555555555556,0,100,100,0,0,100,100,58.6277412199266,61.4198871037777,0,0,22.6666666666667,25.5
2017,"Primo-député","agri",7,46.6666666666667,28.5714285714286,0,50.5714285714286,58,44.4031871121654,48.4848484848485,0,0,100,100,0,0,71.4285714285714,100,44.4031871121654,48.4848484848485,100,100,15,16
2017,"Primo-député","artisancommercantpdg",54,81.8181818181818,35.1851851851852,0,48.3518518518519,48.5,12.6542352005354,0,12.962962962963,0,100,100,0,0,40.7407407407407,0,11.5093261735674,0,100,100,3.37037037037037,0
2017,"Primo-député","cadsupprive",106,80.9160305343512,45.2830188679245,0,42.9245283018868,42,18.7496251252856,0,14.1509433962264,0,100,100,0,0,37.7358490566038,0,14.6319579384568,0,100,100,3.83962264150943,0
2017,"Primo-député","cadsuppub",78,64.4628099173554,46.1538461538462,0,48.7307692307692,48,26.5305240601416,18.3333333333333,10.2564102564103,0,100,100,0,0,58.974358974359,100,24.6095721674703,14.3181818181818,100,100,6.74358974358974,3
2017,"Primo-député","collab",49,55.0561797752809,38.7755102040816,0,44.6326530612245,46,79.2857446311668,87.5,97.9591836734694,100,0,0,0,0,77.5510204081633,100,43.4744524416181,43.9024390243902,100,100,15.1428571428571,15
2017,"Primo-député","employe",6,100,66.6666666666667,100,51,50,17.1031746031746,17.1428571428571,0,0,0,0,100,100,66.6666666666667,100,17.1031746031746,17.1428571428571,100,100,5.5,4
2017,"Primo-député","NA",7,70,28.5714285714286,0,37.5714285714286,35,41.5237905369484,42.9924242424242,14.2857142857143,0,0,0,0,0,71.4285714285714,100,40.6465975544923,42.9924242424242,100,100,5.28571428571429,3
2017,"Primo-député","profinter",66,83.5443037974684,60.6060606060606,100,47.7727272727273,47.5,26.6226598470212,18.5855263157895,4.54545454545455,0,0,0,100,100,63.6363636363636,100,25.0675251668865,14.3181818181818,100,100,6.81818181818182,3
2017,"Primo-député","proflib",50,73.5294117647059,44,0,47.98,48,22.2853270567943,15.8333333333333,4,0,100,100,0,0,62,100,21.9981475696148,15.8333333333333,100,100,6.12,3
2017,"Total","agri",15,100,13.3333333333333,0,55.0666666666667,58,61.5103516305609,64.7058823529412,0,0,100,100,0,0,86.6666666666667,100,61.5103516305609,64.7058823529412,46.6666666666667,0,20.9333333333333,22
2017,"Total","artisancommercantpdg",66,100,33.3333333333333,0,49.530303030303,49,22.821206402824,10,15.1515151515152,0,100,100,0,0,51.5151515151515,100,21.7378350875041,6.44736842105263,81.8181818181818,100,6.53030303030303,2.5
2017,"Total","cadsupprive",131,100,39.6946564885496,0,45.8015267175573,47,27.613596449956,16.6666666666667,15.2671755725191,0,100,100,0,0,48.0916030534351,0,23.9999917401305,0,80.9160305343512,100,7.09160305343511,3
2017,"Total","cadsuppub",121,100,38.0165289256198,0,51.603305785124,52,39.7047463127716,37.5,17.3553719008264,0,100,100,0,0,72.7272727272727,100,37.3261627705546,36,64.4628099173554,100,11.595041322314,9
2017,"Total","collab",89,100,32.5842696629214,0,47.6741573033708,48,83.6438005231122,91.1764705882353,95.5056179775281,100,0,0,0,0,84.2696629213483,100,54.2496898959451,59.2592592592593,55.0561797752809,100,18.7415730337079,19
2017,"Total","employe",6,100,66.6666666666667,100,51,50,17.1031746031746,17.1428571428571,0,0,0,0,100,100,66.6666666666667,100,17.1031746031746,17.1428571428571,100,100,5.5,4
2017,"Total","NA",10,100,40,0,40.5,36.5,56.8888762309815,62.8571428571429,10,0,0,0,0,0,80,100,56.3040809093441,57.8947368421053,70,100,9.1,6
2017,"Total","profinter",79,100,56.9620253164557,100,49.5696202531646,49,33.42689117887,22.5806451612903,6.32911392405063,0,0,0,100,100,69.620253164557,100,32.1276647372385,19.2307692307692,83.5443037974684,100,9.40506329113924,7
2017,"Total","proflib",68,100,35.2941176470588,0,51.9264705882353,52.5,32.1059126240405,24.5689655172414,4.41176470588235,0,100,100,0,0,72.0588235294118,100,31.6942164770503,24.5689655172414,73.5294117647059,100,10.5,6.5
2022,"Ancien député","agri",8,72.7272727272727,25,0,56.375,58.5,74.4114597992307,73.4848484848485,0,0,100,100,0,0,87.5,100,74.4114597992307,73.4848484848485,0,0,23.125,21
2022,"Ancien député","artisancommercantpdg",35,67.3076923076923,31.4285714285714,0,54.6285714285714,54,41.2403002215944,35.7142857142857,11.4285714285714,0,100,100,0,0,71.4285714285714,100,40.3224020278342,35.7142857142857,0,0,12.6,8
2022,"Ancien député","cadsupprive",70,60.3448275862069,40,0,49.8142857142857,49.5,46.6720365918736,42.9276315789474,18.5714285714286,0,100,100,0,0,51.4285714285714,100,43.934765918084,40.0641025641026,0,0,10.7428571428571,8
2022,"Ancien député","cadsuppub",53,44.5378151260504,26.4150943396226,0,55.1509433962264,56,56.5217638974682,52.5,16.9811320754717,0,100,100,0,0,79.2452830188679,100,54.8627438767363,51.9230769230769,0,0,17.3584905660377,14
2022,"Ancien député","collab",60,51.2820512820513,31.6666666666667,0,49.5,51,86.3723162035077,92.3076923076923,98.3333333333333,100,0,0,0,0,83.3333333333333,100,63.0569807898145,64.0625,0,0,20.7666666666667,21
2022,"Ancien député","employe",4,14.8148148148148,75,100,53.75,55,34.8214285714286,33.8095238095238,0,0,0,0,100,100,100,100,34.8214285714286,33.8095238095238,0,0,10.25,11
2022,"Ancien député","NA",4,36.3636363636364,75,100,57,58,81.5241228070175,85.4166666666667,50,50,0,0,0,0,100,100,80.4824561403509,83.3333333333333,0,0,26,26
2022,"Ancien député","profinter",31,40.7894736842105,54.8387096774194,100,54.4838709677419,54,47.5897536377917,38.0952380952381,6.45161290322581,0,0,0,100,100,70.9677419354839,100,46.2854058117048,36.3636363636364,0,0,13.9677419354839,8
2022,"Ancien député","proflib",31,51.6666666666667,35.4838709677419,0,55.1935483870968,55,48.6723277367019,50,9.67741935483871,0,100,100,0,0,74.1935483870968,100,47.6577595785333,48.3870967741935,0,0,15.0967741935484,14
2022,"Primo-député","agri",3,27.2727272727273,0,0,49,54,30.3454455567915,25.8064516129032,0,0,100,100,0,0,100,100,30.3454455567915,25.8064516129032,100,100,5.66666666666667,7
2022,"Primo-député","artisancommercantpdg",17,32.6923076923077,35.2941176470588,0,50.4117647058824,45,37.9950847652626,35,17.6470588235294,0,100,100,0,0,88.2352941176471,100,36.8279512451879,32,100,100,8.11764705882353,7
2022,"Primo-député","cadsupprive",46,39.6551724137931,39.1304347826087,0,46.5869565217391,47,35.0902981288198,30.6149732620321,26.0869565217391,0,100,100,0,0,71.7391304347826,100,29.2758180117501,17.1428571428571,100,100,6.84782608695652,5.5
2022,"Primo-député","cadsuppub",66,55.4621848739496,40.9090909090909,0,45.4848484848485,45,31.863552792906,24.5,31.8181818181818,0,100,100,0,0,62.1212121212121,100,28.3973233882091,16.2280701754386,100,100,6.78787878787879,4
2022,"Primo-député","collab",57,48.7179487179487,26.3157894736842,0,38.3684210526316,35,81.1175402597919,88.8888888888889,91.2280701754386,100,0,0,0,0,70.1754385964912,100,37.9717103606947,28.5714285714286,100,100,10.280701754386,8
2022,"Primo-député","employe",23,85.1851851851852,47.8260869565217,0,44.1739130434783,45,20.9965972090627,13.9423076923077,21.7391304347826,0,0,0,100,100,43.4782608695652,0,18.610436133062,0,100,100,4.52173913043478,1
2022,"Primo-député","NA",7,63.6363636363636,57.1428571428571,100,41.7142857142857,46,49.8272347535505,55.2631578947368,0,0,0,0,0,0,71.4285714285714,100,49.8272347535505,55.2631578947368,100,100,8.42857142857143,7
2022,"Primo-député","ouvrier",8,100,37.5,0,40.75,44,7.52935715989903,7.40740740740741,0,0,0,0,100,100,75,100,7.52935715989903,7.40740740740741,100,100,1.5,1.5
2022,"Primo-député","profinter",45,59.2105263157895,40,0,48.8666666666667,47,29.2570575753117,33.3333333333333,4.44444444444444,0,0,0,100,100,77.7777777777778,100,28.8126131308672,32,100,100,7.24444444444444,8
2022,"Primo-député","proflib",29,48.3333333333333,55.1724137931034,100,50.6896551724138,51,30.5540099517188,21.2121212121212,6.89655172413793,0,100,100,0,0,86.2068965517241,100,28.0635884957801,17.7777777777778,100,100,6.6551724137931,7
2022,"Total","agri",11,100,18.1818181818182,0,54.3636363636364,56,62.3934559149291,58.3333333333333,0,0,100,100,0,0,90.9090909090909,100,62.3934559149291,58.3333333333333,27.2727272727273,0,18.3636363636364,21
2022,"Total","artisancommercantpdg",52,100,32.6923076923077,0,53.25,53,40.1793643993321,35.0925925925926,13.4615384615385,0,100,100,0,0,76.9230769230769,100,39.1799854258152,34.8913043478261,32.6923076923077,0,11.1346153846154,8
2022,"Total","cadsupprive",116,100,39.6551724137931,0,48.5344827586207,48.5,42.079278235835,37.966537966538,21.551724137931,0,100,100,0,0,59.4827586206897,100,38.1217348517792,33.3333333333333,39.6551724137931,0,9.19827586206897,7
2022,"Total","cadsuppub",119,100,34.453781512605,0,49.7899159663866,50,42.8457812680472,42.8571428571429,25.2100840336134,0,100,100,0,0,69.7478991596639,100,40.1844434377212,34.7826086956522,55.4621848739496,100,11.4957983193277,8
2022,"Total","collab",117,100,29.0598290598291,0,44.0769230769231,43,83.8122971540051,92.3076923076923,94.8717948717949,100,0,0,0,0,76.9230769230769,100,50.8359516063971,54.5454545454545,48.7179487179487,0,15.6581196581197,14
2022,"Total","employe",27,100,51.8518518518519,100,45.5925925925926,46,23.1234943417344,17.156862745098,18.5185185185185,0,0,0,100,100,51.8518518518519,100,21.1044349697338,8.33333333333334,85.1851851851852,100,5.37037037037037,2
2022,"Total","NA",11,100,63.6363636363636,100,47.2727272727273,50,63.9147405550914,70,18.1818181818182,0,0,0,0,0,81.8181818181818,100,63.4517775921285,66.6666666666667,63.6363636363636,100,14.8181818181818,17
2022,"Total","ouvrier",8,100,37.5,0,40.75,44,7.52935715989903,7.40740740740741,0,0,0,0,100,100,75,100,7.52935715989903,7.40740740740741,100,100,1.5,1.5
2022,"Total","profinter",76,100,46.0526315789474,0,51.1578947368421,50.5,36.7348678113233,36.3636363636364,5.26315789473684,0,0,0,100,100,75,100,35.9396733033141,33.3333333333333,59.2105263157895,100,9.98684210526316,8
2022,"Total","proflib",60,100,45,0,53.0166666666667,53,39.9151408072934,37.1473354231975,8.33333333333333,0,100,100,0,0,80,100,38.1872435552026,35.340022296544,48.3333333333333,0,11.0166666666667,8
2024,"Ancien député","agri",8,66.6666666666667,25,0,56.75,59,57.834343822247,58.3796296296296,0,0,100,100,0,0,87.5,100,57.834343822247,58.3796296296296,0,0,17.625,19.5
2024,"Ancien député","artisancommercantpdg",39,72.2222222222222,35.8974358974359,0,54.7948717948718,54,41.3415582392149,38.8888888888889,12.8205128205128,0,100,100,0,0,79.4871794871795,100,40.3595591969443,38.4615384615385,0,0,11.7435897435897,10
2024,"Ancien député","cadsupprive",79,75.2380952380952,32.9113924050633,0,50.9746835443038,52,49.4934537142586,47.6190476190476,24.0506329113924,0,100,100,0,0,64.5569620253165,100,46.0323003024351,43.3333333333333,0,0,12.1898734177215,10
2024,"Ancien député","cadsuppub",88,73.3333333333333,32.9545454545455,0,51.1022727272727,52,48.0328275546614,48.5294117647059,27.2727272727273,0,100,100,0,0,70.4545454545455,100,45.965184024926,41.1538461538461,0,0,12.6818181818182,10
2024,"Ancien député","collab",85,73.9130434782609,29.4117647058824,0,44.7058823529412,42,87.1677421641169,92.5824175824176,95.2941176470588,100,0,0,0,0,76.4705882352941,100,59.7430962709477,62.5,0,0,17.0588235294118,13
2024,"Ancien député","employe",19,82.6086956521739,36.8421052631579,0,44.9473684210526,44,29.913420958381,22.2222222222222,21.0526315789474,0,0,0,100,100,36.8421052631579,0,28.330516328385,16.6666666666667,0,0,5.78947368421053,2
2024,"Ancien député","NA",9,64.2857142857143,66.6666666666667,100,51.2222222222222,52,66.0235225724356,65.2884615384615,22.2222222222222,0,0,0,0,0,88.8888888888889,100,65.5427533416664,63.3653846153846,0,0,17.5555555555556,19
2024,"Ancien député","ouvrier",7,87.5,42.8571428571429,0,45.2857142857143,51,22.2174006934852,25,0,0,0,0,100,100,71.4285714285714,100,22.2174006934852,25,0,0,3.71428571428571,4
2024,"Ancien député","profinter",55,75.3424657534247,47.2727272727273,0,53.1636363636364,54,40.381880491739,41.6666666666667,1.81818181818182,0,0,0,100,100,74.5454545454545,100,40.2303653402239,41.6666666666667,0,0,11.7636363636364,10
2024,"Ancien député","proflib",48,90.5660377358491,54.1666666666667,100,55.5625,55,45.8704164185613,43.1899641577061,8.33333333333333,0,100,100,0,0,81.25,100,44.2511604350812,40.9677419354839,0,0,13.6875,10
2024,"Primo-député","agri",4,33.3333333333333,50,50,58.25,59,15.2478448275862,8.6206896551724,25,0,100,100,0,0,25,0,10.9375,0,100,100,4.75,2.5
2024,"Primo-député","artisancommercantpdg",15,27.7777777777778,6.66666666666667,0,51.9333333333333,56,29.953313900942,18.1818181818182,20,0,100,100,0,0,73.3333333333333,100,28.7681287157568,12,100,100,8.8,6
2024,"Primo-député","cadsupprive",26,24.7619047619048,23.0769230769231,0,45.9615384615385,45,34.3294235702435,29.8076923076923,26.9230769230769,0,100,100,0,0,61.5384615384615,100,28.9423298210808,18.6147186147186,100,100,7.15384615384615,5
2024,"Primo-député","cadsuppub",32,26.6666666666667,43.75,0,49.03125,50.5,36.3022050910402,33.008658008658,28.125,0,100,100,0,0,56.25,100,32.2689329903339,22,100,100,9.53125,4
2024,"Primo-député","collab",30,26.0869565217391,23.3333333333333,0,38.0333333333333,36.5,78.702677814941,81.0924369747899,96.6666666666667,100,0,0,0,0,63.3333333333333,100,40.1236544722653,39.4444444444444,100,100,10.0666666666667,9
2024,"Primo-député","employe",4,17.3913043478261,50,50,46,46.5,6.61764705882353,0,25,0,0,0,100,100,25,0,6.61764705882353,0,100,100,2.25,0
2024,"Primo-député","NA",5,35.7142857142857,60,100,39,35,38.7455197132616,50,0,0,0,0,0,0,60,100,38.7455197132616,50,100,100,5,4
2024,"Primo-député","ouvrier",1,12.5,0,0,36,36,18.1818181818182,18.1818181818182,100,100,0,0,100,100,100,100,9.09090909090909,9.09090909090909,100,100,2,2
2024,"Primo-député","profinter",18,24.6575342465753,16.6666666666667,0,47.5,48.5,31.7496006715781,26.1363636363636,5.55555555555556,0,0,0,100,100,77.7777777777778,100,31.0551562271337,26.1363636363636,100,100,6.61111111111111,4
2024,"Primo-député","proflib",5,9.43396226415094,60,100,62.6,61,26.9265829021927,9.09090909090909,0,0,100,100,0,0,60,100,26.9265829021927,9.09090909090909,100,100,10.4,4
2024,"Total","agri",12,100,33.3333333333333,0,57.25,59,43.6388441573601,48.0113636363637,8.33333333333333,0,100,100,0,0,66.6666666666667,100,42.2020625481647,48.0113636363637,33.3333333333333,0,13.3333333333333,12
2024,"Total","artisancommercantpdg",54,100,27.7777777777778,0,54,55,38.1781570341391,35.2777777777778,14.8148148148148,0,100,100,0,0,77.7777777777778,100,37.1397173966144,35.2777777777778,27.7777777777778,0,10.9259259259259,9
2024,"Total","cadsupprive",105,100,30.4761904761905,0,49.7333333333333,50,45.7385510119311,46.6666666666667,24.7619047619048,0,100,100,0,0,63.8095238095238,100,41.8004980880045,41.025641025641,24.7619047619048,0,10.9428571428571,9
2024,"Total","cadsuppub",120,100,35.8333333333333,0,50.55,51,44.9046615643624,43.3760683760683,27.5,0,100,100,0,0,66.6666666666667,100,42.3128504157015,38.6752136752137,26.6666666666667,0,11.8416666666667,10
2024,"Total","collab",115,100,27.8260869565217,0,42.9652173913043,40,85.051476076823,89.8717948717949,95.6521739130435,100,0,0,0,0,73.0434782608696,100,54.8382358212771,60,26.0869565217391,0,15.2347826086957,13
2024,"Total","employe",23,100,39.1304347826087,0,45.1304347826087,44,25.8619820193275,21.2765957446809,21.7391304347826,0,0,0,100,100,34.7826086956522,0,24.5543651510699,15.3846153846154,17.3913043478261,0,5.17391304347826,2
2024,"Total","NA",14,100,64.2857142857143,100,46.8571428571429,51.5,58.5840672472063,57.5,14.2857142857143,0,0,0,0,0,78.5714285714286,100,58.234416897556,57.5,35.7142857142857,0,13.0714285714286,9.5
2024,"Total","ouvrier",8,100,37.5,0,44.125,46,21.7129528795269,21.5909090909091,12.5,0,0,0,100,100,75,100,20.5765892431632,20.1923076923077,12.5,0,3.5,3.5
2024,"Total","profinter",73,100,39.7260273972603,0,51.7671232876712,52,38.2533731388226,40,2.73972602739726,0,0,0,100,100,75.3424657534247,100,37.9679850109688,40,24.6575342465753,0,10.4931506849315,10
2024,"Total","proflib",53,100,54.7169811320755,100,56.2264150943396,56,44.0832623132435,41.9354838709677,7.54716981132075,0,100,100,0,0,79.2452830188679,100,42.6167663282049,40,9.43396226415094,0,13.377358490566,10
