"legis.annee","ProfSigni","elu.local","effectifs","pourcentages","mean_part.femmes","median_part.femmes","mean_age","median_age","mean_part.pol","median_part.pol","mean_part.cabcollab","median_part.cabcollab","mean_part.pcs.123","median_part.pcs.123","mean_part.pcs.456","median_part.pcs.456","mean_part.elu.local","median_part.elu.local","mean_part.mandat","median_part.mandat","mean_part.primos","median_part.primos","mean_duree.pol","median_duree.pol"
1978,"agri","Ancien élu local",24,5.58139534883721,0,0,50.5416666666667,48,65.8129177425723,76.9892473118279,0,0,100,100,0,0,100,100,65.8129177425723,76.9892473118279,45.8333333333333,0,15.7916666666667,13
1978,"agri","Jamais élu local",3,2.83018867924528,0,0,51,49,5.05050505050507,0,0,0,100,100,0,0,0,0,5.05050505050507,0,66.6666666666667,100,1.66666666666667,0
1978,"artisancommercantpdg","Ancien élu local",12,2.7906976744186,0,0,57.0833333333333,55.5,61.1086206695912,59.0909090909091,8.33333333333333,0,100,100,0,0,100,100,61.1086206695912,59.0909090909091,16.6666666666667,0,18.5833333333333,19.5
1978,"artisancommercantpdg","Jamais élu local",9,8.49056603773585,11.1111111111111,0,58.2222222222222,55,22.7262367262367,6.06060606060606,0,0,100,100,0,0,0,0,22.7262367262367,6.06060606060606,33.3333333333333,0,7.22222222222222,2
1978,"cadsupprive","Ancien élu local",54,12.5581395348837,1.85185185185185,0,51.3703703703704,54.5,46.9427293616665,49.2424242424242,14.8148148148148,0,100,100,0,0,100,100,46.5820662792293,49.2424242424242,42.5925925925926,0,12.8703703703704,13
1978,"cadsupprive","Jamais élu local",21,19.811320754717,4.76190476190476,0,46.8571428571429,48,16.5623153886165,19.2307692307692,19.047619047619,0,100,100,0,0,0,0,12.5663031906339,0,61.9047619047619,100,4.04761904761905,2
1978,"cadsuppub","Ancien élu local",133,30.9302325581395,2.25563909774436,0,49.8721804511278,50,50.6488360910298,45.4545454545455,29.3233082706767,0,100,100,0,0,100,100,46.9956694033398,43.75,34.5864661654135,0,12.4511278195489,11
1978,"cadsuppub","Jamais élu local",32,30.188679245283,0,0,47.125,48.5,18.3785160331508,3.03030303030303,28.125,0,100,100,0,0,0,0,11.2058044738639,0,75,100,4.3125,1
1978,"collab","Ancien élu local",8,1.86046511627907,0,0,44.375,47,64.1381455849456,74.8125,100,100,0,0,0,0,100,100,47.3634339824136,39.8571428571428,37.5,0,10.625,9.5
1978,"collab","Jamais élu local",2,1.88679245283019,0,0,40.5,40.5,13.1578947368421,13.1578947368421,0,0,0,0,0,0,0,0,13.1578947368421,13.1578947368421,50,50,2.5,2.5
1978,"employe","Ancien élu local",45,10.4651162790698,8.88888888888889,0,55.8222222222222,57,51.1385832243853,50,0,0,0,0,100,100,100,100,51.1385832243853,50,24.4444444444444,0,15.2666666666667,14
1978,"employe","Jamais élu local",9,8.49056603773585,22.2222222222222,0,47.5555555555556,52,22.608901784529,25,0,0,0,0,100,100,0,0,22.608901784529,25,33.3333333333333,0,5.11111111111111,5
1978,"NA","Ancien élu local",2,0.465116279069767,100,100,59,59,48.7554112554112,48.7554112554112,0,0,0,0,0,0,100,100,48.7554112554112,48.7554112554112,50,50,16,16
1978,"NA","Jamais élu local",2,1.88679245283019,0,0,32.5,32.5,0,0,0,0,0,0,0,0,0,0,0,0,100,100,0,0
1978,"profinter","Ancien élu local",69,16.046511627907,5.79710144927536,0,50.8405797101449,53,50.359912457247,43.75,5.79710144927536,0,0,0,100,100,100,100,49.7231723857243,43.75,43.4782608695652,0,12.6811594202899,12
1978,"profinter","Jamais élu local",8,7.54716981132075,12.5,0,44.5,41.5,14.3270944741533,8.8235294117647,12.5,0,0,0,100,100,0,0,11.2967914438503,6.06060606060605,62.5,100,3.625,1.5
1978,"proflib","Ancien élu local",83,19.3023255813953,1.20481927710843,0,54.6265060240964,56,57.9688878257541,57.5757575757576,0,0,100,100,0,0,100,100,57.9688878257541,57.5757575757576,25.3012048192771,0,16.3493975903614,16
1978,"proflib","Jamais élu local",20,18.8679245283019,5,0,50.75,52.5,18.6384499010847,16.19644723093,10,0,100,100,0,0,0,0,17.4696187322535,16.19644723093,40,0,5.45,5
1978,"Total","Ancien élu local",430,100,3.48837209302326,0,51.9348837209302,53,52.981674281091,53.2291666666667,13.953488372093,0,71.1627906976744,100,26.5116279069767,0,100,100,51.3921865283708,51.5151515151515,34.4186046511628,0,13.9279069767442,13
1978,"Total","Jamais élu local",106,100,5.66037735849057,0,48.2452830188679,49,17.667834351498,14.7186147186147,15.0943396226415,0,80.188679245283,100,16.0377358490566,0,0,0,14.2615883734426,0,57.5471698113208,100,4.54716981132075,2
1997,"agri","Ancien élu local",17,2.73752012882448,0,0,56.6470588235294,57,71.9974296010696,80,0,0,100,100,0,0,100,100,71.9974296010696,80,29.4117647058824,0,22.1764705882353,20
1997,"agri","Jamais élu local",1,3.03030303030303,0,0,38,38,23.0769230769231,23.0769230769231,0,0,100,100,0,0,0,0,23.0769230769231,23.0769230769231,0,0,3,3
1997,"artisancommercantpdg","Ancien élu local",36,5.79710144927536,5.55555555555556,0,53.5555555555556,54.5,60.0792583665253,55.5555555555556,2.77777777777778,0,100,100,0,0,100,100,59.5742078614748,55.5555555555556,33.3333333333333,0,16.9722222222222,15
1997,"artisancommercantpdg","Jamais élu local",2,6.06060606060606,0,0,45,45,0,0,50,50,100,100,0,0,0,0,0,0,100,100,0,0
1997,"cadsupprive","Ancien élu local",94,15.1368760064412,6.38297872340426,0,52.063829787234,52,61.0400618661075,60,22.3404255319149,0,100,100,0,0,100,100,59.4393855313724,57.7380952380952,29.7872340425532,0,16.1063829787234,15.5
1997,"cadsupprive","Jamais élu local",4,12.1212121212121,25,0,58,57,28.4970238095238,26.0416666666667,25,0,100,100,0,0,0,0,26.9345238095238,22.9166666666667,50,50,12.75,12.5
1997,"cadsuppub","Ancien élu local",221,35.5877616747182,9.04977375565611,0,54.1131221719457,54,60.2454625104713,61.1111111111111,27.6018099547511,0,100,100,0,0,100,100,57.1668095713544,60,36.1990950226244,0,17.5882352941176,17
1997,"cadsuppub","Jamais élu local",13,39.3939393939394,69.2307692307692,100,47.1538461538462,45,19.6625037493524,19.047619047619,61.5384615384615,100,100,100,0,0,0,0,7.98907461438479,0,76.9230769230769,100,4.69230769230769,3
1997,"collab","Ancien élu local",47,7.56843800322061,12.7659574468085,0,45.936170212766,45,80.2884958466778,86.9565217391304,93.6170212765958,100,0,0,0,0,100,100,61.4081275721266,64.2857142857143,36.1702127659574,0,16.7446808510638,17
1997,"collab","Jamais élu local",5,15.1515151515152,60,100,43,44,62.5356037151703,65,60,100,0,0,0,0,0,0,10.5882352941176,0,80,100,13,13
1997,"employe","Ancien élu local",6,0.966183574879227,66.6666666666667,100,53,53,58.6151482925677,55.955334987593,0,0,0,0,100,100,100,100,58.6151482925677,55.955334987593,33.3333333333333,0,16,15
1997,"NA","Ancien élu local",4,0.644122383252818,25,0,42.25,43.5,59.3003565062389,68.3333333333333,0,0,0,0,0,0,100,100,59.3003565062389,68.3333333333333,25,0,11,14
1997,"ouvrier","Ancien élu local",9,1.44927536231884,11.1111111111111,0,54.7777777777778,55,60.1741622574956,60,0,0,0,0,100,100,100,100,60.1741622574956,60,44.4444444444444,0,19.1111111111111,20
1997,"ouvrier","Jamais élu local",1,3.03030303030303,0,0,56,56,6.45161290322581,6.45161290322581,0,0,0,0,100,100,0,0,6.45161290322581,6.45161290322581,100,100,2,2
1997,"profinter","Ancien élu local",88,14.170692431562,12.5,0,52.1931818181818,51.5,61.6510762731662,66.0256410256411,7.95454545454545,0,0,0,100,100,100,100,61.5248136469036,65.1923076923077,53.4090909090909,100,16.5227272727273,15
1997,"profinter","Jamais élu local",3,9.09090909090909,0,0,53,53,10.7142857142857,0,0,0,0,0,100,100,0,0,10.7142857142857,0,66.6666666666667,100,3,0
1997,"proflib","Ancien élu local",99,15.9420289855072,9.09090909090909,0,54.0707070707071,54,59.0891840364283,57.1428571428571,7.07070707070707,0,100,100,0,0,100,100,58.6457936288802,57.1428571428571,30.3030303030303,0,17.2424242424242,15
1997,"proflib","Jamais élu local",4,12.1212121212121,0,0,42.5,44.5,8.51190476190475,7.5,25,0,100,100,0,0,0,0,4.76190476190475,0,75,100,1.75,1.5
1997,"Total","Ancien élu local",621,100,9.66183574879227,0,52.8647342995169,52,62.1867401725895,63.6363636363636,22.7053140096618,0,75.2012882447665,100,16.5861513687601,0,100,100,59.3020191362706,60.4166666666667,36.3929146537842,0,17.1481481481481,16
1997,"Total","Jamais élu local",33,100,39.3939393939394,0,47.6666666666667,45,23.5756871129137,16.1290322580645,42.4242424242424,0,72.7272727272727,100,12.1212121212121,0,0,0,10.4623107232215,0,72.7272727272727,100,6,3
2007,"agri","Ancien élu local",17,2.76422764227642,11.7647058823529,0,54.5882352941176,55,64.8532076341417,68.5714285714286,0,0,100,100,0,0,100,100,64.8532076341417,68.5714285714286,41.1764705882353,0,19,21
2007,"agri","Jamais élu local",1,4.16666666666667,0,0,61,61,0,0,0,0,100,100,0,0,0,0,0,0,100,100,0,0
2007,"artisancommercantpdg","Ancien élu local",37,6.01626016260163,8.10810810810811,0,55.3783783783784,56,64.1765567046204,66.6666666666667,8.10810810810811,0,100,100,0,0,100,100,62.9661154941792,64.2857142857143,27.027027027027,0,19.5405405405405,19
2007,"cadsupprive","Ancien élu local",98,15.9349593495935,16.3265306122449,0,54.9285714285714,55,67.0903960744659,72.3636363636363,14.2857142857143,0,100,100,0,0,100,100,65.5614340454897,68.8259109311741,20.4081632653061,0,19.8775510204082,19
2007,"cadsupprive","Jamais élu local",2,8.33333333333333,50,50,42,42,25,25,50,50,100,100,0,0,0,0,13.8888888888889,13.8888888888889,50,50,4.5,4.5
2007,"cadsuppub","Ancien élu local",186,30.2439024390244,15.5913978494624,0,56.494623655914,58,66.6278785611528,66.6666666666667,32.7956989247312,0,100,100,0,0,100,100,63.5878701422923,63.6363636363636,25.8064516129032,0,20.9032258064516,21
2007,"cadsuppub","Jamais élu local",10,41.6666666666667,40,0,53.8,54,24.5713637558936,22.0035778175313,50,50,100,100,0,0,0,0,15.1932234432235,12.6602564102564,40,0,6.2,5
2007,"collab","Ancien élu local",87,14.1463414634146,14.9425287356322,0,50.3448275862069,51,84.376096007839,90,91.9540229885057,100,0,0,0,0,100,100,66.9476132791992,70,26.4367816091954,0,21.367816091954,21
2007,"collab","Jamais élu local",5,20.8333333333333,40,0,33,31,85.2777777777778,100,100,100,0,0,0,0,0,0,0,0,100,100,5.8,6
2007,"employe","Ancien élu local",8,1.30081300813008,62.5,100,55.5,55.5,64.6506313275763,69.9095022624435,12.5,0,0,0,100,100,100,100,64.6506313275763,69.9095022624435,12.5,0,19.875,21
2007,"NA","Ancien élu local",8,1.30081300813008,62.5,100,53.5,51.5,77.7881944444445,81.9444444444445,25,0,0,0,0,0,100,100,73.9420405982906,81.9444444444445,50,50,21.125,22
2007,"NA","Jamais élu local",1,4.16666666666667,0,0,38,38,0,0,0,0,0,0,0,0,0,0,0,0,100,100,0,0
2007,"ouvrier","Ancien élu local",5,0.813008130081301,0,0,61.4,61,75.2073732718894,85.7142857142857,0,0,0,0,100,100,100,100,75.2073732718894,85.7142857142857,40,0,28.4,36
2007,"profinter","Ancien élu local",78,12.6829268292683,33.3333333333333,0,55.6025641025641,57,67.7940510823272,72.5705329153605,10.2564102564103,0,0,0,100,100,100,100,66.4883055458124,72.10433244916,37.1794871794872,0,20.8461538461538,23
2007,"profinter","Jamais élu local",2,8.33333333333333,50,50,39,39,0,0,0,0,0,0,100,100,0,0,0,0,100,100,0,0
2007,"proflib","Ancien élu local",91,14.7967479674797,16.4835164835165,0,57.5384615384615,58,63.8562603762599,66.6666666666667,9.89010989010989,0,100,100,0,0,100,100,62.5175926676423,66.6666666666667,24.1758241758242,0,20.6043956043956,21
2007,"proflib","Jamais élu local",3,12.5,33.3333333333333,0,45,45,25.4385964912281,26.3157894736842,0,0,100,100,0,0,0,0,25.4385964912281,26.3157894736842,33.3333333333333,0,5,5
2007,"Total","Ancien élu local",615,100,18.5365853658537,0,55.2845528455285,56,68.9427721291093,70.5882352941177,28.9430894308943,0,69.7560975609756,100,14.7967479674797,0,100,100,64.8276821924795,66.6666666666667,26.9918699186992,0,20.669918699187,21
2007,"Total","Jamais élu local",24,100,37.5,0,45.7916666666667,43.5,33.2674298300629,24.6963562753036,45.8333333333333,0,66.6666666666667,100,8.33333333333333,0,0,0,10.6677417368207,0,62.5,100,4.79166666666667,5
2012,"agri","Ancien élu local",17,2.94117647058824,23.5294117647059,0,58.2352941176471,58,62.498563288968,65.7142857142857,0,0,100,100,0,0,100,100,62.498563288968,65.7142857142857,35.2941176470588,0,20.5882352941176,18
2012,"agri","Jamais élu local",1,2.22222222222222,100,100,56,56,0,0,0,0,100,100,0,0,0,0,0,0,100,100,0,0
2012,"artisancommercantpdg","Ancien élu local",23,3.97923875432526,13.0434782608696,0,55.5652173913044,57,57.251463878233,58.974358974359,4.34782608695652,0,100,100,0,0,100,100,57.251463878233,58.974358974359,26.0869565217391,0,18.0434782608696,21
2012,"cadsupprive","Ancien élu local",96,16.6089965397924,16.6666666666667,0,55.46875,56,71.6020657407411,75,29.1666666666667,0,100,100,0,0,100,100,67.2774142306073,69.8896631823461,32.2916666666667,0,21.6979166666667,23
2012,"cadsupprive","Jamais élu local",12,26.6666666666667,33.3333333333333,0,44.8333333333333,45,7.57246376811594,0,16.6666666666667,0,100,100,0,0,0,0,3.6231884057971,0,91.6666666666667,100,1.91666666666667,0
2012,"cadsuppub","Ancien élu local",156,26.9896193771626,26.2820512820513,0,55.2948717948718,56,64.6584128510041,67.9285714285714,35.2564102564103,0,100,100,0,0,100,100,60.7722053003725,62.5625625625626,40.3846153846154,0,19.8012820512821,20
2012,"cadsuppub","Jamais élu local",13,28.8888888888889,46.1538461538462,0,46.6923076923077,46,5.6788739715569,0,15.3846153846154,0,100,100,0,0,0,0,1.63170163170163,0,92.3076923076923,100,1.53846153846154,0
2012,"collab","Ancien élu local",95,16.4359861591695,16.8421052631579,0,47.9789473684211,47,84.8539437514187,89.4736842105263,94.7368421052632,100,0,0,0,0,100,100,61.680405751855,62.962962962963,45.2631578947368,0,19.6210526315789,18
2012,"collab","Jamais élu local",7,15.5555555555556,42.8571428571429,0,40.5714285714286,39,54.8341513558905,39.1304347826087,100,100,0,0,0,0,0,0,5.10204081632653,0,85.7142857142857,100,8.14285714285714,9
2012,"employe","Ancien élu local",5,0.865051903114187,20,0,57.6,60,38.5178939834112,43.5897435897436,0,0,0,0,100,100,100,100,38.5178939834112,43.5897435897436,40,0,12.8,11
2012,"employe","Jamais élu local",1,2.22222222222222,100,100,51,51,19.2307692307692,19.2307692307692,0,0,0,0,100,100,0,0,19.2307692307692,19.2307692307692,0,0,5,5
2012,"NA","Ancien élu local",12,2.07612456747405,58.3333333333333,100,58.6666666666667,59,66.0104893286197,57.3655913978495,25,0,0,0,0,0,100,100,63.8599516942111,56.6666666666667,41.6666666666667,0,21.25,19.5
2012,"NA","Jamais élu local",2,4.44444444444444,50,50,31.5,31.5,0,0,0,0,0,0,0,0,0,0,0,0,100,100,0,0
2012,"profinter","Ancien élu local",98,16.9550173010381,44.8979591836735,0,57.5918367346939,58,59.0560483222699,62.7136752136752,12.2448979591837,0,0,0,100,100,100,100,57.463146999765,58.7975243147657,47.9591836734694,0,19.4897959183673,19.5
2012,"profinter","Jamais élu local",7,15.5555555555556,57.1428571428571,100,52.5714285714286,53,3.40136054421769,0,0,0,0,0,100,100,0,0,3.40136054421769,0,85.7142857142857,100,0.714285714285714,0
2012,"proflib","Ancien élu local",76,13.1487889273356,19.7368421052632,0,58.0657894736842,60.5,65.2307878219702,63.0032206119163,9.21052631578947,0,100,100,0,0,100,100,64.6533538150687,63.0032206119163,21.0526315789474,0,21.75,23
2012,"proflib","Jamais élu local",2,4.44444444444444,0,0,48,48,0,0,0,0,100,100,0,0,0,0,0,0,100,100,0,0
2012,"Total","Ancien élu local",578,100,25.4325259515571,0,55.0622837370242,56,67.7000736492683,70.7317073170732,33.9100346020761,0,63.6678200692042,100,17.8200692041523,0,100,100,61.7334701915298,63.8888888888889,37.8892733564014,0,20.2128027681661,20
2012,"Total","Jamais élu local",45,100,44.4444444444444,0,45.8444444444444,46,13.4448699858899,0,24.4444444444444,0,62.2222222222222,100,17.7777777777778,0,0,0,3.26011274627875,0,88.8888888888889,100,2.44444444444444,0
2017,"agri","Ancien élu local",13,3.34190231362468,7.69230769230769,0,58.4615384615385,59,70.9734826506472,66.6666666666667,0,0,100,100,0,0,100,100,70.9734826506472,66.6666666666667,38.4615384615385,0,24.1538461538462,22
2017,"agri","Jamais élu local",2,1.02040816326531,50,50,33,33,0,0,0,0,100,100,0,0,0,0,0,0,100,100,0,0
2017,"artisancommercantpdg","Ancien élu local",34,8.74035989717224,23.5294117647059,0,51.6176470588235,50,43.5634160095739,38.3152173913043,20.5882352941176,0,100,100,0,0,100,100,42.1969739933904,38.3152173913043,64.7058823529412,100,12.5,9
2017,"artisancommercantpdg","Jamais élu local",32,16.3265306122449,43.75,0,47.3125,47.5,0.782608695652175,0,9.375,0,100,100,0,0,0,0,0,0,100,100,0.1875,0
2017,"cadsupprive","Ancien élu local",63,16.1953727506427,19.047619047619,0,51.9206349206349,52,51.6991064218956,47.5972540045766,12.6984126984127,0,100,100,0,0,100,100,49.3029019225274,41.1010558069381,63.4920634920635,100,14,9
2017,"cadsupprive","Jamais élu local",68,34.6938775510204,58.8235294117647,100,40.1323529411765,38,5.32551259532535,0,17.6470588235294,0,100,100,0,0,0,0,0.585358437016952,0,97.0588235294118,100,0.691176470588235,0
2017,"cadsuppub","Ancien élu local",88,22.6221079691517,30.6818181818182,0,54.25,53.5,53.1385270223559,56.6964285714285,18.1818181818182,0,100,100,0,0,100,100,51.1205517315905,53.4523809523809,52.2727272727273,100,15.6590909090909,16
2017,"cadsuppub","Jamais élu local",33,16.8367346938776,57.5757575757576,100,44.5454545454545,43,3.88133108721344,0,15.1515151515152,0,100,100,0,0,0,0,0.541125541125542,0,96.969696969697,100,0.757575757575758,0
2017,"collab","Ancien élu local",75,19.280205655527,28,0,49.2133333333333,50,84.6220045336794,91.4285714285714,94.6666666666667,100,0,0,0,0,100,100,63.1395302849544,64,50.6666666666667,100,20.2133333333333,20
2017,"collab","Jamais élu local",14,7.14285714285714,57.1428571428571,100,39.4285714285714,40,78.4034218950738,85.75,100,100,0,0,0,0,0,0,6.62554495482404,0,78.5714285714286,100,10.8571428571429,11.5
2017,"employe","Ancien élu local",4,1.02827763496144,75,100,54,52.5,25.6547619047619,21.6666666666667,0,0,0,0,100,100,100,100,25.6547619047619,21.6666666666667,100,100,8.25,6
2017,"employe","Jamais élu local",2,1.02040816326531,50,50,45,45,0,0,0,0,0,0,100,100,0,0,0,0,100,100,0,0
2017,"NA","Ancien élu local",8,2.05655526992288,50,50,41.5,38.5,73.1428408684048,63.1578947368421,12.5,0,0,0,0,0,100,100,72.3909611691567,62.8571428571429,62.5,100,11.375,9
2017,"NA","Jamais élu local",2,1.02040816326531,0,0,36.5,36.5,0,0,0,0,0,0,0,0,0,0,0,0,100,100,0,0
2017,"profinter","Ancien élu local",55,14.1388174807198,56.3636363636364,100,52.6,51,46.1470093498517,41.1764705882353,3.63636363636364,0,0,0,100,100,100,100,46.1470093498517,41.1764705882353,76.3636363636364,100,13.2363636363636,9
2017,"profinter","Jamais élu local",24,12.2448979591837,58.3333333333333,100,42.625,44,4.27662037037037,0,12.5,0,0,0,100,100,0,0,0,0,100,100,0.625,0
2017,"proflib","Ancien élu local",49,12.5964010282776,30.6122448979592,0,55.469387755102,56,44.4190896279202,45.7142857142857,4.08163265306122,0,100,100,0,0,100,100,43.9838106212126,45.1612903225806,63.265306122449,100,14.5510204081633,13
2017,"proflib","Jamais élu local",19,9.69387755102041,47.3684210526316,0,42.7894736842105,44,0.350877192982456,0,5.26315789473684,0,100,100,0,0,0,0,0,0,100,100,0.0526315789473684,0
2017,"Total","Ancien élu local",389,100,31.3624678663239,0,52.4678663239075,53,56.7473813298257,58.3333333333333,27.5064267352185,0,63.4961439588689,100,15.1670951156812,0,100,100,51.5525933944866,51.6129032258065,59.8971722365039,100,15.6298200514139,16
2017,"Total","Jamais élu local",196,100,54.0816326530612,100,42.5,41,8.80456518006308,0,19.3877551020408,0,78.5714285714286,100,13.265306122449,0,0,0,0.768378397460591,0,96.9387755102041,100,1.25510204081633,0
2022,"agri","Ancien élu local",10,2.34741784037559,10,0,56.7,57,60.2994681730887,57.1666666666667,0,0,100,100,0,0,100,100,60.2994681730887,57.1666666666667,30,0,19.7,21
2022,"agri","Jamais élu local",1,0.584795321637427,100,100,31,31,83.3333333333333,83.3333333333333,0,0,100,100,0,0,0,0,83.3333333333333,83.3333333333333,0,0,5,5
2022,"artisancommercantpdg","Ancien élu local",40,9.38967136150235,27.5,0,52.65,52.5,48.067112769546,42.6406926406926,15,0,100,100,0,0,100,100,47.017920103974,41.2121212121212,37.5,0,13.25,9
2022,"artisancommercantpdg","Jamais élu local",12,7.01754385964912,50,50,55.25,56,13.8868698319524,14.7186147186147,8.33333333333333,0,100,100,0,0,0,0,13.0535364986191,14.7186147186147,16.6666666666667,0,4.08333333333333,5
2022,"cadsupprive","Ancien élu local",69,16.1971830985915,39.1304347826087,0,52.0579710144928,53,48.6720968771242,48.2758620689655,18.8405797101449,0,100,100,0,0,100,100,46.7857797713935,48,47.8260869565217,0,12.2173913043478,9
2022,"cadsupprive","Jamais élu local",47,27.4853801169591,40.4255319148936,0,43.3617021276596,42,32.4004593794744,29.4117647058824,25.531914893617,0,100,100,0,0,0,0,25.4021795442602,23.8095238095238,27.6595744680851,0,4.76595744680851,5
2022,"cadsuppub","Ancien élu local",83,19.4835680751174,33.7349397590361,0,52.0602409638554,53,55.3891110281852,52.5,21.6867469879518,0,100,100,0,0,100,100,53.5769269051485,51.219512195122,49.3975903614458,0,15.1807228915663,13
2022,"cadsuppub","Jamais élu local",36,21.0526315789474,36.1111111111111,0,44.5555555555556,43.5,13.9264376543957,6.78733031674208,33.3333333333333,0,100,100,0,0,0,0,9.30732877670835,0,69.4444444444444,100,3,1
2022,"collab","Ancien élu local",90,21.1267605633803,21.1111111111111,0,45.9555555555556,49,83.7244057624858,90.3263403263403,93.3333333333333,100,0,0,0,0,100,100,62.038104921263,62.5874125874126,44.4444444444444,0,17.1888888888889,16.5
2022,"collab","Jamais élu local",27,15.7894736842105,55.5555555555556,100,37.8148148148148,36,84.1052684590696,94.7368421052632,100,100,0,0,0,0,0,0,13.4954405568441,0,62.962962962963,100,10.5555555555556,9
2022,"employe","Ancien élu local",14,3.28638497652582,50,50,48.8571428571429,49,39.1939506580771,33.8095238095238,14.2857142857143,0,0,0,100,100,100,100,39.1939506580771,33.8095238095238,71.4285714285714,100,9.85714285714286,9
2022,"employe","Jamais élu local",13,7.60233918128655,53.8461538461538,100,42.0769230769231,42,4.37462863933452,0,23.0769230769231,0,0,0,100,100,0,0,0,0,100,100,0.538461538461538,0
2022,"NA","Ancien élu local",9,2.11267605633803,77.7777777777778,100,52.8888888888889,55,63.9147405550914,70,22.2222222222222,0,0,0,0,0,100,100,63.4517775921285,66.6666666666667,55.5555555555556,100,18.1111111111111,21
2022,"NA","Jamais élu local",2,1.16959064327485,0,0,22,22,NA,NA,0,0,0,0,0,0,0,0,NA,NA,100,100,0,0
2022,"ouvrier","Ancien élu local",6,1.40845070422535,33.3333333333333,0,44.6666666666667,50,10.5411000238586,8.33333333333333,0,0,0,0,100,100,100,100,10.5411000238586,8.33333333333333,100,100,2,2
2022,"ouvrier","Jamais élu local",2,1.16959064327485,50,50,29,29,0,0,0,0,0,0,100,100,0,0,0,0,100,100,0,0
2022,"profinter","Ancien élu local",57,13.3802816901408,43.859649122807,0,52.3508771929825,52,43.6436591876063,38.8888888888889,3.50877192982456,0,0,0,100,100,100,100,43.2927819946239,38.0952380952381,61.4035087719298,100,12.3859649122807,8
2022,"profinter","Jamais élu local",19,11.1111111111111,52.6315789473684,100,47.5789473684211,45,16.008493682474,0,10.5263157894737,0,0,0,100,100,0,0,13.8803472293848,0,52.6315789473684,100,2.78947368421053,0
2022,"proflib","Ancien élu local",48,11.2676056338028,41.6666666666667,0,54.4791666666667,54,45.4920571962894,45.480631276901,6.25,0,100,100,0,0,100,100,43.8530189645093,42.5394548063127,52.0833333333333,100,12.9791666666667,9.5
2022,"proflib","Jamais élu local",12,7.01754385964912,58.3333333333333,100,47.1666666666667,50.5,17.6074752513091,16.6122004357299,16.6666666666667,0,100,100,0,0,0,0,15.5241419179758,16.6122004357299,33.3333333333333,0,3.16666666666667,5
2022,"Total","Ancien élu local",426,100,34.5070422535211,0,51.0539906103286,52,56.1517821280966,53.8461538461538,30.5164319248826,0,58.6854460093897,100,18.075117370892,0,100,100,50.5585057830789,50,50,50,14.1291079812207,12
2022,"Total","Jamais élu local",171,100,46.1988304093567,0,43.719298245614,42,30.434154718809,18.8746438746439,34.5029239766082,0,63.1578947368421,100,19.8830409356725,0,0,0,15.3769954837339,8.13748531139835,51.4619883040936,100,4.49707602339181,5
2024,"agri","Ancien élu local",8,1.98511166253102,12.5,0,59.75,59,52.365593822247,54.8863636363636,0,0,100,100,0,0,100,100,52.365593822247,54.8863636363636,12.5,0,18.5,19.5
2024,"agri","Jamais élu local",4,2.29885057471264,75,100,52.25,57.5,26.1853448275862,8.6206896551724,25,0,100,100,0,0,0,0,21.875,0,75,100,3,2.5
2024,"artisancommercantpdg","Ancien élu local",42,10.4218362282878,26.1904761904762,0,54.7857142857143,55,45.5137535668636,41.8831168831169,14.2857142857143,0,100,100,0,0,100,100,44.3373470487763,40.4545454545455,26.1904761904762,0,13.0238095238095,10
2024,"artisancommercantpdg","Jamais élu local",12,6.89655172413793,33.3333333333333,0,51.25,53,12.5035691696033,13.1428571428571,16.6666666666667,0,100,100,0,0,0,0,11.9480136140478,13.1428571428571,33.3333333333333,0,3.58333333333333,2.5
2024,"cadsupprive","Ancien élu local",67,16.6253101736973,28.3582089552239,0,53.089552238806,54,54.3578051853055,55.5555555555556,19.4029850746269,0,100,100,0,0,100,100,52.5446202763924,53.5714285714286,23.8805970149254,0,14.2089552238806,12
2024,"cadsupprive","Jamais élu local",38,21.8390804597701,34.2105263157895,0,43.8157894736842,44,30.5414449694024,27.4038461538462,34.2105263157895,0,100,100,0,0,0,0,22.8569142295311,19.5533769063181,26.3157894736842,0,5.18421052631579,6.5
2024,"cadsuppub","Ancien élu local",80,19.8511166253102,37.5,0,52.7625,53,58.1114731372994,55.9027777777778,25,0,100,100,0,0,100,100,56.3673027802227,53.8788788788789,22.5,0,16.0875,14
2024,"cadsuppub","Jamais élu local",40,22.9885057471264,32.5,0,46.125,46,18.4910384184885,15.0375939849624,32.5,0,100,100,0,0,0,0,14.2039456866589,9.09090909090909,35,0,3.35,2
2024,"collab","Ancien élu local",84,20.8436724565757,21.4285714285714,0,45.6904761904762,43.5,86.8883686613698,90.1219512195122,94.0476190476191,100,0,0,0,0,100,100,65.0942927815536,66.6666666666667,22.6190476190476,0,17.702380952381,16
2024,"collab","Jamais élu local",31,17.816091954023,45.1612903225806,0,35.5806451612903,34,79.5407983231823,86.6071428571428,100,100,0,0,0,0,0,0,24.0700649404474,20,35.4838709677419,0,8.54838709677419,7
2024,"employe","Ancien élu local",8,1.98511166253102,25,0,48.75,50.5,50.8978851769841,45,37.5,0,0,0,100,100,100,100,50.8978851769841,45,12.5,0,11.25,9.5
2024,"employe","Jamais élu local",15,8.62068965517241,46.6666666666667,0,43.2,41,12.509500335244,9.09090909090909,13.3333333333333,0,0,0,100,100,0,0,10.5044878039157,9.09090909090909,20,0,1.93333333333333,2
2024,"NA","Ancien élu local",11,2.72952853598015,81.8181818181818,100,53,55,58.5840672472063,57.5,18.1818181818182,0,0,0,0,0,100,100,58.234416897556,57.5,27.2727272727273,0,16.6363636363636,16
2024,"NA","Jamais élu local",3,1.72413793103448,0,0,24.3333333333333,24,NA,NA,0,0,0,0,0,0,0,0,NA,NA,66.6666666666667,100,0,0
2024,"ouvrier","Ancien élu local",6,1.48883374689826,33.3333333333333,0,48.5,52,17.839492728258,16.7832167832168,16.6666666666667,0,0,0,100,100,100,100,16.3243412131065,14.5888594164457,16.6666666666667,0,4,4
2024,"ouvrier","Jamais élu local",2,1.14942528735632,50,50,31,31,33.3333333333333,33.3333333333333,0,0,0,0,100,100,0,0,33.3333333333333,33.3333333333333,0,0,2,2
2024,"profinter","Ancien élu local",55,13.6476426799007,40,0,52.8181818181818,54,45.979286505969,42.1052631578947,1.81818181818182,0,0,0,100,100,100,100,45.7520137786962,42.1052631578947,25.4545454545455,0,12.8545454545455,10
2024,"profinter","Jamais élu local",18,10.3448275862069,38.8888888888889,0,48.5555555555556,46,14.6464156280978,11.1111111111111,5.55555555555556,0,0,0,100,100,0,0,14.1834526651348,11.1111111111111,22.2222222222222,0,3.27777777777778,2
2024,"proflib","Ancien élu local",42,10.4218362282878,50,50,57.1904761904762,56.5,50.3754531924224,51.3157894736842,7.14285714285714,0,100,100,0,0,100,100,48.6331000338131,48.2558139534883,7.14285714285714,0,15.7142857142857,13.5
2024,"proflib","Jamais élu local",11,6.32183908045977,72.7272727272727,100,52.5454545454545,54,20.0585335018331,19.4444444444444,9.09090909090909,0,100,100,0,0,0,0,19.6453103613372,19.4444444444444,18.1818181818182,0,4.45454545454545,7
2024,"Total","Ancien élu local",403,100,33.4987593052109,0,52.0248138957816,53,58.8667263914528,56.4102564102564,31.7617866004963,0,59.3052109181141,100,17.12158808933,0,100,100,53.3090480769957,52.6315789473684,21.5880893300248,0,15.0992555831266,13
2024,"Total","Jamais élu local",174,100,40.2298850574713,0,44.0919540229885,43,30.4805448184094,21.7171717171717,36.7816091954023,0,60.3448275862069,100,20.1149425287356,0,0,0,18.0785303307273,14.2857142857143,30.4597701149425,0,4.55172413793103,2
