"legis.annee","primodep","genre","effectifs","pourcentages","mean_part.femmes","median_part.femmes","mean_age","median_age","mean_part.pol","median_part.pol","mean_part.cabcollab","median_part.cabcollab","mean_part.pcs.123","median_part.pcs.123","mean_part.pcs.456","median_part.pcs.456","mean_part.elu.local","median_part.elu.local","mean_part.mandat","median_part.mandat","mean_part.primos","median_part.primos","mean_duree.pol","median_duree.pol"
1978,"Ancien député","Femmes",7,33.3333333333333,100,100,53.1428571428571,53,55.6957749183065,60.7142857142857,0,0,57.1428571428571,100,28.5714285714286,0,71.4285714285714,100,55.6957749183065,60.7142857142857,0,0,15.8571428571429,17
1978,"Ancien député","Hommes",320,62.1359223300971,0,0,55.221875,56,56.8034832569026,57.5757575757576,15.3125,0,73.125,100,25,0,86.5625,100,55.0873648146413,55.0055617352614,0,0,16.140625,16
1978,"Primo-député","Femmes",14,66.6666666666667,100,100,44.6428571428571,43,21.0468846629561,10.2678571428571,0,0,28.5714285714286,0,64.2857142857143,100,71.4285714285714,100,21.0468846629561,10.2678571428571,100,100,3.64285714285714,1.5
1978,"Primo-député","Hommes",195,37.8640776699029,0,0,45.0153846153846,44,29.7090714369721,23.3333333333333,13.8461538461538,0,76.4102564102564,100,20.5128205128205,0,70.7692307692308,100,27.168641150716,20,100,100,5.86666666666667,5
1978,"Total","Femmes",21,100,100,100,47.4761904761905,48,32.5965147480729,21.875,0,0,38.0952380952381,0,52.3809523809524,100,71.4285714285714,100,32.5965147480729,21.875,66.6666666666667,100,7.71428571428571,5
1978,"Total","Hommes",515,100,0,0,51.3572815533981,53,46.5444341212008,44.8275862068966,14.7572815533981,0,74.368932038835,100,23.3009708737864,0,80.5825242718447,100,44.5161976020871,43.4782608695652,37.8640776699029,0,12.2504854368932,11
1997,"Ancien député","Femmes",23,31.5068493150685,100,100,54.4347826086956,55,57.9853919488585,56.6666666666667,26.0869565217391,0,60.8695652173913,100,21.7391304347826,0,91.304347826087,100,51.3246294657276,53.3333333333333,0,0,16.3913043478261,16
1997,"Ancien député","Hommes",381,65.5765920826162,0,0,55.0656167979003,54,66.3680259501964,68.4210526315789,23.3595800524934,0,80.0524934383202,100,12.0734908136483,0,98.1627296587927,100,63.949242188494,66.6666666666667,0,0,19.6614173228346,20
1997,"Primo-député","Femmes",50,68.4931506849315,100,100,48.58,49,43.4264576167073,44.9494949494949,24,0,66,100,22,0,78,100,35.068553298803,31.2777777777778,100,100,10.4,10
1997,"Primo-député","Hommes",200,34.4234079173838,0,0,48.705,49,53.0237926961014,52.9411764705882,24,0,69.5,100,22.5,0,93.5,100,49.3662736051113,50,100,100,12.295,13
1997,"Total","Femmes",73,100,100,100,50.4246575342466,50,48.013519118618,51.7241379310345,24.6575342465753,0,64.3835616438356,100,21.9178082191781,0,82.1917808219178,100,40.1903307212587,42.8571428571429,68.4931506849315,100,12.2876712328767,14
1997,"Total","Hommes",581,100,0,0,52.8760757314974,53,61.7744861036921,63.6363636363636,23.5800344234079,0,76.4199655765921,100,15.6626506024096,0,96.5576592082616,100,58.9292874265722,60.8695652173913,34.4234079173838,0,17.1256454388985,16
2007,"Ancien député","Femmes",66,53.6585365853659,100,100,56.2878787878788,57.5,63.08856853415,68.734335839599,25.7575757575758,0,59.0909090909091,100,24.2424242424242,0,96.969696969697,100,57.6410357545402,60.3571428571428,0,0,19.5151515151515,18.5
2007,"Ancien député","Hommes",392,75.968992248062,0,0,56.8035714285714,57.5,73.0477446503685,75,31.6326530612245,0,74.4897959183673,100,10.969387755102,0,98.2142857142857,100,69.5364095465386,70.1851851851852,0,0,22.9158163265306,24
2007,"Primo-député","Femmes",57,46.3414634146341,100,100,50.5614035087719,50,46.758886231011,44.4444444444444,21.0526315789474,0,56.140350877193,100,28.0701754385965,0,87.719298245614,100,39.005583951011,38.7096774193548,100,100,11.4385964912281,12
2007,"Primo-député","Hommes",124,24.031007751938,0,0,50.2822580645161,51,62.3742357577239,68.5714285714286,29.0322580645161,0,66.1290322580645,100,14.5161290322581,0,93.5483870967742,100,55.1544448613564,58.1168831168831,100,100,15.3548387096774,13.5
2007,"Total","Femmes",123,100,100,100,53.6341463414634,55,55.5211547839148,58.0645161290323,23.5772357723577,0,57.7235772357724,100,26.0162601626016,0,92.6829268292683,100,49.0050946748559,50,46.3414634146341,0,15.7723577235772,15
2007,"Total","Hommes",516,100,0,0,55.2364341085271,56,70.4827929009733,72.972972972973,31.0077519379845,0,72.4806201550388,100,11.8217054263566,0,97.0930232558139,100,66.0802784981615,68.5714285714286,24.031007751938,0,21.0988372093023,22
2012,"Ancien député","Femmes",68,40.7185628742515,100,100,56.3823529411765,58,65.7973055518705,68.0909090909091,27.9411764705882,0,50,50,30.8823529411765,0,97.0588235294118,100,59.4416329408339,58.4770114942528,0,0,20.3382352941176,20
2012,"Ancien député","Hommes",296,64.9122807017544,0,0,58.3006756756757,60,76.1044399498145,77.6388888888889,34.7972972972973,0,72.2972972972973,100,11.8243243243243,0,98.9864864864865,100,72.2288857837389,73.541887592789,0,0,24.9797297297297,25
2012,"Primo-député","Femmes",99,59.2814371257485,100,100,50.4545454545455,51,38.0991580124471,34.9294354838709,19.1919191919192,0,56.5656565656566,100,29.2929292929293,0,81.8181818181818,100,32.0936591220715,31.9642857142857,100,100,9.39393939393939,10
2012,"Primo-député","Hommes",160,35.0877192982456,0,0,48.76875,48,56.1710522547756,61.3247863247863,41.25,0,57.5,100,16.25,0,86.25,100,45.3651931600879,46.8860164512338,100,100,13.0375,12.5
2012,"Total","Femmes",167,100,100,100,52.8682634730539,54,49.445387124982,50,22.7544910179641,0,53.8922155688623,100,29.940119760479,0,88.0239520958084,100,43.2964435779501,44,59.2814371257485,100,13.8502994011976,12
2012,"Total","Hommes",456,100,0,0,54.9561403508772,56,69.1102688287482,73.2520325203252,37.0614035087719,0,67.1052631578947,100,13.3771929824561,0,94.5175438596491,100,62.8030287228087,66.6666666666667,35.0877192982456,0,20.7894736842105,22.5
2017,"Ancien député","Femmes",36,15.7894736842105,100,100,55.5277777777778,56.5,60.5469996488539,60.9126984126984,27.7777777777778,0,52.7777777777778,100,13.8888888888889,0,91.6666666666667,100,52.7176954673076,54.1666666666667,0,0,17.6111111111111,16.5
2017,"Ancien député","Hommes",126,35.2941176470588,0,0,56.484126984127,56,74.4191802900814,76.7942583732058,40.4761904761905,0,69.0476190476191,100,6.34920634920635,0,97.6190476190476,100,68.2392331305361,68.5213414634146,0,0,23.047619047619,23.5
2017,"Primo-député","Femmes",192,84.2105263157895,100,100,46.4635416666667,46.5,20.0904240231427,8.33333333333333,17.7083333333333,0,66.1458333333333,100,22.9166666666667,0,46.3541666666667,0,14.2152250675963,0,100,100,4.55208333333333,2
2017,"Primo-député","Hommes",231,64.7058823529412,0,0,46.3333333333333,47,36.1761881765309,29.4117647058824,21.6450216450216,0,72.7272727272727,100,12.1212121212121,0,62.3376623376623,100,30.0855852925311,20,100,100,8.28571428571429,5
2017,"Total","Femmes",228,100,100,100,47.8947368421053,48.5,26.5064448272203,15,19.2982456140351,0,64.0350877192982,100,21.4912280701754,0,53.5087719298246,100,20.3213437212951,10.3448275862069,84.2105263157895,100,6.6140350877193,3
2017,"Total","Hommes",357,100,0,0,49.9159663865546,50,49.7497572083826,53.3333333333333,28.2913165266106,0,71.4285714285714,100,10.0840336134454,0,74.7899159663866,100,43.6274433984146,44.4444444444444,64.7058823529412,100,13.4957983193277,12
2022,"Ancien député","Femmes",108,47.787610619469,100,100,52.1944444444444,52.5,47.0331714847021,36.1305361305361,27.7777777777778,0,61.1111111111111,100,18.5185185185185,0,62.962962962963,100,40.6861879332374,33.3333333333333,0,0,12.4166666666667,8
2022,"Ancien député","Hommes",188,50.6738544474394,0,0,52.9202127659574,54,63.051390500704,63.0681818181818,32.9787234042553,0,69.6808510638298,100,7.97872340425532,0,77.1276595744681,100,57.1941436470461,55.7777777777778,0,0,17.281914893617,14
2022,"Primo-député","Femmes",118,52.212389380531,100,100,46.8389830508475,47,32.5352021094904,22.2222222222222,23.728813559322,0,56.7796610169492,100,27.1186440677966,0,66.9491525423729,100,23.8599709623198,9.09090909090909,100,100,6.61016949152542,3
2022,"Primo-député","Hommes",183,49.3261455525606,0,0,44.327868852459,43,45.76434897728,43.5215946843854,37.7049180327869,0,51.3661202185792,100,24.0437158469945,0,73.224043715847,100,34.0693127447229,29.4372294372294,100,100,7.74863387978142,7
2022,"Total","Femmes",226,100,100,100,49.3982300884956,49,39.494227409592,33.3333333333333,25.6637168141593,0,58.8495575221239,100,23.0088495575221,0,65.0442477876106,100,31.9365551083602,27.2727272727273,52.212389380531,100,9.38495575221239,7
2022,"Total","Hommes",371,100,0,0,48.6819407008086,50,54.5957723642466,53.8461538461538,35.3099730458221,0,60.6469002695418,100,15.9029649595687,0,75.2021563342318,100,45.8830850535185,47.5294117647059,49.3261455525606,0,12.5795148247978,8
2024,"Ancien député","Femmes",164,80,100,100,51.5182926829268,52,46.7201516769292,41.8010752688172,26.219512195122,0,59.1463414634146,100,21.9512195121951,0,66.4634146341463,100,40.3481171301514,36.6028708133971,0,0,11.9024390243902,10
2024,"Ancien député","Hommes",273,73.3870967741936,0,0,50.1428571428571,51,57.3679005745134,55.5555555555556,35.5311355311355,0,60.4395604395604,100,16.4835164835165,0,75.8241758241758,100,50.4589807792719,50,0,0,13.8241758241758,10
2024,"Primo-député","Femmes",41,20,100,100,49.609756097561,52,42.1742716263486,49.074074074074,36.5853658536585,0,63.4146341463415,100,12.1951219512195,0,63.4146341463415,100,31.6195304409359,25.2352941176471,100,100,9.48780487804878,5
2024,"Primo-député","Hommes",99,26.6129032258065,0,0,45.1111111111111,43,41.1275569737996,40,37.3737373737374,0,56.5656565656566,100,18.1818181818182,0,61.6161616161616,100,30.8800338794426,21.5384615384616,100,100,7.6969696969697,4
2024,"Total","Femmes",205,100,100,100,51.1365853658537,52,45.8288026474036,42.4812030075188,28.2926829268293,0,60,100,20,0,65.8536585365854,100,38.6366295440307,35.8058608058608,20,0,11.419512195122,9
2024,"Total","Hommes",372,100,0,0,48.8037634408602,50,53.1197453002123,52.9411764705882,36.0215053763441,0,59.4086021505376,100,16.9354838709677,0,72.0430107526882,100,45.3375123804065,43.75,26.6129032258065,0,12.1935483870968,10
