"legis.annee","ProfSigni","primodep","effectifs","pourcentages","mean_part.femmes","median_part.femmes","mean_age","median_age","mean_part.pol","median_part.pol","mean_part.cabcollab","median_part.cabcollab","mean_part.pcs.123","median_part.pcs.123","mean_part.pcs.456","median_part.pcs.456","mean_part.elu.local","median_part.elu.local","mean_part.mandat","median_part.mandat","mean_part.primos","median_part.primos","mean_duree.pol","median_duree.pol"
1978,"agri","Ancien député",14,4.28134556574924,0,0,57,56.5,66.727478346108,72.1407624633431,0,0,100,100,0,0,92.8571428571429,100,66.727478346108,72.1407624633431,0,0,19.2142857142857,20
1978,"agri","Primo-député",13,6.2200956937799,0,0,43.6923076923077,42,50.8059110867492,61.9047619047619,0,0,100,100,0,0,84.6153846153846,100,50.8059110867492,61.9047619047619,100,100,8.84615384615385,11
1978,"artisancommercantpdg","Ancien député",16,4.89296636085627,6.25,0,58.9375,55.5,54.164216084944,58.8744588744588,6.25,0,100,100,0,0,62.5,100,54.164216084944,58.8744588744588,0,0,16.625,18
1978,"artisancommercantpdg","Primo-député",5,2.39234449760766,0,0,53.2,55,14.2424242424242,0,0,0,100,100,0,0,40,0,14.2424242424242,0,100,100,4.4,0
1978,"cadsupprive","Ancien député",39,11.9266055045872,0,0,55.1025641025641,55,50.3092753387389,51.5151515151515,15.3846153846154,0,100,100,0,0,79.4871794871795,100,49.9613103634102,51.5151515151515,0,0,14.8461538461538,16
1978,"cadsupprive","Primo-député",36,17.2248803827751,5.55555555555556,0,44.6944444444444,42.5,25.5737297355589,20.9375,16.6666666666667,0,100,100,0,0,63.8888888888889,100,23.0786900530193,12.5,100,100,5.58333333333333,2
1978,"cadsuppub","Ancien député",95,29.0519877675841,3.15789473684211,0,53.2315789473684,53,55.7497935299786,53.8461538461538,35.7894736842105,0,100,100,0,0,91.5789473684211,100,51.5947605546178,48.4848484848485,0,0,15.0315789473684,13
1978,"cadsuppub","Primo-député",70,33.4928229665072,0,0,44.0571428571429,43,28.9739618259974,25.6578947368421,20,0,100,100,0,0,65.7142857142857,100,24.3929645874165,20,100,100,5.22857142857143,3
1978,"collab","Ancien député",6,1.8348623853211,0,0,45.3333333333333,46,66.3950085055634,74.8125,83.3333333333333,100,0,0,0,0,83.3333333333333,100,46.3275769435666,39.8571428571428,0,0,13,11.5
1978,"collab","Primo-député",4,1.91387559808612,0,0,41,41.5,35.2627257799671,20.5254515599343,75,100,0,0,0,0,75,100,31.8144499178982,13.6288998357964,100,100,3,3.5
1978,"employe","Ancien député",40,12.2324159021407,5,0,57.3,57.5,55.8488179423211,51.9259259259259,0,0,0,0,100,100,85,100,55.8488179423211,51.9259259259259,0,0,16.875,16.5
1978,"employe","Primo-député",14,6.69856459330144,28.5714285714286,0,46.2857142857143,43,19.3402602475183,12.5925925925926,0,0,0,0,100,100,78.5714285714286,100,19.3402602475183,12.5925925925926,100,100,4.14285714285714,3.5
1978,"NA","Ancien député",1,0.305810397553517,100,100,65,65,93.9393939393939,93.9393939393939,0,0,0,0,0,0,100,100,93.9393939393939,93.9393939393939,0,0,31,31
1978,"NA","Primo-député",3,1.43540669856459,33.3333333333333,0,39.3333333333333,35,1.19047619047619,0,0,0,0,0,0,0,33.3333333333333,0,1.19047619047619,0,100,100,0.333333333333333,0
1978,"profinter","Ancien député",42,12.8440366972477,0,0,53.8095238095238,55,60.2016765018717,61.9696969696969,4.76190476190476,0,0,0,100,100,92.8571428571429,100,59.9311137313089,61.9696969696969,0,0,16.2619047619048,14
1978,"profinter","Primo-député",35,16.7464114832536,14.2857142857143,0,45.8285714285714,46,30.3137229218473,24.2424242424242,8.57142857142857,0,0,0,100,100,85.7142857142857,100,28.6904699843087,23.3333333333333,100,100,6.31428571428571,5
1978,"proflib","Ancien député",74,22.6299694189602,0,0,56.8513513513514,58,57.4749758530992,57.9545454545455,1.35135135135135,0,100,100,0,0,83.7837837837838,100,57.3521257302491,57.9545454545455,0,0,17.1216216216216,17
1978,"proflib","Primo-député",29,13.8755980861244,6.89655172413793,0,46.2758620689655,48,32.1047749803426,21.7391304347826,3.44827586206897,0,100,100,0,0,72.4137931034483,100,31.6121641429042,21.7391304347826,100,100,6.86206896551724,5
1978,"Total","Ancien député",327,100,2.14067278287462,0,55.177370030581,56,56.7797708459846,57.5757575757576,14.9847094801223,0,72.782874617737,100,25.0764525993884,0,86.2385321100917,100,55.1003888841387,55.1724137931034,0,0,16.1345565749235,16
1978,"Total","Primo-député",209,100,6.69856459330144,0,44.9904306220096,44,29.1288292607222,22.7272727272727,12.9186602870813,0,73.2057416267943,100,23.444976076555,0,70.8133971291866,100,26.7585713381388,18.5185185185185,100,100,5.7177033492823,5
1997,"agri","Ancien député",13,3.21782178217822,0,0,57.1538461538462,60,63.4601495572173,67.4418604651163,0,0,100,100,0,0,92.3076923076923,100,63.4601495572173,67.4418604651163,0,0,20.4615384615385,20
1997,"agri","Primo-député",5,2,0,0,51.6,50,84.4102564102564,100,0,0,100,100,0,0,100,100,84.4102564102564,100,100,100,22.8,25
1997,"artisancommercantpdg","Ancien député",24,5.94059405940594,0,0,53.1666666666667,53,61.3825882902769,52.7777777777778,4.16666666666667,0,100,100,0,0,100,100,60.6250125327012,52.7777777777778,0,0,17,15
1997,"artisancommercantpdg","Primo-député",14,5.6,14.2857142857143,0,53,56,49.262227302019,54.1666666666667,7.14285714285714,0,100,100,0,0,85.7142857142857,100,49.262227302019,54.1666666666667,100,100,14.5,14
1997,"cadsupprive","Ancien député",68,16.8316831683168,5.88235294117647,0,54.8970588235294,54,64.1801608262112,63.9583333333333,20.5882352941176,0,100,100,0,0,97.0588235294118,100,62.6325678624431,61.8347338935574,0,0,18.7205882352941,19
1997,"cadsupprive","Primo-député",30,12,10,0,46.4333333333333,47.5,49.5834324823278,44.2890442890443,26.6666666666667,0,100,100,0,0,93.3333333333333,100,47.8675240180323,40.5982905982906,100,100,9.73333333333333,8
1997,"cadsuppub","Ancien député",144,35.6435643564356,4.16666666666667,0,56.4236111111111,55.5,63.8353137603931,66.6666666666667,26.3888888888889,0,100,100,0,0,97.9166666666667,100,61.1327747641848,64.0762463343109,0,0,19.9166666666667,20
1997,"cadsuppub","Primo-député",90,36,25.5555555555556,0,49.4111111111111,50,48.6397175784349,51.8518518518518,34.4444444444444,0,100,100,0,0,88.8888888888889,100,43.7178146579301,44.5,100,100,12,12.5
1997,"collab","Ancien député",31,7.67326732673267,9.67741935483871,0,47.9032258064516,48,83.0518786918804,86.9565217391304,96.7741935483871,100,0,0,0,0,96.7741935483871,100,66.6021557412993,68.1818181818182,0,0,19,19
1997,"collab","Primo-député",21,8.4,28.5714285714286,0,42.3333333333333,41,71.9823373295913,81.25,80.9523809523809,100,0,0,0,0,80.9523809523809,100,41.6407783038218,45.4545454545455,100,100,12.5238095238095,13
1997,"employe","Ancien député",4,0.99009900990099,75,100,54,55.5,55.2304147465438,54.0322580645161,0,0,0,0,100,100,100,100,55.2304147465438,54.0322580645161,0,0,15.5,15
1997,"employe","Primo-député",2,0.8,50,50,51,51,65.3846153846154,65.3846153846154,0,0,0,0,100,100,100,100,65.3846153846154,65.3846153846154,100,100,17,17
1997,"NA","Ancien député",3,0.742574257425743,33.3333333333333,0,44.3333333333333,45,73.0065359477124,70,0,0,0,0,0,0,100,100,73.0065359477124,70,0,0,14,14
1997,"NA","Primo-député",1,0.4,0,0,36,36,18.1818181818182,18.1818181818182,0,0,0,0,0,0,100,100,18.1818181818182,18.1818181818182,100,100,2,2
1997,"ouvrier","Ancien député",5,1.23762376237624,20,0,58.4,57,76.0912698412698,71.4285714285714,0,0,0,0,100,100,100,100,76.0912698412698,71.4285714285714,0,0,25.4,26
1997,"ouvrier","Primo-député",5,2,0,0,51.4,53,33.5125448028674,40,0,0,0,0,100,100,80,100,33.5125448028674,40,100,100,9.4,8
1997,"profinter","Ancien député",42,10.3960396039604,2.38095238095238,0,54.7380952380952,53,70.3274245173138,70.8494208494209,11.9047619047619,0,0,0,100,100,97.6190476190476,100,70.1290118189011,70.8494208494209,0,0,20.8809523809524,20
1997,"profinter","Primo-député",49,19.6,20.4081632653061,0,50.0612244897959,49,51.0956273358021,51.8518518518518,4.08163265306122,0,0,0,100,100,95.9183673469388,100,51.0389379933985,51.8518518518518,100,100,11.9591836734694,11
1997,"proflib","Ancien député",70,17.3267326732673,5.71428571428571,0,56.1428571428571,55,63.0917719392573,63.6363636363636,10,0,100,100,0,0,98.5714285714286,100,62.4646912200107,63.6363636363636,0,0,19.3714285714286,19.5
1997,"proflib","Primo-député",33,13.2,15.1515151515152,0,48.2727272727273,48,44.4682667547276,42.1052631578947,3.03030303030303,0,100,100,0,0,90.9090909090909,100,44.0137213001821,42.1052631578947,100,100,10.8484848484848,9
1997,"Total","Ancien député",404,100,5.69306930693069,0,55.029702970297,54,65.8907967867539,68.1334622823985,23.5148514851485,0,78.960396039604,100,12.6237623762376,0,97.7722772277228,100,63.2305142364553,65.2173913043478,0,0,19.4752475247525,20
1997,"Total","Primo-député",250,100,20,0,48.68,49,51.1043256802226,51.8518518518518,24,0,68.8,100,22.4,0,90.4,100,46.5067295438496,47.4424552429667,100,100,11.916,13
2007,"agri","Ancien député",10,2.18340611353712,0,0,54.9,56.5,70.4508228695872,70.7681365576102,0,0,100,100,0,0,100,100,70.4508228695872,70.7681365576102,0,0,21,19.5
2007,"agri","Primo-député",8,4.41988950276243,25,0,55,55.5,49.7495376355671,53.0357142857143,0,0,100,100,0,0,87.5,100,49.7495376355671,53.0357142857143,100,100,14.125,16
2007,"artisancommercantpdg","Ancien député",27,5.89519650655022,0,0,57.8888888888889,58,69.1368067339474,67.8571428571429,11.1111111111111,0,100,100,0,0,100,100,67.4780539640835,66.6666666666667,0,0,22.6296296296296,24
2007,"artisancommercantpdg","Primo-député",10,5.52486187845304,30,0,48.6,50.5,50.7838816254376,42.4317617866005,0,0,100,100,0,0,100,100,50.7838816254376,42.4317617866005,100,100,11.2,12
2007,"cadsupprive","Ancien député",79,17.2489082969432,11.3924050632911,0,55.9240506329114,56,69.3274609763234,75,15.1898734177215,0,100,100,0,0,98.7341772151899,100,67.9571954414833,72,0,0,21,21
2007,"cadsupprive","Primo-député",21,11.6022099447514,38.0952380952381,0,49.9523809523809,47,54.6661618175291,60,14.2857142857143,0,100,100,0,0,95.2380952380952,100,51.6276130646946,54.5454545454545,100,100,14.1904761904762,12
2007,"cadsuppub","Ancien député",144,31.4410480349345,14.5833333333333,0,58.0208333333333,59,68.423073956612,68.768472906404,35.4166666666667,0,100,100,0,0,95.8333333333333,100,65.2986048645314,64.7853736089031,0,0,22.4375,23.5
2007,"cadsuppub","Primo-député",52,28.7292817679558,23.0769230769231,0,51.75,51.5,53.5687769265621,54.5454545454545,28.8461538461538,0,100,100,0,0,92.3076923076923,100,49.5437880847322,50.8620689655173,100,100,13.8269230769231,12
2007,"collab","Ancien député",64,13.9737991266376,14.0625,0,52.90625,53.5,88.1378120769676,92.6654740608229,95.3125,100,0,0,0,0,100,100,72.9556727701378,75.3378378378379,0,0,24.375,24
2007,"collab","Primo-député",28,15.4696132596685,21.4285714285714,0,41.3928571428571,39.5,75.9389024516056,80.3225806451613,85.7142857142857,100,0,0,0,0,82.1428571428571,100,41.2599749286253,40.4545454545455,100,100,11.7142857142857,9.5
2007,"employe","Ancien député",7,1.52838427947598,71.4285714285714,100,56.1428571428571,56,67.2930292095377,70.5882352941177,14.2857142857143,0,0,0,100,100,100,100,67.2930292095377,70.5882352941177,0,0,21,24
2007,"employe","Primo-député",1,0.552486187845304,0,0,51,51,46.1538461538462,46.1538461538462,0,0,0,0,100,100,100,100,46.1538461538462,46.1538461538462,100,100,12,12
2007,"NA","Ancien député",4,0.873362445414847,50,50,48.75,48.5,90.9722222222222,94.4444444444445,25,0,0,0,0,0,100,100,90.9722222222222,94.4444444444445,0,0,21,22
2007,"NA","Primo-député",5,2.76243093922652,60,100,54.2,51,51.6833333333333,50,20,0,0,0,0,0,80,100,45.5294871794872,48,100,100,17,13
2007,"ouvrier","Ancien député",3,0.655021834061135,0,0,65,67,95.2380952380952,100,0,0,0,0,100,100,100,100,95.2380952380952,100,0,0,38,36
2007,"ouvrier","Primo-député",2,1.10497237569061,0,0,56,56,45.1612903225806,45.1612903225806,0,0,0,0,100,100,100,100,45.1612903225806,45.1612903225806,100,100,14,14
2007,"profinter","Ancien député",49,10.6986899563319,22.4489795918367,0,56.5714285714286,58,73.3484381100085,77.2727272727273,14.2857142857143,0,0,0,100,100,100,100,71.6100404532435,76.9230769230769,0,0,23.1428571428571,24
2007,"profinter","Primo-député",31,17.1270718232044,51.6129032258064,100,53,54,54.640726355842,57.1428571428571,3.2258064516129,0,0,0,100,100,93.5483870967742,100,54.1030919472399,57.1428571428571,100,100,15.8709677419355,12
2007,"proflib","Ancien député",71,15.5021834061135,12.6760563380282,0,58.5352112676056,60,63.9721060481399,66.6666666666667,7.04225352112676,0,100,100,0,0,97.1830985915493,100,62.8991303856236,66.6666666666667,0,0,21.4225352112676,22
2007,"proflib","Primo-député",23,12.707182320442,30.4347826086957,0,52.8260869565217,54,58.4876501867566,52.1739130434783,17.3913043478261,0,100,100,0,0,95.6521739130435,100,56.5034115152114,52.1739130434783,100,100,16.0434782608696,18
2007,"Total","Ancien député",458,100,14.410480349345,0,56.7292576419214,57.5,71.6125795331842,73.2520325203252,30.7860262008734,0,72.2707423580786,100,12.882096069869,0,98.0349344978166,100,67.8222290437616,68.9903846153846,0,0,22.4257641921397,24
2007,"Total","Primo-député",181,100,31.4917127071823,0,50.3701657458564,51,57.4566947465491,60,26.5193370165746,0,62.9834254143646,100,18.7845303867403,0,91.7127071823204,100,50.068891977988,50,100,100,14.121546961326,12
2012,"agri","Ancien député",11,3.02197802197802,27.2727272727273,0,59.9090909090909,60,63.9738406137889,65.7142857142857,0,0,100,100,0,0,100,100,63.9738406137889,65.7142857142857,0,0,22,23
2012,"agri","Primo-député",7,2.7027027027027,28.5714285714286,0,55.2857142857143,56,51.2519041658255,53.125,0,0,100,100,0,0,85.7142857142857,100,51.2519041658255,53.125,100,100,15.4285714285714,17
2012,"artisancommercantpdg","Ancien député",17,4.67032967032967,11.7647058823529,0,58.5294117647059,58,65.6018560056187,69.6969696969697,5.88235294117647,0,100,100,0,0,100,100,65.6018560056187,69.6969696969697,0,0,21.7647058823529,23
2012,"artisancommercantpdg","Primo-député",6,2.31660231660232,16.6666666666667,0,47.1666666666667,50.5,33.5920195173069,34.3501326259947,0,0,100,100,0,0,100,100,33.5920195173069,34.3501326259947,100,100,7.5,6
2012,"cadsupprive","Ancien député",66,18.1318681318681,10.6060606060606,0,57.5454545454545,59,78.2707522712425,80.4761904761905,27.2727272727273,0,100,100,0,0,98.4848484848485,100,76.766531777394,79.3103448275862,0,0,24.9242424242424,23
2012,"cadsupprive","Primo-député",42,16.2162162162162,30.952380952381,0,49.1666666666667,50,42.8285292006316,39.3358876117497,28.5714285714286,0,100,100,0,0,73.8095238095238,100,34.179022135711,32.8431372549019,100,100,10.9761904761905,11
2012,"cadsuppub","Ancien député",94,25.8241758241758,15.9574468085106,0,58.6914893617021,60,72.8332704111917,73.1707317073171,40.4255319148936,0,100,100,0,0,98.936170212766,100,68.8172266203193,68.9010989010989,0,0,24.4468085106383,24
2012,"cadsuppub","Primo-député",75,28.957528957529,42.6666666666667,0,49.5466666666667,48,44.1894713031315,47.8260869565217,25.3333333333333,0,100,100,0,0,84,100,40.4380912768028,40.7407407407407,100,100,10.8133333333333,11
2012,"collab","Ancien député",53,14.5604395604396,16.9811320754717,0,52.188679245283,53,88.8471223174142,90.3225806451613,96.2264150943396,100,0,0,0,0,98.1132075471698,100,69.7149331991378,76.9230769230769,0,0,24.0754716981132,25
2012,"collab","Primo-député",49,18.9189189189189,20.4081632653061,0,42.3673469387755,41,76.2462496541441,83.3333333333333,93.8775510204082,100,0,0,0,0,87.7551020408163,100,44.9073749507389,44,100,100,13.1632653061224,13
2012,"employe","Ancien député",4,1.0989010989011,25,0,55.25,55.5,40.333485958486,38.1944444444444,0,0,0,0,100,100,75,100,40.333485958486,38.1944444444444,0,0,12.5,11
2012,"employe","Primo-député",2,0.772200772200772,50,50,59,59,25.2431476569408,25.2431476569408,0,0,0,0,100,100,100,100,25.2431476569408,25.2431476569408,100,100,9.5,9.5
2012,"NA","Ancien député",7,1.92307692307692,57.1428571428571,100,55.8571428571429,56,83.9215396271848,90.625,28.5714285714286,0,0,0,0,0,100,100,80.2349036824843,90.625,0,0,25.7142857142857,25
2012,"NA","Primo-député",7,2.7027027027027,57.1428571428571,100,53.7142857142857,61,34.1125157588572,36.4316239316239,14.2857142857143,0,0,0,0,0,71.4285714285714,100,34.1125157588572,36.4316239316239,100,100,10.7142857142857,10
2012,"profinter","Ancien député",52,14.2857142857143,38.4615384615385,0,59.9038461538462,61,68.9491944105155,72.8501228501229,9.61538461538461,0,0,0,100,100,98.0769230769231,100,68.5863935957696,72.8501228501229,0,0,24.1730769230769,23.5
2012,"profinter","Primo-député",53,20.4633204633205,52.8301886792453,100,54.6603773584906,55,41.9989462272672,42.3076923076923,13.2075471698113,0,0,0,100,100,88.6792452830189,100,39.4095370340845,36.6666666666667,100,100,12.4150943396226,11
2012,"proflib","Ancien député",60,16.4835164835165,11.6666666666667,0,60.4833333333333,61.5,68.7824970312846,68.1653746770026,11.6666666666667,0,100,100,0,0,100,100,68.0510806225426,68.1653746770026,0,0,24.3166666666667,23
2012,"proflib","Primo-député",18,6.94980694980695,44.4444444444444,0,48.8888888888889,50.5,46.1438918107033,51.7241379310344,0,0,100,100,0,0,88.8888888888889,100,46.1438918107033,51.7241379310344,100,100,10.7777777777778,11
2012,"Total","Ancien député",364,100,18.6813186813187,0,57.9423076923077,59,74.1789313260228,76.0869565217391,33.5164835164835,0,68.1318681318681,100,15.3846153846154,0,98.6263736263736,100,69.8400583295699,71.4285714285714,0,0,24.1126373626374,23
2012,"Total","Primo-député",259,100,38.2239382239382,0,49.4131274131274,50,49.3065342867594,50,32.8185328185328,0,57.1428571428571,100,21.2355212355212,0,84.5559845559846,100,40.3240678278181,40.3703703703704,100,100,11.6447876447876,11
2017,"agri","Ancien député",8,4.93827160493827,0,0,59,59.5,76.4791205841569,80.4310344827586,0,0,100,100,0,0,100,100,76.4791205841569,80.4310344827586,0,0,26.125,26.5
2017,"agri","Primo-député",7,1.6548463356974,28.5714285714286,0,50.5714285714286,58,44.4031871121654,48.4848484848485,0,0,100,100,0,0,71.4285714285714,100,44.4031871121654,48.4848484848485,100,100,15,16
2017,"artisancommercantpdg","Ancien député",12,7.40740740740741,25,0,54.8333333333333,56,68.5725768131227,65.686274509804,25,0,100,100,0,0,100,100,67.7661252002195,65.686274509804,0,0,20.75,17
2017,"artisancommercantpdg","Primo-député",54,12.7659574468085,35.1851851851852,0,48.3518518518519,48.5,12.6542352005354,0,12.962962962963,0,100,100,0,0,40.7407407407407,0,11.5093261735674,0,100,100,3.37037037037037,0
2017,"cadsupprive","Ancien député",25,15.4320987654321,16,0,58,59,64.487717160585,64.7058823529412,20,0,100,100,0,0,92,100,62.971012355093,63.3333333333333,0,0,20.88,22
2017,"cadsupprive","Primo-député",106,25.0591016548463,45.2830188679245,0,42.9245283018868,42,18.7496251252856,0,14.1509433962264,0,100,100,0,0,37.7358490566038,0,14.6319579384568,0,100,100,3.83962264150943,0
2017,"cadsuppub","Ancien député",43,26.5432098765432,23.2558139534884,0,56.8139534883721,55,63.6021727245189,66.6666666666667,30.2325581395349,0,100,100,0,0,97.6744186046512,100,60.3934666552192,64.1025641025641,0,0,20.3953488372093,22
2017,"cadsuppub","Primo-député",78,18.4397163120567,46.1538461538462,0,48.7307692307692,48,26.5305240601416,18.3333333333333,10.2564102564103,0,100,100,0,0,58.974358974359,100,24.6095721674703,14.3181818181818,100,100,6.74358974358974,3
2017,"collab","Ancien député",40,24.6913580246914,25,0,51.4,52.5,88.9824189907454,94.4272445820433,92.5,100,0,0,0,0,92.5,100,67.4493557774957,65.686274509804,0,0,23.15,22
2017,"collab","Primo-député",49,11.5839243498818,38.7755102040816,0,44.6326530612245,46,79.2857446311668,87.5,97.9591836734694,100,0,0,0,0,77.5510204081633,100,43.4744524416181,43.9024390243902,100,100,15.1428571428571,15
2017,"employe","Primo-député",6,1.41843971631206,66.6666666666667,100,51,50,17.1031746031746,17.1428571428571,0,0,0,0,100,100,66.6666666666667,100,17.1031746031746,17.1428571428571,100,100,5.5,4
2017,"NA","Ancien député",3,1.85185185185185,66.6666666666667,100,47.3333333333333,51,87.6190476190476,100,0,0,0,0,0,0,100,100,87.6190476190476,100,0,0,18,22
2017,"NA","Primo-député",7,1.6548463356974,28.5714285714286,0,37.5714285714286,35,41.5237905369484,42.9924242424242,14.2857142857143,0,0,0,0,0,71.4285714285714,100,40.6465975544923,42.9924242424242,100,100,5.28571428571429,3
2017,"profinter","Ancien député",13,8.02469135802469,38.4615384615385,0,58.6923076923077,59,67.9714502482563,66.6666666666667,15.3846153846154,0,0,0,100,100,100,100,67.9714502482563,66.6666666666667,0,0,22.5384615384615,22
2017,"profinter","Primo-député",66,15.6028368794326,60.6060606060606,100,47.7727272727273,47.5,26.6226598470212,18.5855263157895,4.54545454545455,0,0,0,100,100,63.6363636363636,100,25.0675251668865,14.3181818181818,100,100,6.81818181818182,3
2017,"proflib","Ancien député",18,11.1111111111111,11.1111111111111,0,62.8888888888889,65.5,59.3853169775024,61.4198871037777,5.55555555555556,0,100,100,0,0,100,100,58.6277412199266,61.4198871037777,0,0,22.6666666666667,25.5
2017,"proflib","Primo-député",50,11.8203309692671,44,0,47.98,48,22.2853270567943,15.8333333333333,4,0,100,100,0,0,62,100,21.9981475696148,15.8333333333333,100,100,6.12,3
2017,"Total","Ancien député",162,100,22.2222222222222,0,56.2716049382716,56,71.3364734809198,73.3333333333333,37.6543209876543,0,65.4320987654321,100,8.02469135802469,0,96.2962962962963,100,64.7900025387076,64.7058823529412,0,0,21.8395061728395,22
2017,"Total","Primo-député",423,100,45.3900709219858,0,46.3924349881797,47,28.8609954305853,18.4697855750487,19.8581560283688,0,69.7399527186761,100,17.0212765957447,0,55.0827423167849,100,22.8683500473822,11.7692307692308,100,100,6.59101654846336,3
2022,"agri","Ancien député",8,2.7027027027027,25,0,56.375,58.5,74.4114597992307,73.4848484848485,0,0,100,100,0,0,87.5,100,74.4114597992307,73.4848484848485,0,0,23.125,21
2022,"agri","Primo-député",3,0.996677740863787,0,0,49,54,30.3454455567915,25.8064516129032,0,0,100,100,0,0,100,100,30.3454455567915,25.8064516129032,100,100,5.66666666666667,7
2022,"artisancommercantpdg","Ancien député",35,11.8243243243243,31.4285714285714,0,54.6285714285714,54,41.2403002215944,35.7142857142857,11.4285714285714,0,100,100,0,0,71.4285714285714,100,40.3224020278342,35.7142857142857,0,0,12.6,8
2022,"artisancommercantpdg","Primo-député",17,5.64784053156146,35.2941176470588,0,50.4117647058824,45,37.9950847652626,35,17.6470588235294,0,100,100,0,0,88.2352941176471,100,36.8279512451879,32,100,100,8.11764705882353,7
2022,"cadsupprive","Ancien député",70,23.6486486486486,40,0,49.8142857142857,49.5,46.6720365918736,42.9276315789474,18.5714285714286,0,100,100,0,0,51.4285714285714,100,43.934765918084,40.0641025641026,0,0,10.7428571428571,8
2022,"cadsupprive","Primo-député",46,15.2823920265781,39.1304347826087,0,46.5869565217391,47,35.0902981288198,30.6149732620321,26.0869565217391,0,100,100,0,0,71.7391304347826,100,29.2758180117501,17.1428571428571,100,100,6.84782608695652,5.5
2022,"cadsuppub","Ancien député",53,17.9054054054054,26.4150943396226,0,55.1509433962264,56,56.5217638974682,52.5,16.9811320754717,0,100,100,0,0,79.2452830188679,100,54.8627438767363,51.9230769230769,0,0,17.3584905660377,14
2022,"cadsuppub","Primo-député",66,21.9269102990033,40.9090909090909,0,45.4848484848485,45,31.863552792906,24.5,31.8181818181818,0,100,100,0,0,62.1212121212121,100,28.3973233882091,16.2280701754386,100,100,6.78787878787879,4
2022,"collab","Ancien député",60,20.2702702702703,31.6666666666667,0,49.5,51,86.3723162035077,92.3076923076923,98.3333333333333,100,0,0,0,0,83.3333333333333,100,63.0569807898145,64.0625,0,0,20.7666666666667,21
2022,"collab","Primo-député",57,18.936877076412,26.3157894736842,0,38.3684210526316,35,81.1175402597919,88.8888888888889,91.2280701754386,100,0,0,0,0,70.1754385964912,100,37.9717103606947,28.5714285714286,100,100,10.280701754386,8
2022,"employe","Ancien député",4,1.35135135135135,75,100,53.75,55,34.8214285714286,33.8095238095238,0,0,0,0,100,100,100,100,34.8214285714286,33.8095238095238,0,0,10.25,11
2022,"employe","Primo-député",23,7.64119601328904,47.8260869565217,0,44.1739130434783,45,20.9965972090627,13.9423076923077,21.7391304347826,0,0,0,100,100,43.4782608695652,0,18.610436133062,0,100,100,4.52173913043478,1
2022,"NA","Ancien député",4,1.35135135135135,75,100,57,58,81.5241228070175,85.4166666666667,50,50,0,0,0,0,100,100,80.4824561403509,83.3333333333333,0,0,26,26
2022,"NA","Primo-député",7,2.32558139534884,57.1428571428571,100,41.7142857142857,46,49.8272347535505,55.2631578947368,0,0,0,0,0,0,71.4285714285714,100,49.8272347535505,55.2631578947368,100,100,8.42857142857143,7
2022,"ouvrier","Primo-député",8,2.6578073089701,37.5,0,40.75,44,7.52935715989903,7.40740740740741,0,0,0,0,100,100,75,100,7.52935715989903,7.40740740740741,100,100,1.5,1.5
2022,"profinter","Ancien député",31,10.472972972973,54.8387096774194,100,54.4838709677419,54,47.5897536377917,38.0952380952381,6.45161290322581,0,0,0,100,100,70.9677419354839,100,46.2854058117048,36.3636363636364,0,0,13.9677419354839,8
2022,"profinter","Primo-député",45,14.9501661129568,40,0,48.8666666666667,47,29.2570575753117,33.3333333333333,4.44444444444444,0,0,0,100,100,77.7777777777778,100,28.8126131308672,32,100,100,7.24444444444444,8
2022,"proflib","Ancien député",31,10.472972972973,35.4838709677419,0,55.1935483870968,55,48.6723277367019,50,9.67741935483871,0,100,100,0,0,74.1935483870968,100,47.6577595785333,48.3870967741935,0,0,15.0967741935484,14
2022,"proflib","Primo-député",29,9.63455149501661,55.1724137931034,100,50.6896551724138,51,30.5540099517188,21.2121212121212,6.89655172413793,0,100,100,0,0,86.2068965517241,100,28.0635884957801,17.7777777777778,100,100,6.6551724137931,7
2022,"Total","Ancien député",296,100,36.4864864864865,0,52.6554054054054,54,57.2069051840546,55.0509337860781,31.0810810810811,0,66.554054054054,100,11.8243243243243,0,71.9594594594595,100,51.1709706163321,50,0,0,15.5067567567568,13
2022,"Total","Primo-député",301,100,39.202657807309,0,45.312292358804,45,40.5528668778477,36.3636363636364,32.2259136212625,0,53.4883720930233,100,25.2491694352159,0,70.7641196013289,100,30.0474508304429,20.9302325581395,100,100,7.30232558139535,6
2024,"agri","Ancien député",8,1.83066361556064,25,0,56.75,59,57.834343822247,58.3796296296296,0,0,100,100,0,0,87.5,100,57.834343822247,58.3796296296296,0,0,17.625,19.5
2024,"agri","Primo-député",4,2.85714285714286,50,50,58.25,59,15.2478448275862,8.6206896551724,25,0,100,100,0,0,25,0,10.9375,0,100,100,4.75,2.5
2024,"artisancommercantpdg","Ancien député",39,8.92448512585812,35.8974358974359,0,54.7948717948718,54,41.3415582392149,38.8888888888889,12.8205128205128,0,100,100,0,0,79.4871794871795,100,40.3595591969443,38.4615384615385,0,0,11.7435897435897,10
2024,"artisancommercantpdg","Primo-député",15,10.7142857142857,6.66666666666667,0,51.9333333333333,56,29.953313900942,18.1818181818182,20,0,100,100,0,0,73.3333333333333,100,28.7681287157568,12,100,100,8.8,6
2024,"cadsupprive","Ancien député",79,18.0778032036613,32.9113924050633,0,50.9746835443038,52,49.4934537142586,47.6190476190476,24.0506329113924,0,100,100,0,0,64.5569620253165,100,46.0323003024351,43.3333333333333,0,0,12.1898734177215,10
2024,"cadsupprive","Primo-député",26,18.5714285714286,23.0769230769231,0,45.9615384615385,45,34.3294235702435,29.8076923076923,26.9230769230769,0,100,100,0,0,61.5384615384615,100,28.9423298210808,18.6147186147186,100,100,7.15384615384615,5
2024,"cadsuppub","Ancien député",88,20.137299771167,32.9545454545455,0,51.1022727272727,52,48.0328275546614,48.5294117647059,27.2727272727273,0,100,100,0,0,70.4545454545455,100,45.965184024926,41.1538461538461,0,0,12.6818181818182,10
2024,"cadsuppub","Primo-député",32,22.8571428571429,43.75,0,49.03125,50.5,36.3022050910402,33.008658008658,28.125,0,100,100,0,0,56.25,100,32.2689329903339,22,100,100,9.53125,4
2024,"collab","Ancien député",85,19.4508009153318,29.4117647058824,0,44.7058823529412,42,87.1677421641169,92.5824175824176,95.2941176470588,100,0,0,0,0,76.4705882352941,100,59.7430962709477,62.5,0,0,17.0588235294118,13
2024,"collab","Primo-député",30,21.4285714285714,23.3333333333333,0,38.0333333333333,36.5,78.702677814941,81.0924369747899,96.6666666666667,100,0,0,0,0,63.3333333333333,100,40.1236544722653,39.4444444444444,100,100,10.0666666666667,9
2024,"employe","Ancien député",19,4.34782608695652,36.8421052631579,0,44.9473684210526,44,29.913420958381,22.2222222222222,21.0526315789474,0,0,0,100,100,36.8421052631579,0,28.330516328385,16.6666666666667,0,0,5.78947368421053,2
2024,"employe","Primo-député",4,2.85714285714286,50,50,46,46.5,6.61764705882353,0,25,0,0,0,100,100,25,0,6.61764705882353,0,100,100,2.25,0
2024,"NA","Ancien député",9,2.05949656750572,66.6666666666667,100,51.2222222222222,52,66.0235225724356,65.2884615384615,22.2222222222222,0,0,0,0,0,88.8888888888889,100,65.5427533416664,63.3653846153846,0,0,17.5555555555556,19
2024,"NA","Primo-député",5,3.57142857142857,60,100,39,35,38.7455197132616,50,0,0,0,0,0,0,60,100,38.7455197132616,50,100,100,5,4
2024,"ouvrier","Ancien député",7,1.60183066361556,42.8571428571429,0,45.2857142857143,51,22.2174006934852,25,0,0,0,0,100,100,71.4285714285714,100,22.2174006934852,25,0,0,3.71428571428571,4
2024,"ouvrier","Primo-député",1,0.714285714285714,0,0,36,36,18.1818181818182,18.1818181818182,100,100,0,0,100,100,100,100,9.09090909090909,9.09090909090909,100,100,2,2
2024,"profinter","Ancien député",55,12.5858123569794,47.2727272727273,0,53.1636363636364,54,40.381880491739,41.6666666666667,1.81818181818182,0,0,0,100,100,74.5454545454545,100,40.2303653402239,41.6666666666667,0,0,11.7636363636364,10
2024,"profinter","Primo-député",18,12.8571428571429,16.6666666666667,0,47.5,48.5,31.7496006715781,26.1363636363636,5.55555555555556,0,0,0,100,100,77.7777777777778,100,31.0551562271337,26.1363636363636,100,100,6.61111111111111,4
2024,"proflib","Ancien député",48,10.9839816933638,54.1666666666667,100,55.5625,55,45.8704164185613,43.1899641577061,8.33333333333333,0,100,100,0,0,81.25,100,44.2511604350812,40.9677419354839,0,0,13.6875,10
2024,"proflib","Primo-député",5,3.57142857142857,60,100,62.6,61,26.9265829021927,9.09090909090909,0,0,100,100,0,0,60,100,26.9265829021927,9.09090909090909,100,100,10.4,4
2024,"Total","Ancien député",437,100,37.5286041189931,0,50.6590389016018,52,53.3535768522058,51.4285714285714,32.0366132723112,0,59.954233409611,100,18.5354691075515,0,72.3112128146453,100,46.6470689667299,43.4782608695652,0,0,13.1029748283753,10
2024,"Total","Primo-député",140,100,29.2857142857143,0,46.4285714285714,46,41.4354142245493,40.5128205128205,37.1428571428571,0,58.5714285714286,100,16.4285714285714,0,62.1428571428571,100,31.0975328681171,23.5384615384616,100,100,8.22142857142857,5
