"legis.annee","ProfSigni","tendance.pol","effectifs","pourcentages","mean_part.femmes","median_part.femmes","mean_age","median_age","mean_part.pol","median_part.pol","mean_part.cabcollab","median_part.cabcollab","mean_part.pcs.123","median_part.pcs.123","mean_part.pcs.456","median_part.pcs.456","mean_part.elu.local","median_part.elu.local","mean_part.mandat","median_part.mandat","mean_part.primos","median_part.primos","mean_duree.pol","median_duree.pol"
1978,"agri","Centre",11,7.9136690647482,0,0,48.1818181818182,46,69.3212010877398,80.6451612903226,0,0,100,100,0,0,90.9090909090909,100,69.3212010877398,80.6451612903226,54.5454545454545,100,15.5454545454545,13
1978,"agri","COM/LFI",3,3.40909090909091,0,0,55.3333333333333,54,40.2298850574713,20.6896551724138,0,0,100,100,0,0,66.6666666666667,100,40.2298850574713,20.6896551724138,33.3333333333333,0,13,6
1978,"agri","Droite",12,6.89655172413793,0,0,49.9166666666667,47.5,53.9835258499446,57.5,0,0,100,100,0,0,91.6666666666667,100,53.9835258499446,57.5,50,50,12.75,10.5
1978,"agri","Non-inscrits",1,7.14285714285714,0,0,71,71,63.6363636363636,63.6363636363636,0,0,100,100,0,0,100,100,63.6363636363636,63.6363636363636,0,0,21,21
1978,"artisancommercantpdg","Centre",7,5.03597122302158,0,0,58,57,48.3388192267503,57.5757575757576,0,0,100,100,0,0,71.4285714285714,100,48.3388192267503,57.5757575757576,14.2857142857143,0,15,19
1978,"artisancommercantpdg","Droite",13,7.47126436781609,7.69230769230769,0,58.1538461538462,55,45.0639600267392,39.3939393939394,7.69230769230769,0,100,100,0,0,46.1538461538462,0,45.0639600267392,39.3939393939394,23.0769230769231,0,13.8461538461538,13
1978,"artisancommercantpdg","Non-inscrits",1,7.14285714285714,0,0,47,47,13.6363636363636,13.6363636363636,0,0,100,100,0,0,100,100,13.6363636363636,13.6363636363636,100,100,3,3
1978,"cadsupprive","Centre",29,20.863309352518,3.44827586206897,0,48.7586206896552,51,38.6512942639234,33.3333333333333,20.6896551724138,0,100,100,0,0,72.4137931034483,100,36.6196992240049,33.3333333333333,58.6206896551724,100,9.6551724137931,7
1978,"cadsupprive","COM/LFI",3,3.40909090909091,33.3333333333333,0,42.3333333333333,44,24.3508771929825,21.0526315789474,0,0,100,100,0,0,66.6666666666667,100,24.3508771929825,21.0526315789474,33.3333333333333,0,5.66666666666667,4
1978,"cadsupprive","Droite",29,16.6666666666667,0,0,54.9310344827586,57,44.5468229088919,48.4848484848485,20.6896551724138,0,100,100,0,0,72.4137931034483,100,43.0131744105604,48.4848484848485,34.4827586206897,0,13.4137931034483,16
1978,"cadsupprive","ECO/SOC/RAD",13,10.7438016528926,0,0,44.5384615384615,42,28.6090753154114,21.7391304347826,0,0,100,100,0,0,76.9230769230769,100,28.6090753154114,21.7391304347826,61.5384615384615,100,6.84615384615385,5
1978,"cadsupprive","Non-inscrits",1,7.14285714285714,0,0,45,45,25,25,0,0,100,100,0,0,0,0,25,25,0,0,5,5
1978,"cadsuppub","Centre",41,29.4964028776978,0,0,49.0975609756098,50,36.6201045748849,30,41.4634146341463,0,100,100,0,0,70.7317073170732,100,30.346776036843,21.2121212121212,51.219512195122,100,8.87804878048781,7
1978,"cadsuppub","COM/LFI",11,12.5,18.1818181818182,0,49.5454545454545,48,29.0012490803005,25,0,0,100,100,0,0,54.5454545454545,100,29.0012490803005,25,54.5454545454545,100,8.09090909090909,6
1978,"cadsuppub","Droite",58,33.3333333333333,1.72413793103448,0,51.8448275862069,53,55.5778533699897,57.9796264855688,43.1034482758621,0,100,100,0,0,82.7586206896552,100,49.2314182000648,51.5151515151515,32.7586206896552,0,14.2241379310345,13
1978,"cadsuppub","ECO/SOC/RAD",51,42.1487603305785,0,0,46.3921568627451,44,40.6608073773278,35.7142857142857,9.80392156862745,0,100,100,0,0,90.1960784313726,100,39.4543995170699,34.375,47.0588235294118,0,8.98039215686275,7
1978,"cadsuppub","Non-inscrits",4,28.5714285714286,0,0,52.5,54.5,51.6882535027696,49.7474747474747,25,0,100,100,0,0,100,100,44.5453963599125,42.6587301587302,0,0,14.5,15
1978,"collab","Centre",3,2.15827338129496,0,0,41.3333333333333,44,46.338067390699,26.3157894736842,66.6666666666667,100,0,0,0,0,66.6666666666667,100,42.6343636869953,26.3157894736842,33.3333333333333,0,6,5
1978,"collab","Droite",4,2.29885057471264,0,0,43.25,44.5,83.8348214285714,84.8571428571428,100,100,0,0,0,0,100,100,59.7723214285714,51.6875,25,0,14,16.5
1978,"collab","ECO/SOC/RAD",3,2.47933884297521,0,0,46.3333333333333,48,21.6891554222888,17.2413793103448,66.6666666666667,100,0,0,0,0,66.6666666666667,100,12.7436281859071,3.44827586206897,66.6666666666667,100,5.33333333333333,5
1978,"employe","Centre",3,2.15827338129496,0,0,57.6666666666667,58,34.622082897945,39.3939393939394,0,0,0,0,100,100,100,100,34.622082897945,39.3939393939394,33.3333333333333,0,11.3333333333333,13
1978,"employe","COM/LFI",45,51.1363636363636,13.3333333333333,0,54.1333333333333,54,47.7552720922175,48.1481481481481,0,0,0,0,100,100,82.2222222222222,100,47.7552720922175,48.1481481481481,24.4444444444444,0,13.8666666666667,13
1978,"employe","Droite",3,1.72413793103448,0,0,56.6666666666667,61,38.5858585858586,48.4848484848485,0,0,0,0,100,100,100,100,38.5858585858586,48.4848484848485,33.3333333333333,0,12.3333333333333,16
1978,"employe","ECO/SOC/RAD",3,2.47933884297521,0,0,53.6666666666667,56,45.3684308523018,35.7142857142857,0,0,0,0,100,100,66.6666666666667,100,45.3684308523018,35.7142857142857,33.3333333333333,0,12.6666666666667,5
1978,"NA","COM/LFI",2,2.27272727272727,50,50,41.5,41.5,1.78571428571428,1.78571428571428,0,0,0,0,0,0,50,50,1.78571428571428,1.78571428571428,100,100,0.5,0.5
1978,"NA","Droite",1,0.574712643678161,100,100,65,65,93.9393939393939,93.9393939393939,0,0,0,0,0,0,100,100,93.9393939393939,93.9393939393939,0,0,31,31
1978,"NA","Non-inscrits",1,7.14285714285714,0,0,35,35,0,0,0,0,0,0,0,0,0,0,0,0,100,100,0,0
1978,"profinter","Centre",10,7.19424460431655,10,0,52.7,55,36.8667557932264,31.5151515151515,20,0,0,0,100,100,90,100,34.042513368984,25,60,100,8.9,7.5
1978,"profinter","COM/LFI",22,25,9.09090909090909,0,47.9090909090909,46,48.3837886321703,46.2121212121212,9.09090909090909,0,0,0,100,100,90.9090909090909,100,46.947346286637,46.2121212121212,50,50,12.4090909090909,11
1978,"profinter","Droite",13,7.47126436781609,0,0,51.6153846153846,51,48.2885148193435,50,7.69230769230769,0,0,0,100,100,92.3076923076923,100,47.6474891783179,50,38.4615384615385,0,12,11
1978,"profinter","ECO/SOC/RAD",29,23.9669421487603,3.44827586206897,0,50,54,49.6901157681391,40.625,0,0,0,0,100,100,89.6551724137931,100,49.6901157681391,40.625,37.9310344827586,0,12.3793103448276,9
1978,"profinter","Non-inscrits",3,21.4285714285714,33.3333333333333,0,54,55,29.1919191919192,24.2424242424242,0,0,0,0,100,100,66.6666666666667,100,29.1919191919192,24.2424242424242,66.6666666666667,100,9,8
1978,"proflib","Centre",35,25.1798561151079,0,0,52.4,54,51.6066356509439,57.5757575757576,2.85714285714286,0,100,100,0,0,88.5714285714286,100,51.1984723856377,57.5757575757576,34.2857142857143,0,14.5428571428571,15
1978,"proflib","COM/LFI",2,2.27272727272727,50,50,39.5,39.5,65.2173913043478,65.2173913043478,0,0,100,100,0,0,50,50,65.2173913043478,65.2173913043478,50,50,6.5,6.5
1978,"proflib","Droite",41,23.5632183908046,0,0,56.9268292682927,57,54.017447468513,55.1724137931034,2.4390243902439,0,100,100,0,0,75.609756097561,100,53.7957179784909,55.1724137931034,12.1951219512195,0,16.5121951219512,16
1978,"proflib","ECO/SOC/RAD",22,18.1818181818182,4.54545454545455,0,50.8636363636364,50.5,41.4114120093304,36.1111111111111,0,0,100,100,0,0,77.2727272727273,100,41.4114120093304,36.1111111111111,45.4545454545455,0,10.3181818181818,7
1978,"proflib","Non-inscrits",3,21.4285714285714,0,0,61,63,40.5844155844156,42.4242424242424,0,0,100,100,0,0,100,100,40.5844155844156,42.4242424242424,33.3333333333333,0,13.3333333333333,14
1978,"Total","Centre",139,100,1.43884892086331,0,50.5107913669065,52,44.1798347076092,41.1764705882353,20.1438848920863,0,88.4892086330935,100,9.35251798561151,0,79.136690647482,100,41.5196766079214,40.625,46.7625899280576,0,11.294964028777,10
1978,"Total","COM/LFI",88,100,14.7727272727273,0,51.0227272727273,52,43.8658276349128,41.8859649122807,2.27272727272727,0,21.5909090909091,0,76.1363636363636,100,78.4090909090909,100,43.5067170485294,41.8859649122807,37.5,0,12,8.5
1978,"Total","Droite",174,100,1.72413793103448,0,53.8390804597701,55,52.5086749691722,56.3492063492063,21.8390804597701,0,87.9310344827586,100,9.19540229885057,0,78.7356321839081,100,49.4842882523245,51.6129032258065,28.735632183908,0,14.3908045977012,13.5
1978,"Total","ECO/SOC/RAD",121,100,1.65289256198347,0,48.0495867768595,47,41.3128622780921,35.7142857142857,5.78512396694215,0,71.0743801652893,100,26.4462809917355,0,85.1239669421488,100,40.5825863889822,35.7142857142857,46.2809917355372,0,9.8099173553719,7
1978,"Total","Non-inscrits",14,100,7.14285714285714,0,53.7857142857143,54,37.0253389723436,35.5734767025089,7.14285714285714,0,71.4285714285714,100,21.4285714285714,0,78.5714285714286,100,34.984522645813,35.5734767025089,35.7142857142857,0,11,9
1997,"agri","Centre",3,2.4390243902439,0,0,56.6666666666667,57,93.3333333333333,100,0,0,100,100,0,0,100,100,93.3333333333333,100,0,0,29,32
1997,"agri","COM/LFI",3,7.31707317073171,0,0,60.6666666666667,64,75.4124428543033,82.051282051282,0,0,100,100,0,0,100,100,75.4124428543033,82.051282051282,66.6666666666667,100,25.3333333333333,25
1997,"agri","Droite",8,5.09554140127389,0,0,56.875,60,52.5994872165246,49.8214285714285,0,0,100,100,0,0,87.5,100,52.5994872165246,49.8214285714285,0,0,17.5,18.5
1997,"agri","ECO/SOC/RAD",4,1.21951219512195,0,0,48.5,47.5,80,90,0,0,100,100,0,0,100,100,80,90,75,100,19.25,19
1997,"artisancommercantpdg","Centre",9,7.31707317073171,0,0,55.5555555555556,56,63.9142263933435,68.9655172413793,11.1111111111111,0,100,100,0,0,100,100,61.8940243731415,68.9655172413793,0,0,19.1111111111111,15
1997,"artisancommercantpdg","COM/LFI",1,2.4390243902439,0,0,56,56,64.5161290322581,64.5161290322581,0,0,100,100,0,0,100,100,64.5161290322581,64.5161290322581,100,100,20,20
1997,"artisancommercantpdg","Droite",21,13.3757961783439,4.76190476190476,0,52.0476190476191,54,52.6232543769521,47.5,4.76190476190476,0,100,100,0,0,90.4761904761905,100,52.6232543769521,47.5,42.8571428571429,0,14.5238095238095,15
1997,"artisancommercantpdg","ECO/SOC/RAD",4,1.21951219512195,25,0,53.25,54,61.5991572067423,58.578431372549,0,0,100,100,0,0,100,100,61.5991572067423,58.578431372549,75,100,17,17
1997,"artisancommercantpdg","Non-inscrits",3,60,0,0,52,51,57.2080546265329,47.8260869565217,0,0,100,100,0,0,100,100,57.2080546265329,47.8260869565217,33.3333333333333,0,15.3333333333333,15
1997,"cadsupprive","Centre",33,26.8292682926829,6.06060606060606,0,52.3939393939394,51,58.9983314686195,57.1428571428571,15.1515151515152,0,100,100,0,0,93.9393939393939,100,58.0973683966038,57.1428571428571,15.1515151515152,0,16.1515151515152,16
1997,"cadsupprive","Droite",25,15.9235668789809,4,0,53.4,54,62.6656465767937,64.5833333333333,32,0,100,100,0,0,96,100,59.4935012500321,57.1428571428571,16,0,17.08,16
1997,"cadsupprive","ECO/SOC/RAD",40,12.1951219512195,10,0,51.55,52.5,58.4541951941978,59.1666666666667,22.5,0,100,100,0,0,97.5,100,57.2622411712093,57.7380952380952,52.5,100,15.125,14
1997,"cadsuppub","Centre",36,29.2682926829268,8.33333333333333,0,54.9166666666667,54.5,63.0159247051748,66.6666666666667,55.5555555555556,100,100,100,0,0,91.6666666666667,100,59.3277272266707,66.0919540229885,16.6666666666667,0,18.75,18
1997,"cadsuppub","COM/LFI",8,19.5121951219512,0,0,57.5,58,54.5411494570947,57.5367647058823,0,0,100,100,0,0,100,100,54.5411494570947,57.5367647058823,37.5,0,18.5,19.5
1997,"cadsuppub","Droite",44,28.0254777070064,6.81818181818182,0,55.6590909090909,54.5,58.2261699763359,59.6296296296296,40.9090909090909,0,100,100,0,0,100,100,53.8194385154154,53.9259259259259,20.4545454545455,0,17.7954545454545,15
1997,"cadsuppub","ECO/SOC/RAD",145,44.2073170731707,15.8620689655172,0,52.5862068965517,52,56.7640246712531,60,21.3793103448276,0,100,100,0,0,93.1034482758621,100,53.2780551209581,57.1428571428571,48.9655172413793,0,15.9724137931034,16
1997,"cadsuppub","Non-inscrits",1,20,0,0,61,61,72.2222222222222,72.2222222222222,0,0,100,100,0,0,100,100,72.2222222222222,72.2222222222222,100,100,26,26
1997,"collab","Centre",7,5.69105691056911,14.2857142857143,0,49.4285714285714,53,87.0663265306122,89.2857142857143,100,100,0,0,0,0,100,100,62.3640545961974,70,14.2857142857143,0,20.7142857142857,20
1997,"collab","COM/LFI",2,4.8780487804878,50,50,47.5,47.5,26.5810276679842,26.5810276679842,0,0,0,0,0,0,100,100,26.5810276679842,26.5810276679842,100,100,6,6
1997,"collab","Droite",13,8.28025477707006,7.69230769230769,0,47.8461538461538,50,85.7364131594901,88.8888888888889,100,100,0,0,0,0,100,100,68.0887072891122,68.1818181818182,0,0,19.6153846153846,19
1997,"collab","ECO/SOC/RAD",30,9.14634146341463,20,0,43.7,44.5,76.9679203748695,84.1666666666667,90,100,0,0,0,0,83.3333333333333,100,52.1419846697576,55,60,100,14.6666666666667,15
1997,"employe","COM/LFI",1,2.4390243902439,100,100,55,55,50,50,0,0,0,0,100,100,100,100,50,50,0,0,15,15
1997,"employe","ECO/SOC/RAD",5,1.52439024390244,60,100,52.6,51,60.3381779510812,58.0645161290323,0,0,0,0,100,100,100,100,60.3381779510812,58.0645161290323,40,0,16.2,15
1997,"NA","Droite",1,0.636942675159236,0,0,42,42,82.3529411764706,82.3529411764706,0,0,0,0,0,0,100,100,82.3529411764706,82.3529411764706,0,0,14,14
1997,"NA","ECO/SOC/RAD",3,0.914634146341463,33.3333333333333,0,42.3333333333333,45,51.6161616161616,66.6666666666667,0,0,0,0,0,0,100,100,51.6161616161616,66.6666666666667,33.3333333333333,0,10,14
1997,"ouvrier","Centre",1,0.813008130081301,0,0,57,57,100,100,0,0,0,0,100,100,100,100,100,100,0,0,32,32
1997,"ouvrier","COM/LFI",8,19.5121951219512,12.5,0,54,54,48.5023841525858,53.3333333333333,0,0,0,0,100,100,87.5,100,48.5023841525858,53.3333333333333,50,50,15.125,15.5
1997,"ouvrier","ECO/SOC/RAD",1,0.304878048780488,0,0,60,60,60,60,0,0,0,0,100,100,100,100,60,60,100,100,21,21
1997,"profinter","Centre",5,4.0650406504065,0,0,51.4,52,71.3742919389978,74.0740740740741,40,0,0,0,100,100,100,100,71.3742919389978,74.0740740740741,20,0,19,15
1997,"profinter","COM/LFI",16,39.0243902439024,0,0,53.6875,52.5,69.0430695890938,69.6178937558248,0,0,0,0,100,100,93.75,100,69.0430695890938,69.6178937558248,43.75,0,19.5,20
1997,"profinter","Droite",12,7.64331210191083,8.33333333333333,0,52.75,51.5,63.3954752371305,65.1923076923077,16.6666666666667,0,0,0,100,100,100,100,63.3954752371305,65.1923076923077,25,0,17.8333333333333,16
1997,"profinter","ECO/SOC/RAD",57,17.3780487804878,17.5438596491228,0,51.6140350877193,51,56.0744281460796,60.8695652173913,3.50877192982456,0,0,0,100,100,96.4912280701754,100,55.9282293156702,60.8695652173913,64.9122807017544,100,14.5263157894737,14
1997,"profinter","Non-inscrits",1,20,0,0,61,61,38.8888888888889,38.8888888888889,100,100,0,0,100,100,100,100,36.1111111111111,36.1111111111111,100,100,14,14
1997,"proflib","Centre",29,23.5772357723577,6.89655172413793,0,53.9310344827586,53,60.1221379182067,58.8235294117647,10.3448275862069,0,100,100,0,0,96.551724137931,100,59.5698804693975,58.8235294117647,24.1379310344828,0,17.6551724137931,20
1997,"proflib","COM/LFI",2,4.8780487804878,50,50,49,49,73.9130434782608,73.9130434782608,0,0,100,100,0,0,100,100,73.9130434782608,73.9130434782608,50,50,18,18
1997,"proflib","Droite",33,21.0191082802548,6.06060606060606,0,55.9393939393939,56,56.0559174823332,50,6.06060606060606,0,100,100,0,0,100,100,55.8604140610233,50,12.1212121212121,0,17.030303030303,14
1997,"proflib","ECO/SOC/RAD",39,11.890243902439,10.2564102564103,0,51.6666666666667,51,54.9400891064747,58.3333333333333,7.69230769230769,0,100,100,0,0,92.3076923076923,100,54.0060231724087,58.3333333333333,53.8461538461538,100,15.4871794871795,14
1997,"Total","Centre",123,100,6.50406504065041,0,53.6585365853659,53,64.0701139059195,66.6666666666667,30.8943089430894,0,89.4308943089431,100,4.8780487804878,0,95.1219512195122,100,61.0650726185955,65.5172413793103,16.260162601626,0,18.3008130081301,20
1997,"Total","COM/LFI",41,100,9.75609756097561,0,54.5609756097561,54,60.2629020046489,63.6363636363636,0,0,34.1463414634146,0,60.9756097560976,100,95.1219512195122,100,60.2629020046489,63.6363636363636,48.780487804878,0,18.0487804878049,20
1997,"Total","Droite",157,100,5.73248407643312,0,53.9808917197452,53,60.2674788219058,60,28.0254777070064,0,83.4394904458599,100,7.64331210191083,0,97.4522292993631,100,57.0249845119206,56,18.4713375796178,0,17.1974522292994,15
1997,"Total","ECO/SOC/RAD",328,100,15.8536585365854,0,51.2560975609756,51,58.8409478026085,61.3171355498721,21.9512195121951,0,70.7317073170732,100,19.2073170731707,0,93.5975609756098,100,54.7473998708172,58.1989247311828,54.2682926829268,100,15.4573170731707,15
1997,"Total","Non-inscrits",5,100,0,0,55.6,57,56.5470549981419,47.8260869565217,20,0,80,100,20,0,100,100,55.9914994425864,47.8260869565217,60,100,17.2,15
2007,"agri","Droite",13,3.5230352303523,0,0,54.3076923076923,55,64.761175852533,68.5714285714286,0,0,100,100,0,0,92.3076923076923,100,64.761175852533,68.5714285714286,38.4615384615385,0,18.3846153846154,21
2007,"agri","ECO/SOC/RAD",5,2.38095238095238,40,0,56.6,59,52.1218487394958,60,0,0,100,100,0,0,100,100,52.1218487394958,60,60,100,16.8,18
2007,"artisancommercantpdg","Centre",1,3.84615384615385,0,0,61,61,36.1111111111111,36.1111111111111,0,0,100,100,0,0,100,100,36.1111111111111,36.1111111111111,100,100,13,13
2007,"artisancommercantpdg","Droite",33,8.94308943089431,3.03030303030303,0,55.5454545454545,56,64.7174010367452,66.6666666666667,9.09090909090909,0,100,100,0,0,100,100,63.3602396795838,66.6666666666667,18.1818181818182,0,19.8787878787879,19
2007,"artisancommercantpdg","ECO/SOC/RAD",3,1.42857142857143,66.6666666666667,100,51.6666666666667,51,67.5824175824176,64.2857142857143,0,0,100,100,0,0,100,100,67.5824175824176,64.2857142857143,100,100,18,18
2007,"cadsupprive","Centre",8,30.7692307692308,0,0,50.75,50,70.0597534266432,65.7657657657658,0,0,100,100,0,0,100,100,70.0597534266432,65.7657657657658,0,0,17.625,18
2007,"cadsupprive","COM/LFI",1,3.84615384615385,0,0,72,72,53.3333333333333,53.3333333333333,0,0,100,100,0,0,100,100,53.3333333333333,53.3333333333333,0,0,24,24
2007,"cadsupprive","Droite",74,20.0542005420054,17.5675675675676,0,54.7837837837838,55,64.5708394726803,67.948717948718,14.8648648648649,0,100,100,0,0,97.2972972972973,100,63.3213596947322,66.6666666666667,22.972972972973,0,19.3378378378378,19
2007,"cadsupprive","ECO/SOC/RAD",17,8.09523809523809,23.5294117647059,0,55,56,72.5179607984023,78.9473684210526,23.5294117647059,0,100,100,0,0,100,100,67.8356668281826,72.972972972973,23.5294117647059,0,21.2352941176471,24
2007,"cadsuppub","Centre",9,34.6153846153846,0,0,59,57,65.3026363802226,62.0689655172414,33.3333333333333,0,100,100,0,0,88.8888888888889,100,63.3581919357781,62.0689655172414,0,0,21.7777777777778,22
2007,"cadsuppub","COM/LFI",5,19.2307692307692,0,0,60.6,59,70.7826797385621,80,0,0,100,100,0,0,100,100,70.7826797385621,80,0,0,25,24
2007,"cadsuppub","Droite",91,24.6612466124661,14.2857142857143,0,56.2197802197802,58,60.4999887289366,60,35.1648351648352,0,100,100,0,0,93.4065934065934,100,57.2955027825007,56.25,21.978021978022,0,18.956043956044,18
2007,"cadsuppub","ECO/SOC/RAD",88,41.9047619047619,22.7272727272727,0,56.0568181818182,57.5,68.1620748984362,70.5882352941177,32.9545454545455,0,100,100,0,0,96.5909090909091,100,64.4016940003628,67.6190476190476,35.2272727272727,0,21.0113636363636,24
2007,"cadsuppub","Non-inscrits",3,37.5,0,0,54.3333333333333,56,64.3667861409797,66.6666666666667,66.6666666666667,100,100,100,0,0,100,100,57.9663765147636,57.1428571428571,33.3333333333333,0,18.3333333333333,14
2007,"collab","Centre",4,15.3846153846154,0,0,43.5,44,100,100,100,100,0,0,0,0,100,100,84.7437888198758,81.9875776397515,25,0,18.5,19
2007,"collab","COM/LFI",2,7.69230769230769,50,50,46,46,75.7575757575758,75.7575757575758,50,50,0,0,0,0,100,100,59.0909090909091,59.0909090909091,50,50,13,13
2007,"collab","Droite",50,13.550135501355,12,0,49.82,49,81.5588330813678,87.6518218623482,94,100,0,0,0,0,98,100,62.9865255332518,64.1876430205949,30,0,20.4,20
2007,"collab","ECO/SOC/RAD",35,16.6666666666667,20,0,49.8285714285714,53,86.940445539488,90,91.4285714285714,100,0,0,0,0,88.5714285714286,100,60.6634932303188,69.2307692307692,31.4285714285714,0,21.4285714285714,23
2007,"collab","Non-inscrits",1,12.5,100,100,44,44,94.7368421052632,94.7368421052632,100,100,0,0,0,0,100,100,94.7368421052632,94.7368421052632,0,0,18,18
2007,"employe","COM/LFI",3,11.5384615384615,33.3333333333333,0,59.3333333333333,61,64.1741741741742,83.3333333333333,33.3333333333333,0,0,0,100,100,100,100,64.1741741741742,83.3333333333333,0,0,23,30
2007,"employe","Droite",3,0.813008130081301,66.6666666666667,100,50.3333333333333,51,71.7948717948718,69.2307692307692,0,0,0,0,100,100,100,100,71.7948717948718,69.2307692307692,33.3333333333333,0,18,18
2007,"employe","ECO/SOC/RAD",2,0.952380952380952,100,100,57.5,57.5,54.6489563567362,54.6489563567362,0,0,0,0,100,100,100,100,54.6489563567362,54.6489563567362,0,0,18,18
2007,"NA","Centre",1,3.84615384615385,100,100,75,75,66.6666666666667,66.6666666666667,0,0,0,0,0,0,100,100,66.6666666666667,66.6666666666667,100,100,30,30
2007,"NA","Droite",8,2.1680216802168,50,50,48.875,50.5,69.4548611111111,81.9444444444445,25,0,0,0,0,0,87.5,100,65.6087072649573,81.9444444444445,50,50,17.375,18
2007,"ouvrier","COM/LFI",2,7.69230769230769,0,0,61.5,61.5,78.3410138248848,78.3410138248848,0,0,0,0,100,100,100,100,78.3410138248848,78.3410138248848,50,50,29,29
2007,"ouvrier","Droite",1,0.2710027100271,0,0,67,67,100,100,0,0,0,0,100,100,100,100,100,100,0,0,42,42
2007,"ouvrier","ECO/SOC/RAD",2,0.952380952380952,0,0,58.5,58.5,59.6774193548387,59.6774193548387,0,0,0,0,100,100,100,100,59.6774193548387,59.6774193548387,50,50,21,21
2007,"profinter","Centre",1,3.84615384615385,0,0,62,62,81.0810810810811,81.0810810810811,0,0,0,0,100,100,100,100,81.0810810810811,81.0810810810811,100,100,30,30
2007,"profinter","COM/LFI",12,46.1538461538462,25,0,58.3333333333333,59,75.3921769620892,77.5240384615385,0,0,0,0,100,100,100,100,75.3921769620892,77.5240384615385,41.6666666666667,0,25.25,24.5
2007,"profinter","Droite",29,7.85907859078591,31.0344827586207,0,51.6896551724138,53,65.0338090996189,70.5882352941177,17.2413793103448,0,0,0,100,100,93.1034482758621,100,64.4590964559408,70.5882352941177,20.6896551724138,0,18.0344827586207,18
2007,"profinter","ECO/SOC/RAD",36,17.1428571428571,41.6666666666667,0,57.25,57.5,61.5602309974006,65.3846153846154,8.33333333333333,0,0,0,100,100,100,100,59.1940786312482,63.0857648099028,50,50,20.1944444444444,19.5
2007,"profinter","Non-inscrits",2,25,0,0,46.5,46.5,100,100,0,0,0,0,100,100,100,100,100,100,50,50,21.5,21.5
2007,"proflib","Centre",2,7.69230769230769,0,0,48,48,75,75,0,0,100,100,0,0,100,100,75,75,50,50,17,17
2007,"proflib","COM/LFI",1,3.84615384615385,100,100,60,60,100,100,0,0,100,100,0,0,100,100,100,100,0,0,35,35
2007,"proflib","Droite",67,18.1571815718157,14.9253731343284,0,58.044776119403,59,62.7504209350802,66.6666666666667,5.97014925373134,0,100,100,0,0,98.5074626865672,100,61.8774513179705,66.6666666666667,20.8955223880597,0,20.6865671641791,22
2007,"proflib","ECO/SOC/RAD",22,10.4761904761905,22.7272727272727,0,55.5454545454545,56.5,57.1540499656716,51.0869565217392,18.1818181818182,0,100,100,0,0,90.9090909090909,100,55.3084806742819,51.0869565217392,31.8181818181818,0,17.5909090909091,15.5
2007,"proflib","Non-inscrits",2,25,0,0,52,52,87.7840909090909,87.7840909090909,50,50,100,100,0,0,100,100,76.4204545454546,76.4204545454546,50,50,24,24
2007,"Total","Centre",26,100,3.84615384615385,0,54.0384615384615,53.5,72.3869466805388,70,26.9230769230769,0,76.9230769230769,100,3.84615384615385,0,96.1538461538462,100,69.366760345135,70,19.2307692307692,0,19.9230769230769,18
2007,"Total","COM/LFI",26,100,23.0769230769231,0,58.7692307692308,59,73.564329125333,79.0625,7.69230769230769,0,26.9230769230769,0,65.3846153846154,100,100,100,72.2822778432817,77.5240384615385,26.9230769230769,0,24.6153846153846,24
2007,"Total","Droite",369,100,15.7181571815718,0,54.7344173441734,56,65.8551068847921,68.4210526315789,28.1842818428184,0,75.3387533875339,100,8.94308943089431,0,96.2059620596206,100,61.8892632840654,64.2857142857143,23.8482384823848,0,19.5528455284553,19
2007,"Total","ECO/SOC/RAD",210,100,27.1428571428571,0,55.0714285714286,56,68.7597627692209,72.10433244916,34.2857142857143,0,64.2857142857143,100,19.047619047619,0,95.7142857142857,100,61.8264777361867,66.6666666666667,37.1428571428571,0,20.4285714285714,21
2007,"Total","Non-inscrits",8,100,12.5,0,50.5,49.5,82.925672793298,92.0362903225806,50,50,62.5,100,25,0,100,100,77.6846100925579,87.1975806451613,37.5,0,20.5,18
2012,"agri","Droite",7,3.46534653465347,0,0,57.1428571428571,56,76.8016477278148,76.0869565217391,0,0,100,100,0,0,100,100,76.8016477278148,76.0869565217391,14.2857142857143,0,24,23
2012,"agri","ECO/SOC/RAD",11,3.01369863013699,45.4545454545455,0,58.7272727272727,58,47.714912892523,48.5714285714286,0,0,100,100,0,0,90.9090909090909,100,47.714912892523,48.5714285714286,54.5454545454545,100,16.5454545454545,17
2012,"artisancommercantpdg","Centre",1,3.125,0,0,50,50,16,16,0,0,100,100,0,0,100,100,16,16,100,100,4,4
2012,"artisancommercantpdg","COM/LFI",1,6.66666666666667,0,0,51,51,30.7692307692308,30.7692307692308,0,0,100,100,0,0,100,100,30.7692307692308,30.7692307692308,100,100,8,8
2012,"artisancommercantpdg","Droite",15,7.42574257425743,0,0,58.4,59,62.836514971532,63.0434782608696,6.66666666666667,0,100,100,0,0,100,100,62.836514971532,63.0434782608696,6.66666666666667,0,20.8,23
2012,"artisancommercantpdg","ECO/SOC/RAD",5,1.36986301369863,60,100,48.8,54,45.4933427714295,40,0,0,100,100,0,0,100,100,45.4933427714295,40,60,100,11.8,11
2012,"artisancommercantpdg","Non-inscrits",1,11.1111111111111,0,0,57,57,100,100,0,0,100,100,0,0,100,100,100,100,0,0,32,32
2012,"cadsupprive","Centre",9,28.125,11.1111111111111,0,52.4444444444444,51,56.8596366684231,69.047619047619,0,0,100,100,0,0,77.7777777777778,100,56.8596366684231,69.047619047619,33.3333333333333,0,17.1111111111111,23
2012,"cadsupprive","Droite",41,20.2970297029703,9.75609756097561,0,55.4146341463415,56,75.2009395399068,79.3103448275862,29.2682926829268,0,100,100,0,0,95.1219512195122,100,71.0582448895182,71.4285714285714,14.6341463414634,0,22.3658536585366,23
2012,"cadsupprive","ECO/SOC/RAD",57,15.6164383561644,24.5614035087719,0,53.859649122807,54,57.436127927074,64,29.8245614035088,0,100,100,0,0,85.9649122807018,100,52.3009109331312,56.0975609756098,57.8947368421053,100,17.7543859649123,19
2012,"cadsupprive","Non-inscrits",1,11.1111111111111,100,100,49,49,95.8333333333333,95.8333333333333,100,100,100,100,0,0,100,100,95.8333333333333,95.8333333333333,0,0,23,23
2012,"cadsuppub","Centre",5,15.625,0,0,58.8,60,83.4964166268514,88.4615384615385,60,100,100,100,0,0,100,100,83.4964166268514,88.4615384615385,0,0,28,26
2012,"cadsuppub","COM/LFI",5,33.3333333333333,0,0,63.6,62,72.8402439706788,83.3333333333333,0,0,100,100,0,0,100,100,72.8402439706788,83.3333333333333,20,0,28.8,35
2012,"cadsuppub","Droite",51,25.2475247524752,17.6470588235294,0,53.8039215686275,54,62.3470737264389,66.6666666666667,39.2156862745098,0,100,100,0,0,94.1176470588235,100,57.6351680850691,60.5263157894737,29.4117647058824,0,18.6274509803922,19
2012,"cadsuppub","ECO/SOC/RAD",106,29.041095890411,35.8490566037736,0,54.311320754717,55.5,57.2357157658775,64.3650793650794,31.1320754716981,0,100,100,0,0,90.5660377358491,100,53.3596580025333,58.7221095334685,55.6603773584906,100,17.2641509433962,17
2012,"cadsuppub","Non-inscrits",2,22.2222222222222,0,0,60,60,66.0839160839161,66.0839160839161,50,50,100,100,0,0,100,100,62.2377622377623,62.2377622377623,0,0,22.5,22.5
2012,"collab","Centre",9,28.125,0,0,50.4444444444444,52,94.5672660981337,100,88.8888888888889,100,0,0,0,0,100,100,77.7861595768838,82.7586206896552,11.1111111111111,0,25,27
2012,"collab","COM/LFI",3,20,33.3333333333333,0,51.3333333333333,47,68.341307814992,68.1818181818182,66.6666666666667,100,0,0,0,0,100,100,55.2631578947369,57.8947368421053,66.6666666666667,100,17.3333333333333,15
2012,"collab","Droite",25,12.3762376237624,4,0,49.88,50,90.9934157026572,95.6521739130435,100,100,0,0,0,0,100,100,72.0127532257295,79.3103448275862,28,0,22.64,24
2012,"collab","ECO/SOC/RAD",63,17.2602739726027,25.3968253968254,0,46.015873015873,44,78.3662845723544,86.6666666666667,96.8253968253968,100,0,0,0,0,88.8888888888889,100,49.5065504978524,44.4444444444444,60.3174603174603,100,16.6031746031746,15
2012,"collab","Non-inscrits",2,22.2222222222222,50,50,44,44,88.4615384615385,88.4615384615385,50,50,0,0,0,0,100,100,55.1282051282051,55.1282051282051,50,50,16,16
2012,"employe","Centre",1,3.125,100,100,64,64,43.5897435897436,43.5897435897436,0,0,0,0,100,100,100,100,43.5897435897436,43.5897435897436,100,100,17,17
2012,"employe","COM/LFI",1,6.66666666666667,0,0,60,60,65.7142857142857,65.7142857142857,0,0,0,0,100,100,100,100,65.7142857142857,65.7142857142857,0,0,23,23
2012,"employe","ECO/SOC/RAD",4,1.0958904109589,25,0,53.75,52.5,25.629052460949,24.8931623931624,0,0,0,0,100,100,75,100,25.629052460949,24.8931623931624,25,0,7.25,8
2012,"NA","Droite",8,3.96039603960396,62.5,100,56.5,56.5,79.3341249515645,89.0625,25,0,0,0,0,0,100,100,76.1083184999516,89.0625,12.5,0,24.625,23
2012,"NA","ECO/SOC/RAD",4,1.0958904109589,50,50,63,65,39.3632180827303,40.8692933083177,25,0,0,0,0,0,100,100,39.3632180827303,40.8692933083177,100,100,14.5,13.5
2012,"NA","Non-inscrits",2,22.2222222222222,50,50,31.5,31.5,0,0,0,0,0,0,0,0,0,0,0,0,100,100,0,0
2012,"profinter","Centre",4,12.5,0,0,52,47,63.6363636363637,77.2727272727273,0,0,0,0,100,100,75,100,63.6363636363637,77.2727272727273,50,50,13.75,17
2012,"profinter","COM/LFI",4,26.6666666666667,25,0,66.25,66.5,77.0085590817298,83.2234673698088,0,0,0,0,100,100,100,100,77.0085590817298,83.2234673698088,25,0,31.5,32.5
2012,"profinter","Droite",15,7.42574257425743,33.3333333333333,0,56.3333333333333,55,56.2027993834443,63.8888888888889,13.3333333333333,0,0,0,100,100,86.6666666666667,100,56.0578718472125,63.0434782608696,6.66666666666667,0,18,20
2012,"profinter","ECO/SOC/RAD",82,22.4657534246575,51.219512195122,100,57.2439024390244,57,53.7278119239991,54.0775401069519,12.1951219512195,0,0,0,100,100,95.1219512195122,100,51.8506117220236,50,59.7560975609756,100,17.8536585365854,17
2012,"proflib","Centre",3,9.375,0,0,59,61,73.2939836388112,66.6666666666667,33.3333333333333,0,100,100,0,0,100,100,72.3680577128853,63.8888888888889,0,0,25.3333333333333,24
2012,"proflib","COM/LFI",1,6.66666666666667,100,100,65,65,100,100,0,0,100,100,0,0,100,100,100,100,0,0,40,40
2012,"proflib","Droite",40,19.8019801980198,7.5,0,58.375,60.5,66.0356173920514,63.0032206119163,5,0,100,100,0,0,100,100,65.9314507253847,63.0032206119163,15,0,22.2,23
2012,"proflib","ECO/SOC/RAD",33,9.04109589041096,33.3333333333333,0,56.6060606060606,60,60.4919159960984,60.7142857142857,12.1212121212121,0,100,100,0,0,96.969696969697,100,59.3725056906416,60.7142857142857,33.3333333333333,0,19.6666666666667,17
2012,"proflib","Non-inscrits",1,11.1111111111111,0,0,64,64,0,0,0,0,100,100,0,0,0,0,0,0,100,100,0,0
2012,"Total","Centre",32,100,6.25,0,53.71875,52.5,72.3231674089031,80.2801724137931,37.5,0,56.25,100,15.625,0,90.625,100,67.516675644246,77.2077922077922,25,0,20.96875,23
2012,"Total","COM/LFI",15,100,20,0,60.8666666666667,62,71.582859740587,81.0810810810811,13.3333333333333,0,46.6666666666667,0,33.3333333333333,0,100,100,68.967229756536,81.0810810810811,33.3333333333333,0,26.2,29
2012,"Total","Droite",202,100,13.3663366336634,0,55.3019801980198,56,69.9855129626976,71.4285714285714,31.6831683168317,0,76.2376237623762,100,7.42574257425743,0,96.5346534653465,100,65.4467938457568,66.260162601626,18.8118811881188,0,21.1287128712871,23
2012,"Total","ECO/SOC/RAD",365,100,36.1643835616438,0,53.8219178082192,55,59.4305061221188,64.2857142857143,34.5205479452055,0,58.0821917808219,100,23.5616438356164,0,91.2328767123288,100,51.9987151771738,53.5714285714286,55.8904109589041,100,17.3397260273973,17
2012,"Total","Non-inscrits",9,100,33.3333333333333,0,49,51,63.1155303030303,75,33.3333333333333,0,55.5555555555556,100,0,0,66.6666666666667,100,53.8206585081585,62.2377622377623,44.4444444444444,0,14.6666666666667,19
2017,"agri","Centre",6,1.6260162601626,33.3333333333333,0,49.1666666666667,51.5,39.2650186071239,46.7424242424242,0,0,100,100,0,0,66.6666666666667,100,39.2650186071239,46.7424242424242,83.3333333333333,100,13.1666666666667,12.5
2017,"agri","Droite",8,5.92592592592593,0,0,59.75,60,78.7402882091016,80.4310344827586,0,0,100,100,0,0,100,100,78.7402882091016,80.4310344827586,25,0,27.375,26.5
2017,"agri","ECO/SOC/RAD",1,3.2258064516129,0,0,53,53,57.1428571428571,57.1428571428571,0,0,100,100,0,0,100,100,57.1428571428571,57.1428571428571,0,0,16,16
2017,"artisancommercantpdg","Centre",53,14.3631436314363,37.7358490566038,0,48.4150943396226,48,13.9864079307008,0,9.43396226415094,0,100,100,0,0,43.3962264150943,0,13.3804656188379,0,94.3396226415094,100,3.62264150943396,0
2017,"artisancommercantpdg","COM/LFI",3,9.09090909090909,0,0,54.3333333333333,56,25.1890658086516,20.5882352941176,33.3333333333333,0,100,100,0,0,66.6666666666667,100,20.8412397216951,20.5882352941176,66.6666666666667,100,7.66666666666667,7
2017,"artisancommercantpdg","Droite",10,7.40740740740741,20,0,54,54,68.9352804833284,70.5673758865248,40,0,100,100,0,0,90,100,66.3008718811778,70.5673758865248,20,0,21.6,22
2017,"cadsupprive","Centre",100,27.10027100271,45,0,43.74,42.5,18.0085415566923,0,16,0,100,100,0,0,37,0,13.6870318756314,0,93,100,4.24,0
2017,"cadsupprive","COM/LFI",3,9.09090909090909,33.3333333333333,0,37.3333333333333,42,19.6078431372549,0,33.3333333333333,0,100,100,0,0,33.3333333333333,0,13.7254901960784,0,100,100,3.33333333333333,0
2017,"cadsupprive","Droite",23,17.037037037037,13.0434782608696,0,54.2608695652174,57,65.681511418493,64.7058823529412,13.0434782608696,0,100,100,0,0,95.6521739130435,100,64.5945548967539,64.7058823529412,30.4347826086957,0,18.2173913043478,16
2017,"cadsupprive","ECO/SOC/RAD",3,9.67741935483871,66.6666666666667,100,57.6666666666667,61,60.1500521329163,61.1111111111111,0,0,100,100,0,0,66.6666666666667,100,60.1500521329163,61.1111111111111,33.3333333333333,0,22.3333333333333,22
2017,"cadsupprive","Non-inscrits",2,11.7647058823529,50,50,46.5,46.5,23.6842105263158,23.6842105263158,0,0,100,100,0,0,50,50,23.6842105263158,23.6842105263158,100,100,4.5,4.5
2017,"cadsuppub","Centre",69,18.6991869918699,50.7246376811594,100,49.695652173913,50,26.3118146812146,16.6666666666667,11.5942028985507,0,100,100,0,0,60.8695652173913,100,24.7618645421736,15,88.4057971014493,100,7.10144927536232,3
2017,"cadsuppub","COM/LFI",8,24.2424242424242,25,0,49.75,53,33.0221861471861,13.6363636363636,12.5,0,100,100,0,0,50,50,27.8138528138528,13.6363636363636,75,100,11.625,4.5
2017,"cadsuppub","Droite",31,22.962962962963,16.1290322580645,0,54.741935483871,53,62.5336837616573,61.1111111111111,25.8064516129032,0,100,100,0,0,96.7741935483871,100,60.1681352217007,60,25.8064516129032,0,19.0645161290323,16
2017,"cadsuppub","ECO/SOC/RAD",9,29.0322580645161,33.3333333333333,0,54.2222222222222,53,61.7043279267096,66.6666666666667,33.3333333333333,0,100,100,0,0,88.8888888888889,100,55.1030207371671,65,22.2222222222222,0,17.5555555555556,19
2017,"cadsuppub","Non-inscrits",4,23.5294117647059,25,0,58,57.5,57.6746134280754,62.1139327385038,25,0,100,100,0,0,100,100,56.061710202269,58.8881262868909,25,0,17.75,19
2017,"collab","Centre",34,9.21409214092141,41.1764705882353,0,44.0294117647059,45.5,77.1421329281521,80.5429864253394,100,100,0,0,0,0,64.7058823529412,100,37.881223013707,33.2173913043478,76.4705882352941,100,14.2941176470588,15
2017,"collab","COM/LFI",7,21.2121212121212,28.5714285714286,0,53,52,75.0363114497865,76.6666666666667,85.7142857142857,100,0,0,0,0,100,100,55.7221280710675,62.7906976744186,71.4285714285714,100,21,21
2017,"collab","Droite",30,22.2222222222222,23.3333333333333,0,48.4333333333333,50,91.6266583540417,98.2758620689655,93.3333333333333,100,0,0,0,0,96.6666666666667,100,64.1138588631378,62.5,40,0,21.5666666666667,23
2017,"collab","ECO/SOC/RAD",12,38.7096774193548,33.3333333333333,0,52.3333333333333,52,87.4518245753439,91.1688311688311,91.6666666666667,100,0,0,0,0,91.6666666666667,100,67.8115553674969,68.716577540107,8.33333333333333,0,23.4166666666667,22
2017,"collab","Non-inscrits",6,35.2941176470588,33.3333333333333,0,49,46,82.9983168876554,89.2210144927536,100,100,0,0,0,0,100,100,68.8419152452516,80.2083333333333,83.3333333333333,100,17.8333333333333,18.5
2017,"employe","Centre",2,0.5420054200542,100,100,48,48,17.1428571428571,17.1428571428571,0,0,0,0,100,100,100,100,17.1428571428571,17.1428571428571,100,100,4,4
2017,"employe","COM/LFI",3,9.09090909090909,33.3333333333333,0,51.6666666666667,50,15,0,0,0,0,0,100,100,33.3333333333333,0,15,0,100,100,6,0
2017,"employe","Droite",1,0.740740740740741,100,100,55,55,23.3333333333333,23.3333333333333,0,0,0,0,100,100,100,100,23.3333333333333,23.3333333333333,100,100,7,7
2017,"NA","Centre",4,1.0840108401084,25,0,41,36.5,21.4962121212121,18.75,0,0,0,0,0,0,50,50,21.4962121212121,18.75,100,100,4.75,1.5
2017,"NA","COM/LFI",1,3.03030303030303,100,100,44,44,63.1578947368421,63.1578947368421,100,100,0,0,0,0,100,100,57.8947368421053,57.8947368421053,100,100,12,12
2017,"NA","Droite",4,2.96296296296296,50,50,43.25,41,90.7142857142857,100,0,0,0,0,0,0,100,100,90.7142857142857,100,25,0,15,14
2017,"NA","Non-inscrits",1,5.88235294117647,0,0,24,24,NA,NA,0,0,0,0,0,0,100,100,NA,NA,100,100,0,0
2017,"profinter","Centre",53,14.3631436314363,66.0377358490566,100,48.5283018867925,48,21.5453148868562,15.1515151515152,5.66037735849057,0,0,0,100,100,60.377358490566,100,19.6087320776319,12.5,94.3396226415094,100,5.77358490566038,3
2017,"profinter","COM/LFI",8,24.2424242424242,37.5,0,48.5,49.5,36.0369532428356,20.1282051282051,0,0,0,0,100,100,62.5,100,36.0369532428356,20.1282051282051,75,100,12.5,4.5
2017,"profinter","Droite",14,10.3703703703704,42.8571428571429,0,50.4285714285714,50,67.1011412195396,66.6666666666667,7.14285714285714,0,0,0,100,100,100,100,67.1011412195396,66.6666666666667,64.2857142857143,100,16.7142857142857,17.5
2017,"profinter","ECO/SOC/RAD",3,9.67741935483871,33.3333333333333,0,62.6666666666667,61,57.037037037037,45.7142857142857,33.3333333333333,0,0,0,100,100,100,100,57.037037037037,45.7142857142857,33.3333333333333,0,22,16
2017,"profinter","Non-inscrits",1,5.88235294117647,0,0,62,62,100,100,0,0,0,0,100,100,100,100,100,100,0,0,37,37
2017,"proflib","Centre",48,13.0081300813008,35.4166666666667,0,49.2083333333333,47,25.7196390856433,15.8333333333333,2.08333333333333,0,100,100,0,0,60.4166666666667,100,25.5807501967544,15.8333333333333,85.4166666666667,100,8.04166666666667,3
2017,"proflib","Droite",14,10.3703703703704,35.7142857142857,0,56.4285714285714,55,48.8379746744445,49.7751124437781,7.14285714285714,0,100,100,0,0,100,100,48.288524124994,49.7751124437781,57.1428571428571,100,16,14.5
2017,"proflib","ECO/SOC/RAD",3,9.67741935483871,66.6666666666667,100,62,61,60.7662647985229,59.0909090909091,33.3333333333333,0,100,100,0,0,100,100,56.2208102530683,45.4545454545455,0,0,22,26
2017,"proflib","Non-inscrits",3,17.6470588235294,0,0,64.3333333333333,69,27.5429808286951,11.3636363636364,0,0,100,100,0,0,100,100,27.5429808286951,11.3636363636364,33.3333333333333,0,12.6666666666667,5
2017,"Total","Centre",369,100,46.3414634146341,0,47.0325203252033,47,26.3672192506036,15.1515151515152,18.1571815718157,0,74.7967479674797,100,14.9051490514905,0,52.3035230352304,100,20.899246652475,8.82352941176471,89.9728997289973,100,6.4769647696477,3
2017,"Total","COM/LFI",33,100,30.3030303030303,0,49.4242424242424,49,40.0083611164618,34.7826086956522,30.3030303030303,0,42.4242424242424,0,33.3333333333333,0,63.6363636363636,100,33.5592809559517,27.2727272727273,78.7878787878788,100,12.2121212121212,9
2017,"Total","Droite",135,100,22.962962962963,0,52.8888888888889,54,70.5676438449653,72.3404255319149,33.3333333333333,0,63.7037037037037,100,11.1111111111111,0,97.037037037037,100,63.4731817473388,64.7058823529412,37.037037037037,0,19.3851851851852,20
2017,"Total","ECO/SOC/RAD",31,100,38.7096774193548,0,55.3548387096774,56,70.8310892029935,76.1904761904762,51.6129032258064,100,51.6129032258064,100,9.67741935483871,0,90.3225806451613,100,60.8720131114964,64.1025641025641,16.1290322580645,0,21.0967741935484,22
2017,"Total","Non-inscrits",17,100,23.5294117647059,0,52.8235294117647,49,59.9178574110595,70.3423304805793,41.1764705882353,0,52.9411764705882,100,5.88235294117647,0,94.1176470588235,100,54.2059809887064,64.9659863945579,58.8235294117647,100,15.4117647058824,16
2022,"agri","Centre",5,1.92307692307692,40,0,50.6,54,58.2986085904416,56,0,0,100,100,0,0,80,100,58.2986085904416,56,20,0,13.8,14
2022,"agri","Droite",3,3.2258064516129,0,0,64.6666666666667,67,82.3529411764706,97.0588235294118,0,0,100,100,0,0,100,100,82.3529411764706,97.0588235294118,0,0,32.3333333333333,33
2022,"agri","ECO/SOC/RAD",1,1.85185185185185,0,0,58,58,63.6363636363636,63.6363636363636,0,0,100,100,0,0,100,100,63.6363636363636,63.6363636363636,0,0,21,21
2022,"agri","Extrême-droite",2,2.24719101123596,0,0,46.5,46.5,42.0698924731182,42.0698924731182,0,0,100,100,0,0,100,100,42.0698924731182,42.0698924731182,100,100,7.5,7.5
2022,"artisancommercantpdg","Centre",32,12.3076923076923,37.5,0,52.8125,52.5,37.4320416971426,34.0579710144928,6.25,0,100,100,0,0,68.75,100,36.673113125714,32.6666666666667,12.5,0,9.96875,8
2022,"artisancommercantpdg","COM/LFI",4,4.12371134020619,50,50,51.25,49,31.7200854700855,32.8846153846154,50,50,100,100,0,0,100,100,30.3311965811966,32.8846153846154,50,50,8.75,9.5
2022,"artisancommercantpdg","Droite",8,8.60215053763441,12.5,0,56.625,57.5,53.8047345374932,55.615763546798,25,0,100,100,0,0,100,100,51.038929939792,48.7192118226601,37.5,0,18.625,17.5
2022,"artisancommercantpdg","Extrême-droite",8,8.98876404494382,25,0,52.625,48,41.7729245345524,37.5925925925926,12.5,0,100,100,0,0,75,100,41.7729245345524,37.5925925925926,100,100,9.5,7
2022,"cadsupprive","Centre",70,26.9230769230769,44.2857142857143,0,48.3714285714286,47,40.6127642984661,33.9743589743589,22.8571428571429,0,100,100,0,0,57.1428571428571,100,38.0233258379498,33.3333333333333,30,0,8.75714285714286,5
2022,"cadsupprive","COM/LFI",9,9.27835051546392,33.3333333333333,0,40.6666666666667,36,23.5198761811665,6.45161290322581,11.1111111111111,0,100,100,0,0,22.2222222222222,0,17.9643206256109,6.45161290322581,77.7777777777778,100,2.22222222222222,2
2022,"cadsupprive","Droite",16,17.2043010752688,31.25,0,48.4375,51.5,61.4858856593112,58.3333333333333,12.5,0,100,100,0,0,75,100,59.0336287148668,58.3333333333333,25,0,12.8125,12.5
2022,"cadsupprive","ECO/SOC/RAD",9,16.6666666666667,33.3333333333333,0,55.8888888888889,52,50.9934916527057,48,22.2222222222222,0,100,100,0,0,77.7777777777778,100,42.0488327080468,41.6666666666667,33.3333333333333,0,16.3333333333333,12
2022,"cadsupprive","Extrême-droite",11,12.3595505617978,27.2727272727273,0,49.6363636363636,53,33.3333558272785,31.8181818181818,36.3636363636364,0,100,100,0,0,72.7272727272727,100,23.5082377635241,7.14285714285714,100,100,7,7
2022,"cadsupprive","Non-inscrits",1,25,100,100,54,54,17.2413793103448,17.2413793103448,0,0,100,100,0,0,0,0,17.2413793103448,17.2413793103448,0,0,5,5
2022,"cadsuppub","Centre",53,20.3846153846154,30.188679245283,0,51.9245283018868,53,44.777241402314,42.8571428571429,22.6415094339623,0,100,100,0,0,71.6981132075472,100,41.3704066520159,34.7826086956522,39.622641509434,0,12.0943396226415,8
2022,"cadsuppub","COM/LFI",25,25.7731958762887,44,0,44.68,43,27.9680009306127,8.33333333333333,20,0,100,100,0,0,40,0,26.1154460249732,8.33333333333333,76,100,7.84,1
2022,"cadsuppub","Droite",13,13.9784946236559,15.3846153846154,0,51.0769230769231,53,57.702160253755,53.8461538461538,23.0769230769231,0,100,100,0,0,76.9230769230769,100,55.9283243335776,53.8461538461538,38.4615384615385,0,17,14
2022,"cadsuppub","ECO/SOC/RAD",20,37.037037037037,50,50,48.7,49.5,47.1030680069838,45.8041958041958,35,0,100,100,0,0,90,100,44.4593514294437,40.5882352941177,70,100,12.1,10.5
2022,"cadsuppub","Extrême-droite",7,7.86516853932584,28.5714285714286,0,51,49,36.215593473658,25.8064516129032,28.5714285714286,0,100,100,0,0,85.7142857142857,100,35.0251172831818,25.8064516129032,100,100,5.57142857142857,8
2022,"cadsuppub","Non-inscrits",1,25,0,0,61,61,80.5555555555556,80.5555555555556,100,100,100,100,0,0,100,100,75,75,0,0,29,29
2022,"collab","Centre",41,15.7692307692308,36.5853658536585,0,45.390243902439,46,83.9664468134254,93.3333333333333,92.6829268292683,100,0,0,0,0,70.7317073170732,100,51.2315484597597,54.0540540540541,41.4634146341463,0,16.7560975609756,17
2022,"collab","COM/LFI",15,15.4639175257732,13.3333333333333,0,42.9333333333333,41,77.5929595627872,80,93.3333333333333,100,0,0,0,0,73.3333333333333,100,35.607366611677,28.5714285714286,53.3333333333333,100,13.4666666666667,13
2022,"collab","Droite",22,23.6559139784946,31.8181818181818,0,46.5,50,90.1720768683407,96.6629588431591,100,100,0,0,0,0,90.9090909090909,100,61.9869880627381,60.7692307692307,22.7272727272727,0,19.0454545454545,19.5
2022,"collab","ECO/SOC/RAD",16,29.6296296296296,43.75,0,45.25,45.5,77.5840371672681,80.98223615465,87.5,100,0,0,0,0,62.5,100,38.8919847507923,45.350052246604,62.5,100,15.5,15
2022,"collab","Extrême-droite",21,23.5955056179775,9.52380952380952,0,37.3809523809524,35,84.6348069008167,88.8888888888889,100,100,0,0,0,0,85.7142857142857,100,54.2138746825794,57.1428571428571,80.9523809523809,100,9.85714285714286,8
2022,"collab","Non-inscrits",2,50,50,50,60,60,98.5294117647059,98.5294117647059,100,100,0,0,0,0,100,100,94.3627450980393,94.3627450980393,0,0,34.5,34.5
2022,"employe","Centre",1,0.384615384615385,100,100,55,55,33.3333333333333,33.3333333333333,0,0,0,0,100,100,100,100,33.3333333333333,33.3333333333333,0,0,10,10
2022,"employe","COM/LFI",14,14.4329896907216,50,50,44,43.5,21.4248472233962,15.3846153846154,14.2857142857143,0,0,0,100,100,35.7142857142857,0,18.7853298779965,0,85.7142857142857,100,5.28571428571429,1
2022,"employe","Droite",2,2.1505376344086,100,100,57,57,41.2807881773399,41.2807881773399,0,0,0,0,100,100,100,100,41.2807881773399,41.2807881773399,50,50,13,13
2022,"employe","Extrême-droite",10,11.2359550561798,40,0,44.6,45.5,20.6792929292929,15.1388888888889,30,0,0,0,100,100,60,100,18.8611111111111,8.33333333333334,100,100,3.5,1.5
2022,"NA","Centre",3,1.15384615384615,66.6666666666667,100,60.3333333333333,63,60.1754385964912,55.2631578947368,0,0,0,0,0,0,100,100,60.1754385964912,55.2631578947368,66.6666666666667,100,21,21
2022,"NA","COM/LFI",3,3.09278350515464,33.3333333333333,0,31,22,70.8333333333333,70.8333333333333,33.3333333333333,0,0,0,0,0,33.3333333333333,0,66.6666666666667,66.6666666666667,66.6666666666667,100,5.66666666666667,0
2022,"NA","Droite",2,2.1505376344086,50,50,58,58,100,100,50,50,0,0,0,0,100,100,100,100,0,0,33,33
2022,"NA","Extrême-droite",3,3.37078651685393,100,100,43.3333333333333,46,41.2910052910053,38.0952380952381,0,0,0,0,0,0,100,100,41.2910052910053,38.0952380952381,100,100,5.66666666666667,7
2022,"ouvrier","Centre",1,0.384615384615385,0,0,51,51,19.2307692307692,19.2307692307692,0,0,0,0,100,100,100,100,19.2307692307692,19.2307692307692,100,100,5,5
2022,"ouvrier","COM/LFI",3,3.09278350515464,33.3333333333333,0,39,39,7.53968253968254,8.33333333333333,0,0,0,0,100,100,66.6666666666667,100,7.53968253968254,8.33333333333333,100,100,1.33333333333333,2
2022,"ouvrier","Extrême-droite",4,4.49438202247191,50,50,39.5,40.5,3.61856108982546,3.44827586206897,0,0,0,0,100,100,75,100,3.61856108982546,3.44827586206897,100,100,0.75,0.5
2022,"profinter","Centre",26,10,50,50,54.2692307692308,53,35.7753704563808,34.8484848484848,15.3846153846154,0,0,0,100,100,73.0769230769231,100,33.4509557406617,31.5136476426799,30.7692307692308,0,10.2692307692308,8
2022,"profinter","COM/LFI",22,22.680412371134,36.3636363636364,0,49.1363636363636,46.5,29.0866900281218,25.1709986320109,0,0,0,0,100,100,63.6363636363636,100,29.0866900281218,25.1709986320109,77.2727272727273,100,7.27272727272727,5
2022,"profinter","Droite",11,11.8279569892473,36.3636363636364,0,52.3636363636364,52,66.4368031944538,69.2307692307692,0,0,0,0,100,100,100,100,66.4368031944538,69.2307692307692,54.5454545454545,100,18.6363636363636,21
2022,"profinter","ECO/SOC/RAD",7,12.962962962963,42.8571428571429,0,51.5714285714286,54,45.8288424164792,44.1860465116279,0,0,0,0,100,100,100,100,45.8288424164792,44.1860465116279,71.4285714285714,100,13,12
2022,"profinter","Extrême-droite",10,11.2359550561798,70,100,45.9,45,17.0176409121642,5.72100313479624,0,0,0,0,100,100,60,100,17.0176409121642,5.72100313479624,90,100,3.6,1.5
2022,"proflib","Centre",28,10.7692307692308,35.7142857142857,0,54.1785714285714,52.5,35.3133341119588,32.3913043478261,7.14285714285714,0,100,100,0,0,60.7142857142857,100,34.9043479368436,29.8913043478261,28.5714285714286,0,11.25,7.5
2022,"proflib","COM/LFI",2,2.06185567010309,50,50,42.5,42.5,37.6811594202899,37.6811594202899,0,0,100,100,0,0,100,100,37.6811594202899,37.6811594202899,100,100,5,5
2022,"proflib","Droite",16,17.2043010752688,43.75,0,50.125,53,63.9486118010125,62.7450980392157,12.5,0,100,100,0,0,93.75,100,61.3097229121236,62.7450980392157,37.5,0,15.5,13
2022,"proflib","ECO/SOC/RAD",1,1.85185185185185,100,100,64,64,35.8974358974359,35.8974358974359,0,0,100,100,0,0,100,100,35.8974358974359,35.8974358974359,0,0,14,14
2022,"proflib","Extrême-droite",13,14.6067415730337,61.5384615384615,100,54.8461538461538,54,20.8998115191185,8,7.69230769230769,0,100,100,0,0,100,100,17.0536576729646,6.89655172413793,100,100,5.69230769230769,2
2022,"Total","Centre",260,100,39.2307692307692,0,50.6038461538462,51,47.3078976814646,42.8571428571429,28.4615384615385,0,72.3076923076923,100,10.7692307692308,0,66.9230769230769,100,40.3843366187728,35.7142857142857,31.9230769230769,0,11.4961538461538,8
2022,"Total","COM/LFI",97,100,37.1134020618557,0,44.5773195876289,44,34.9882823248272,23.2683982683983,25.7731958762887,0,41.2371134020619,0,40.2061855670103,0,52.5773195876289,100,26.795370467167,16.6666666666667,74.2268041237113,100,7.4020618556701,5
2022,"Total","Droite",93,100,31.1827956989247,0,50.7204301075269,53,69.1583746783927,72.4137931034483,34.4086021505376,0,60.2150537634409,100,13.9784946236559,0,89.247311827957,100,61.1291640246238,58.974358974359,32.258064516129,0,17.5913978494624,14
2022,"Total","ECO/SOC/RAD",54,100,44.4444444444444,0,49.7037037037037,50,56.7163532618421,55.126050420168,42.5925925925926,0,57.4074074074074,100,12.962962962963,0,81.4814814814815,100,42.7821106559838,42.2647527910686,59.2592592592593,100,14.1296296296296,12.5
2022,"Total","Extrême-droite",89,100,37.0786516853933,0,46.1573033707865,46,40.9002929756941,32.5757575757575,35.9550561797753,0,46.0674157303371,0,26.9662921348315,0,79.7752808988764,100,31.5431222166096,20.6060606060606,94.3820224719101,100,6.50561797752809,4
2022,"Total","Non-inscrits",4,100,50,50,58.75,60,73.713939598828,88.8071895424837,75,100,50,50,0,0,75,100,70.2417173766058,83.3333333333333,0,0,25.75,31
2024,"agri","Centre",4,2.56410256410256,50,50,51.5,54,54.2906212664277,58.3796296296296,0,0,100,100,0,0,75,100,54.2906212664277,58.3796296296296,0,0,12.5,11.5
2024,"agri","Droite",2,2.56410256410256,0,0,65,65,74.7474747474748,74.7474747474748,0,0,100,100,0,0,100,100,74.7474747474748,74.7474747474748,0,0,29,29
2024,"agri","ECO/SOC/RAD",3,2.9126213592233,33.3333333333333,0,57,57,42.2352216748768,43.75,33.3333333333333,0,100,100,0,0,66.6666666666667,100,36.4880952380952,43.75,66.6666666666667,100,14,14
2024,"agri","Extrême-droite",3,2.12765957446809,33.3333333333333,0,60,61,10.1010101010101,0,0,0,100,100,0,0,33.3333333333333,0,10.1010101010101,0,66.6666666666667,100,3.33333333333333,0
2024,"artisancommercantpdg","Centre",19,12.1794871794872,31.5789473684211,0,53.8947368421053,53,38.7966775147033,38.4615384615385,5.26315789473684,0,100,100,0,0,73.6842105263158,100,38.1387827778612,37.5,0,0,10.5789473684211,10
2024,"artisancommercantpdg","COM/LFI",3,3.33333333333333,66.6666666666667,100,52.6666666666667,47,31.6851441241685,34.1463414634146,33.3333333333333,0,100,100,0,0,100,100,30.0184774575018,34.1463414634146,0,0,9,9
2024,"artisancommercantpdg","Droite",10,12.8205128205128,20,0,55.2,56,54.5464482509075,52.1021021021022,20,0,100,100,0,0,90,100,52.4666519860518,51.743679163034,30,0,17,14
2024,"artisancommercantpdg","ECO/SOC/RAD",2,1.94174757281553,50,50,64.5,64.5,34.3669250645994,34.3669250645994,50,50,100,100,0,0,100,100,28.8113695090439,28.8113695090439,50,50,14,14
2024,"artisancommercantpdg","Extrême-droite",18,12.7659574468085,16.6666666666667,0,51.3333333333333,51.5,30.7869675712813,21.5909090909091,16.6666666666667,0,100,100,0,0,72.2222222222222,100,30.4165972009109,21.5909090909091,61.1111111111111,100,8.11111111111111,6
2024,"artisancommercantpdg","Non-inscrits",2,22.2222222222222,50,50,64.5,64.5,30.532212885154,30.532212885154,0,0,100,100,0,0,50,50,30.532212885154,30.532212885154,0,0,9,9
2024,"cadsupprive","Centre",38,24.3589743589744,34.2105263157895,0,50.9210526315789,51.5,49.4541498595766,48.8095238095238,26.3157894736842,0,100,100,0,0,63.1578947368421,100,47.2007064219226,46.8627450980392,2.63157894736842,0,12.3684210526316,10
2024,"cadsupprive","COM/LFI",7,7.77777777777778,42.8571428571429,0,42.7142857142857,38,30.98348602108,22.2222222222222,14.2857142857143,0,100,100,0,0,28.5714285714286,0,27.6867827243767,22.2222222222222,0,0,4.14285714285714,4
2024,"cadsupprive","Droite",18,23.0769230769231,27.7777777777778,0,49.2222222222222,49,64.1065835406457,60.5263157894737,16.6666666666667,0,100,100,0,0,83.3333333333333,100,61.3902040595603,60.5263157894737,11.1111111111111,0,14.2222222222222,13
2024,"cadsupprive","ECO/SOC/RAD",24,23.3009708737864,33.3333333333333,0,50.1666666666667,49.5,46.5591274319482,53.7037037037037,33.3333333333333,0,100,100,0,0,62.5,100,38.1395681305642,37.8205128205128,58.3333333333333,100,12.2916666666667,10
2024,"cadsupprive","Extrême-droite",17,12.0567375886525,11.7647058823529,0,48.7647058823529,49,24.5227281859469,14.7058823529412,23.5294117647059,0,100,100,0,0,58.8235294117647,100,21.356638220549,8.51063829787234,52.9411764705882,100,5.35294117647059,4
2024,"cadsupprive","Non-inscrits",1,11.1111111111111,100,100,69,69,18.1818181818182,18.1818181818182,0,0,100,100,0,0,100,100,18.1818181818182,18.1818181818182,0,0,8,8
2024,"cadsuppub","Centre",28,17.9487179487179,28.5714285714286,0,53.4285714285714,53.5,48.1490804520289,42.3684210526316,25,0,100,100,0,0,75,100,44.7384872857966,38.9982110912344,14.2857142857143,0,13.2142857142857,10
2024,"cadsuppub","COM/LFI",27,30,37.037037037037,0,44.4444444444444,44,30.6077280950671,21.4285714285714,14.8148148148148,0,100,100,0,0,33.3333333333333,0,29.6720555804473,21.4285714285714,18.5185185185185,0,6.25925925925926,2
2024,"cadsuppub","Droite",15,19.2307692307692,26.6666666666667,0,51.6,55,64.8279755640977,67.4418604651163,26.6666666666667,0,100,100,0,0,80,100,63.6851184212405,67.4418604651163,13.3333333333333,0,17.7333333333333,16
2024,"cadsuppub","ECO/SOC/RAD",38,36.8932038834951,50,50,52.1842105263158,52,51.2639921450859,51.4705882352941,34.2105263157895,0,100,100,0,0,86.8421052631579,100,48.575281850257,49.074074074074,36.8421052631579,0,14.6052631578947,14
2024,"cadsuppub","Extrême-droite",12,8.51063829787234,16.6666666666667,0,51.0833333333333,52,24.4604284604285,24.2424242424242,41.6666666666667,0,100,100,0,0,41.6666666666667,0,18.5484515484516,4.56410256410257,58.3333333333333,100,5.08333333333333,4
2024,"collab","Centre",27,17.3076923076923,33.3333333333333,0,45.037037037037,39,86.4134640527777,90.9090909090909,92.5925925925926,100,0,0,0,0,70.3703703703704,100,54.5911107921804,57.1428571428571,25.9259259259259,0,17.4814814814815,13
2024,"collab","COM/LFI",17,18.8888888888889,23.5294117647059,0,40.4117647058824,36,79.6859837355428,81.0810810810811,88.2352941176471,100,0,0,0,0,52.9411764705882,100,44.1179104632057,46.6666666666667,29.4117647058824,0,12.7058823529412,9
2024,"collab","Droite",16,20.5128205128205,37.5,0,48.125,52,92.5529176781619,94.9388209121246,100,100,0,0,0,0,93.75,100,64.9147332364202,66.6666666666667,6.25,0,21.375,24.5
2024,"collab","ECO/SOC/RAD",21,20.3883495145631,38.0952380952381,0,46.6666666666667,46,79.323007610386,87.0967741935484,95.2380952380952,100,0,0,0,0,71.4285714285714,100,44.5433702626878,47.3684210526316,38.0952380952381,0,16.7142857142857,17
2024,"collab","Extrême-droite",31,21.9858156028369,12.9032258064516,0,37.258064516129,34,85.5031429565723,89.8989898989899,100,100,0,0,0,0,74.1935483870968,100,58.808900471367,65.4761904761905,29.0322580645161,0,10.1290322580645,8
2024,"collab","Non-inscrits",3,33.3333333333333,33.3333333333333,0,44.3333333333333,38,99.0740740740741,100,100,100,0,0,0,0,100,100,99.0740740740741,100,0,0,19,13
2024,"employe","COM/LFI",11,12.2222222222222,45.4545454545455,0,44.6363636363636,44,26.4009747562379,22.2222222222222,18.1818181818182,0,0,0,100,100,18.1818181818182,0,23.666866758972,15.3846153846154,9.09090909090909,0,5.45454545454545,2
2024,"employe","Extrême-droite",12,8.51063829787234,33.3333333333333,0,45.5833333333333,44,25.3679053438263,18.3306055646481,25,0,0,0,100,100,50,50,25.3679053438263,18.3306055646481,25,0,4.91666666666667,2.5
2024,"NA","Centre",2,1.28205128205128,50,50,65,65,57.5,57.5,0,0,0,0,0,0,100,100,57.5,57.5,0,0,23,23
2024,"NA","COM/LFI",3,3.33333333333333,33.3333333333333,0,34.6666666666667,25,53.3333333333333,53.3333333333333,0,0,0,0,0,0,33.3333333333333,0,53.3333333333333,53.3333333333333,66.6666666666667,100,5.33333333333333,0
2024,"NA","Droite",2,2.56410256410256,50,50,60,60,100,100,50,50,0,0,0,0,100,100,100,100,0,0,35,35
2024,"NA","ECO/SOC/RAD",1,0.970873786407767,100,100,51,51,73.0769230769231,73.0769230769231,100,100,0,0,0,0,100,100,69.2307692307692,69.2307692307692,0,0,19,19
2024,"NA","Extrême-droite",6,4.25531914893617,83.3333333333333,100,41.8333333333333,42,40.6028966618027,43.4782608695652,0,0,0,0,0,0,83.3333333333333,100,40.6028966618027,43.4782608695652,50,50,5.33333333333333,4.5
2024,"ouvrier","Centre",1,0.641025641025641,0,0,53,53,25,25,0,0,0,0,100,100,100,100,25,25,0,0,7,7
2024,"ouvrier","COM/LFI",4,4.44444444444444,25,0,39.75,38.5,22.9749417249417,21.5909090909091,25,0,0,0,100,100,75,100,20.7022144522144,20.1923076923077,25,0,3,3
2024,"ouvrier","Extrême-droite",3,2.12765957446809,66.6666666666667,100,47,54,18.9346187121493,13.7931034482759,0,0,0,0,100,100,66.6666666666667,100,18.9346187121493,13.7931034482759,0,0,3,3
2024,"profinter","Centre",17,10.8974358974359,52.9411764705882,100,56.9411764705882,55,39.8091341664377,40.7407407407407,5.88235294117647,0,0,0,100,100,76.4705882352941,100,39.3189380880063,40.7407407407407,0,0,12.1176470588235,10
2024,"profinter","COM/LFI",17,18.8888888888889,41.1764705882353,0,48.7058823529412,47,28.1211646766059,23.0769230769231,0,0,0,0,100,100,58.8235294117647,100,28.1211646766059,23.0769230769231,11.7647058823529,0,7.35294117647059,4
2024,"profinter","Droite",6,7.69230769230769,33.3333333333333,0,57.1666666666667,56,73.2496730062485,72.5998962117281,0,0,0,0,100,100,100,100,73.2496730062485,72.5998962117281,0,0,24.3333333333333,29
2024,"profinter","ECO/SOC/RAD",12,11.6504854368932,25,0,55.3333333333333,58.5,52.2168025312443,47.1428571428572,8.33333333333333,0,0,0,100,100,100,100,51.1751358645776,47.1428571428572,41.6666666666667,0,15.5,15
2024,"profinter","Extrême-droite",21,14.8936170212766,38.0952380952381,0,46.4761904761905,46,27.2181662090423,14.8148148148148,0,0,0,0,100,100,66.6666666666667,100,27.2181662090423,14.8148148148148,52.3809523809524,100,4.90476190476191,4
2024,"proflib","Centre",20,12.8205128205128,40,0,56.45,55.5,41.607688307076,42.7272727272727,10,0,100,100,0,0,70,100,41.077385276773,42.7272727272727,5,0,13.7,10
2024,"proflib","COM/LFI",1,1.11111111111111,0,0,39,39,71.4285714285714,71.4285714285714,0,0,100,100,0,0,100,100,71.4285714285714,71.4285714285714,0,0,10,10
2024,"proflib","Droite",9,11.5384615384615,55.5555555555556,100,53.1111111111111,54,67.6455091385424,84.2105263157895,11.1111111111111,0,100,100,0,0,88.8888888888889,100,65.3466585638297,79.3103448275862,0,0,18.1111111111111,14
2024,"proflib","ECO/SOC/RAD",2,1.94174757281553,100,100,66,66,54.8780487804878,54.8780487804878,0,0,100,100,0,0,100,100,54.8780487804878,54.8780487804878,0,0,22.5,22.5
2024,"proflib","Extrême-droite",18,12.7659574468085,72.2222222222222,100,58.1111111111111,59.5,26.3072566383162,14.2255892255892,5.55555555555556,0,100,100,0,0,83.3333333333333,100,23.7278915589511,13.2697947214076,22.2222222222222,0,8.22222222222222,4
2024,"proflib","Non-inscrits",3,33.3333333333333,33.3333333333333,0,52,51,80.2447552447552,88.4615384615385,0,0,100,100,0,0,66.6666666666667,100,80.2447552447552,88.4615384615385,0,0,23,23
2024,"Total","Centre",156,100,35.8974358974359,0,52.2884615384615,52.5,52.3320761638574,50,29.4871794871795,0,69.8717948717949,100,11.5384615384615,0,71.1538461538462,100,45.4617531429543,42.4812030075188,8.33333333333333,0,13.4358974358974,10
2024,"Total","COM/LFI",90,100,36.6666666666667,0,44.0555555555556,43,39.5243455690193,27.6190476190476,26.6666666666667,0,42.2222222222222,0,35.5555555555556,0,44.4444444444444,0,31.602033936494,23.2051282051282,17.7777777777778,0,7.37777777777778,4
2024,"Total","Droite",78,100,32.0512820512821,0,51.9615384615385,55,71.1596393888727,74.0761478163494,34.6153846153846,0,69.2307692307692,100,7.69230769230769,0,88.4615384615385,100,64.1117386620621,66.6666666666667,10.2564102564103,0,18.8589743589744,16
2024,"Total","ECO/SOC/RAD",103,100,41.747572815534,0,51.5922330097087,52,55.6903697656776,55.5555555555556,43.6893203883495,0,66.9902912621359,100,11.6504854368932,0,79.6116504854369,100,45.211617891833,47.0588235294118,42.7184466019417,0,14.7669902912621,14
2024,"Total","Extrême-droite",141,100,31.2056737588652,0,47.2482269503546,48,38.6738195876446,33.3333333333333,33.3333333333333,0,48.2269503546099,0,25.531914893617,0,66.6666666666667,100,31.9197956457726,21.2765957446809,41.8439716312057,0,6.90070921985816,4
2024,"Total","Non-inscrits",9,100,44.4444444444444,0,54.1111111111111,53,68.5780813231793,88.4615384615385,33.3333333333333,0,66.6666666666667,100,0,0,77.7777777777778,100,68.5780813231793,88.4615384615385,0,0,16.8888888888889,13
