"legis.annee","elu.local","ProfSigni","effectifs","pourcentages","mean_part.femmes","median_part.femmes","mean_age","median_age","mean_part.pol","median_part.pol","mean_part.cabcollab","median_part.cabcollab","mean_part.pcs.123","median_part.pcs.123","mean_part.pcs.456","median_part.pcs.456","mean_part.elu.local","median_part.elu.local","mean_part.mandat","median_part.mandat","mean_part.primos","median_part.primos","mean_duree.pol","median_duree.pol"
1978,"Ancien élu local","agri",24,88.8888888888889,0,0,50.5416666666667,48,65.8129177425723,76.9892473118279,0,0,100,100,0,0,100,100,65.8129177425723,76.9892473118279,45.8333333333333,0,15.7916666666667,13
1978,"Ancien élu local","artisancommercantpdg",12,57.1428571428571,0,0,57.0833333333333,55.5,61.1086206695912,59.0909090909091,8.33333333333333,0,100,100,0,0,100,100,61.1086206695912,59.0909090909091,16.6666666666667,0,18.5833333333333,19.5
1978,"Ancien élu local","cadsupprive",54,72,1.85185185185185,0,51.3703703703704,54.5,46.9427293616665,49.2424242424242,14.8148148148148,0,100,100,0,0,100,100,46.5820662792293,49.2424242424242,42.5925925925926,0,12.8703703703704,13
1978,"Ancien élu local","cadsuppub",133,80.6060606060606,2.25563909774436,0,49.8721804511278,50,50.6488360910298,45.4545454545455,29.3233082706767,0,100,100,0,0,100,100,46.9956694033398,43.75,34.5864661654135,0,12.4511278195489,11
1978,"Ancien élu local","collab",8,80,0,0,44.375,47,64.1381455849456,74.8125,100,100,0,0,0,0,100,100,47.3634339824136,39.8571428571428,37.5,0,10.625,9.5
1978,"Ancien élu local","employe",45,83.3333333333333,8.88888888888889,0,55.8222222222222,57,51.1385832243853,50,0,0,0,0,100,100,100,100,51.1385832243853,50,24.4444444444444,0,15.2666666666667,14
1978,"Ancien élu local","NA",2,50,100,100,59,59,48.7554112554112,48.7554112554112,0,0,0,0,0,0,100,100,48.7554112554112,48.7554112554112,50,50,16,16
1978,"Ancien élu local","profinter",69,89.6103896103896,5.79710144927536,0,50.8405797101449,53,50.359912457247,43.75,5.79710144927536,0,0,0,100,100,100,100,49.7231723857243,43.75,43.4782608695652,0,12.6811594202899,12
1978,"Ancien élu local","proflib",83,80.5825242718447,1.20481927710843,0,54.6265060240964,56,57.9688878257541,57.5757575757576,0,0,100,100,0,0,100,100,57.9688878257541,57.5757575757576,25.3012048192771,0,16.3493975903614,16
1978,"Jamais élu local","agri",3,11.1111111111111,0,0,51,49,5.05050505050507,0,0,0,100,100,0,0,0,0,5.05050505050507,0,66.6666666666667,100,1.66666666666667,0
1978,"Jamais élu local","artisancommercantpdg",9,42.8571428571429,11.1111111111111,0,58.2222222222222,55,22.7262367262367,6.06060606060606,0,0,100,100,0,0,0,0,22.7262367262367,6.06060606060606,33.3333333333333,0,7.22222222222222,2
1978,"Jamais élu local","cadsupprive",21,28,4.76190476190476,0,46.8571428571429,48,16.5623153886165,19.2307692307692,19.047619047619,0,100,100,0,0,0,0,12.5663031906339,0,61.9047619047619,100,4.04761904761905,2
1978,"Jamais élu local","cadsuppub",32,19.3939393939394,0,0,47.125,48.5,18.3785160331508,3.03030303030303,28.125,0,100,100,0,0,0,0,11.2058044738639,0,75,100,4.3125,1
1978,"Jamais élu local","collab",2,20,0,0,40.5,40.5,13.1578947368421,13.1578947368421,0,0,0,0,0,0,0,0,13.1578947368421,13.1578947368421,50,50,2.5,2.5
1978,"Jamais élu local","employe",9,16.6666666666667,22.2222222222222,0,47.5555555555556,52,22.608901784529,25,0,0,0,0,100,100,0,0,22.608901784529,25,33.3333333333333,0,5.11111111111111,5
1978,"Jamais élu local","NA",2,50,0,0,32.5,32.5,0,0,0,0,0,0,0,0,0,0,0,0,100,100,0,0
1978,"Jamais élu local","profinter",8,10.3896103896104,12.5,0,44.5,41.5,14.3270944741533,8.8235294117647,12.5,0,0,0,100,100,0,0,11.2967914438503,6.06060606060605,62.5,100,3.625,1.5
1978,"Jamais élu local","proflib",20,19.4174757281553,5,0,50.75,52.5,18.6384499010847,16.19644723093,10,0,100,100,0,0,0,0,17.4696187322535,16.19644723093,40,0,5.45,5
1978,"Total","agri",27,100,0,0,50.5925925925926,48,59.0615385545648,63.6363636363636,0,0,100,100,0,0,88.8888888888889,100,59.0615385545648,63.6363636363636,48.1481481481481,0,14.2222222222222,13
1978,"Total","artisancommercantpdg",21,100,4.76190476190476,0,57.5714285714286,55,44.6590275510107,55.1724137931034,4.76190476190476,0,100,100,0,0,57.1428571428571,100,44.6590275510107,55.1724137931034,23.8095238095238,0,13.7142857142857,16
1978,"Total","cadsupprive",75,100,2.66666666666667,0,50.1066666666667,51,38.4362134492125,37.5,16,0,100,100,0,0,72,100,37.0576526144226,35.4838709677419,48,0,10.4,9
1978,"Total","cadsuppub",165,100,1.81818181818182,0,49.3393939393939,50,44.3903497767744,41.6666666666667,29.0909090909091,0,100,100,0,0,80.6060606060606,100,40.0546046897445,39.3939393939394,42.4242424242424,0,10.8727272727273,10
1978,"Total","collab",10,100,0,0,43.6,45,53.9420954153249,56.7255434782608,80,100,0,0,0,0,80,100,40.5223261332993,35.248447204969,40,0,9,6.5
1978,"Total","employe",54,100,11.1111111111111,0,54.4444444444444,55.5,46.3836363177426,46.2962962962962,0,0,0,0,100,100,83.3333333333333,100,46.3836363177426,46.2962962962962,25.9259259259259,0,13.5740740740741,13
1978,"Total","NA",4,100,50,50,45.75,44,24.3777056277056,1.78571428571428,0,0,0,0,0,0,50,50,24.3777056277056,1.78571428571428,75,100,8,0.5
1978,"Total","profinter",77,100,6.49350649350649,0,50.1818181818182,52,46.6162430564061,42.1052631578947,6.49350649350649,0,0,0,100,100,89.6103896103896,100,45.7308211190361,42.1052631578947,45.4545454545455,0,11.7402597402597,9
1978,"Total","proflib",103,100,1.94174757281553,0,53.873786407767,56,50.3319095879542,54.8387096774194,1.94174757281553,0,100,100,0,0,80.5825242718447,100,50.1049520794433,54.8387096774194,28.1553398058252,0,14.2330097087379,13
1997,"Ancien élu local","agri",17,94.4444444444444,0,0,56.6470588235294,57,71.9974296010696,80,0,0,100,100,0,0,100,100,71.9974296010696,80,29.4117647058824,0,22.1764705882353,20
1997,"Ancien élu local","artisancommercantpdg",36,94.7368421052632,5.55555555555556,0,53.5555555555556,54.5,60.0792583665253,55.5555555555556,2.77777777777778,0,100,100,0,0,100,100,59.5742078614748,55.5555555555556,33.3333333333333,0,16.9722222222222,15
1997,"Ancien élu local","cadsupprive",94,95.9183673469388,6.38297872340426,0,52.063829787234,52,61.0400618661075,60,22.3404255319149,0,100,100,0,0,100,100,59.4393855313724,57.7380952380952,29.7872340425532,0,16.1063829787234,15.5
1997,"Ancien élu local","cadsuppub",221,94.4444444444444,9.04977375565611,0,54.1131221719457,54,60.2454625104713,61.1111111111111,27.6018099547511,0,100,100,0,0,100,100,57.1668095713544,60,36.1990950226244,0,17.5882352941176,17
1997,"Ancien élu local","collab",47,90.3846153846154,12.7659574468085,0,45.936170212766,45,80.2884958466778,86.9565217391304,93.6170212765958,100,0,0,0,0,100,100,61.4081275721266,64.2857142857143,36.1702127659574,0,16.7446808510638,17
1997,"Ancien élu local","employe",6,100,66.6666666666667,100,53,53,58.6151482925677,55.955334987593,0,0,0,0,100,100,100,100,58.6151482925677,55.955334987593,33.3333333333333,0,16,15
1997,"Ancien élu local","NA",4,100,25,0,42.25,43.5,59.3003565062389,68.3333333333333,0,0,0,0,0,0,100,100,59.3003565062389,68.3333333333333,25,0,11,14
1997,"Ancien élu local","ouvrier",9,90,11.1111111111111,0,54.7777777777778,55,60.1741622574956,60,0,0,0,0,100,100,100,100,60.1741622574956,60,44.4444444444444,0,19.1111111111111,20
1997,"Ancien élu local","profinter",88,96.7032967032967,12.5,0,52.1931818181818,51.5,61.6510762731662,66.0256410256411,7.95454545454545,0,0,0,100,100,100,100,61.5248136469036,65.1923076923077,53.4090909090909,100,16.5227272727273,15
1997,"Ancien élu local","proflib",99,96.1165048543689,9.09090909090909,0,54.0707070707071,54,59.0891840364283,57.1428571428571,7.07070707070707,0,100,100,0,0,100,100,58.6457936288802,57.1428571428571,30.3030303030303,0,17.2424242424242,15
1997,"Jamais élu local","agri",1,5.55555555555556,0,0,38,38,23.0769230769231,23.0769230769231,0,0,100,100,0,0,0,0,23.0769230769231,23.0769230769231,0,0,3,3
1997,"Jamais élu local","artisancommercantpdg",2,5.26315789473684,0,0,45,45,0,0,50,50,100,100,0,0,0,0,0,0,100,100,0,0
1997,"Jamais élu local","cadsupprive",4,4.08163265306122,25,0,58,57,28.4970238095238,26.0416666666667,25,0,100,100,0,0,0,0,26.9345238095238,22.9166666666667,50,50,12.75,12.5
1997,"Jamais élu local","cadsuppub",13,5.55555555555556,69.2307692307692,100,47.1538461538462,45,19.6625037493524,19.047619047619,61.5384615384615,100,100,100,0,0,0,0,7.98907461438479,0,76.9230769230769,100,4.69230769230769,3
1997,"Jamais élu local","collab",5,9.61538461538461,60,100,43,44,62.5356037151703,65,60,100,0,0,0,0,0,0,10.5882352941176,0,80,100,13,13
1997,"Jamais élu local","ouvrier",1,10,0,0,56,56,6.45161290322581,6.45161290322581,0,0,0,0,100,100,0,0,6.45161290322581,6.45161290322581,100,100,2,2
1997,"Jamais élu local","profinter",3,3.2967032967033,0,0,53,53,10.7142857142857,0,0,0,0,0,100,100,0,0,10.7142857142857,0,66.6666666666667,100,3,0
1997,"Jamais élu local","proflib",4,3.88349514563107,0,0,42.5,44.5,8.51190476190475,7.5,25,0,100,100,0,0,0,0,4.76190476190475,0,75,100,1.75,1.5
1997,"Total","agri",18,100,0,0,55.6111111111111,56.5,69.2796236830615,78.4615384615385,0,0,100,100,0,0,94.4444444444444,100,69.2796236830615,78.4615384615385,27.7777777777778,0,21.1111111111111,20
1997,"Total","artisancommercantpdg",38,100,5.26315789473684,0,53.1052631578947,54.5,56.9171921367082,52.7777777777778,5.26315789473684,0,100,100,0,0,94.7368421052632,100,56.4387232371867,52.7777777777778,36.8421052631579,0,16.0789473684211,15
1997,"Total","cadsupprive",98,100,7.14285714285714,0,52.3061224489796,52,59.7117745984918,59.6296296296296,22.4489795918367,0,100,100,0,0,95.9183673469388,100,58.112656481501,57.1428571428571,30.6122448979592,0,15.969387755102,15.5
1997,"Total","cadsuppub",234,100,12.3931623931624,0,53.7264957264957,54,57.9908536904092,60.3030303030303,29.4871794871795,0,100,100,0,0,94.4444444444444,100,54.4347131848561,57.6923076923077,38.4615384615385,0,16.8717948717949,16
1997,"Total","collab",52,100,17.3076923076923,0,45.6538461538462,45,78.581486987879,85.9782608695652,90.3846153846154,100,0,0,0,0,90.3846153846154,100,56.5215994684718,62.0192307692307,40.3846153846154,0,16.3846153846154,16.5
1997,"Total","employe",6,100,66.6666666666667,100,53,53,58.6151482925677,55.955334987593,0,0,0,0,100,100,100,100,58.6151482925677,55.955334987593,33.3333333333333,0,16,15
1997,"Total","NA",4,100,25,0,42.25,43.5,59.3003565062389,68.3333333333333,0,0,0,0,0,0,100,100,59.3003565062389,68.3333333333333,25,0,11,14
1997,"Total","ouvrier",10,100,10,0,54.9,55.5,54.8019073220686,58.3333333333333,0,0,0,0,100,100,90,100,54.8019073220686,58.3333333333333,50,50,17.4,18.5
1997,"Total","profinter",91,100,12.0879120879121,0,52.2197802197802,52,59.9718414195767,65,7.69230769230769,0,0,0,100,100,96.7032967032967,100,59.8497412974766,63.6363636363636,53.8461538461538,100,16.0769230769231,15
1997,"Total","proflib",103,100,8.7378640776699,0,53.621359223301,53,57.1250178510099,56,7.76699029126214,0,100,100,0,0,96.1165048543689,100,56.553215420454,56,32.0388349514563,0,16.6407766990291,14
2007,"Ancien élu local","agri",17,94.4444444444444,11.7647058823529,0,54.5882352941176,55,64.8532076341417,68.5714285714286,0,0,100,100,0,0,100,100,64.8532076341417,68.5714285714286,41.1764705882353,0,19,21
2007,"Ancien élu local","artisancommercantpdg",37,100,8.10810810810811,0,55.3783783783784,56,64.1765567046204,66.6666666666667,8.10810810810811,0,100,100,0,0,100,100,62.9661154941792,64.2857142857143,27.027027027027,0,19.5405405405405,19
2007,"Ancien élu local","cadsupprive",98,98,16.3265306122449,0,54.9285714285714,55,67.0903960744659,72.3636363636363,14.2857142857143,0,100,100,0,0,100,100,65.5614340454897,68.8259109311741,20.4081632653061,0,19.8775510204082,19
2007,"Ancien élu local","cadsuppub",186,94.8979591836735,15.5913978494624,0,56.494623655914,58,66.6278785611528,66.6666666666667,32.7956989247312,0,100,100,0,0,100,100,63.5878701422923,63.6363636363636,25.8064516129032,0,20.9032258064516,21
2007,"Ancien élu local","collab",87,94.5652173913043,14.9425287356322,0,50.3448275862069,51,84.376096007839,90,91.9540229885057,100,0,0,0,0,100,100,66.9476132791992,70,26.4367816091954,0,21.367816091954,21
2007,"Ancien élu local","employe",8,100,62.5,100,55.5,55.5,64.6506313275763,69.9095022624435,12.5,0,0,0,100,100,100,100,64.6506313275763,69.9095022624435,12.5,0,19.875,21
2007,"Ancien élu local","NA",8,88.8888888888889,62.5,100,53.5,51.5,77.7881944444445,81.9444444444445,25,0,0,0,0,0,100,100,73.9420405982906,81.9444444444445,50,50,21.125,22
2007,"Ancien élu local","ouvrier",5,100,0,0,61.4,61,75.2073732718894,85.7142857142857,0,0,0,0,100,100,100,100,75.2073732718894,85.7142857142857,40,0,28.4,36
2007,"Ancien élu local","profinter",78,97.5,33.3333333333333,0,55.6025641025641,57,67.7940510823272,72.5705329153605,10.2564102564103,0,0,0,100,100,100,100,66.4883055458124,72.10433244916,37.1794871794872,0,20.8461538461538,23
2007,"Ancien élu local","proflib",91,96.8085106382979,16.4835164835165,0,57.5384615384615,58,63.8562603762599,66.6666666666667,9.89010989010989,0,100,100,0,0,100,100,62.5175926676423,66.6666666666667,24.1758241758242,0,20.6043956043956,21
2007,"Jamais élu local","agri",1,5.55555555555556,0,0,61,61,0,0,0,0,100,100,0,0,0,0,0,0,100,100,0,0
2007,"Jamais élu local","cadsupprive",2,2,50,50,42,42,25,25,50,50,100,100,0,0,0,0,13.8888888888889,13.8888888888889,50,50,4.5,4.5
2007,"Jamais élu local","cadsuppub",10,5.10204081632653,40,0,53.8,54,24.5713637558936,22.0035778175313,50,50,100,100,0,0,0,0,15.1932234432235,12.6602564102564,40,0,6.2,5
2007,"Jamais élu local","collab",5,5.43478260869565,40,0,33,31,85.2777777777778,100,100,100,0,0,0,0,0,0,0,0,100,100,5.8,6
2007,"Jamais élu local","NA",1,11.1111111111111,0,0,38,38,0,0,0,0,0,0,0,0,0,0,0,0,100,100,0,0
2007,"Jamais élu local","profinter",2,2.5,50,50,39,39,0,0,0,0,0,0,100,100,0,0,0,0,100,100,0,0
2007,"Jamais élu local","proflib",3,3.19148936170213,33.3333333333333,0,45,45,25.4385964912281,26.3157894736842,0,0,100,100,0,0,0,0,25.4385964912281,26.3157894736842,33.3333333333333,0,5,5
2007,"Total","agri",18,100,11.1111111111111,0,54.9444444444444,56.5,61.2502516544671,65.8646616541354,0,0,100,100,0,0,94.4444444444444,100,61.2502516544671,65.8646616541354,44.4444444444444,0,17.9444444444444,19.5
2007,"Total","artisancommercantpdg",37,100,8.10810810810811,0,55.3783783783784,56,64.1765567046204,66.6666666666667,8.10810810810811,0,100,100,0,0,100,100,62.9661154941792,64.2857142857143,27.027027027027,0,19.5405405405405,19
2007,"Total","cadsupprive",100,100,17,0,54.67,55,66.2485881529766,71.7142857142857,15,0,100,100,0,0,98,100,64.5279831423577,67.5438596491228,21,0,19.57,19
2007,"Total","cadsuppub",196,100,16.8367346938776,0,56.3571428571429,57.5,64.4821380098641,65,33.6734693877551,0,100,100,0,0,94.8979591836735,100,61.1187555147887,62.3310810810811,26.530612244898,0,20.1530612244898,20
2007,"Total","collab",92,100,16.304347826087,0,49.4021739130435,50.5,84.4251004518574,90.1612903225806,92.3913043478261,100,0,0,0,0,94.5652173913043,100,63.3091560357645,69.2307692307692,30.4347826086957,0,20.5217391304348,20.5
2007,"Total","employe",8,100,62.5,100,55.5,55.5,64.6506313275763,69.9095022624435,12.5,0,0,0,100,100,100,100,64.6506313275763,69.9095022624435,12.5,0,19.875,21
2007,"Total","NA",9,100,55.5555555555556,100,51.7777777777778,51,69.1450617283951,75,22.2222222222222,0,0,0,0,0,88.8888888888889,100,65.7262583095916,75,55.5555555555556,100,18.7777777777778,20
2007,"Total","ouvrier",5,100,0,0,61.4,61,75.2073732718894,85.7142857142857,0,0,0,0,100,100,100,100,75.2073732718894,85.7142857142857,40,0,28.4,36
2007,"Total","profinter",80,100,33.75,0,55.1875,57,66.099199805269,72.10433244916,10,0,0,0,100,100,97.5,100,64.8260979071671,71.1915535444948,38.75,0,20.325,21.5
2007,"Total","proflib",94,100,17.0212765957447,0,57.1382978723404,57,62.6301647203546,66.6666666666667,9.57446808510638,0,100,100,0,0,96.8085106382979,100,61.3342204492461,64.8529411764706,24.468085106383,0,20.1063829787234,21
2012,"Ancien élu local","agri",17,94.4444444444444,23.5294117647059,0,58.2352941176471,58,62.498563288968,65.7142857142857,0,0,100,100,0,0,100,100,62.498563288968,65.7142857142857,35.2941176470588,0,20.5882352941176,18
2012,"Ancien élu local","artisancommercantpdg",23,100,13.0434782608696,0,55.5652173913044,57,57.251463878233,58.974358974359,4.34782608695652,0,100,100,0,0,100,100,57.251463878233,58.974358974359,26.0869565217391,0,18.0434782608696,21
2012,"Ancien élu local","cadsupprive",96,88.8888888888889,16.6666666666667,0,55.46875,56,71.6020657407411,75,29.1666666666667,0,100,100,0,0,100,100,67.2774142306073,69.8896631823461,32.2916666666667,0,21.6979166666667,23
2012,"Ancien élu local","cadsuppub",156,92.3076923076923,26.2820512820513,0,55.2948717948718,56,64.6584128510041,67.9285714285714,35.2564102564103,0,100,100,0,0,100,100,60.7722053003725,62.5625625625626,40.3846153846154,0,19.8012820512821,20
2012,"Ancien élu local","collab",95,93.1372549019608,16.8421052631579,0,47.9789473684211,47,84.8539437514187,89.4736842105263,94.7368421052632,100,0,0,0,0,100,100,61.680405751855,62.962962962963,45.2631578947368,0,19.6210526315789,18
2012,"Ancien élu local","employe",5,83.3333333333333,20,0,57.6,60,38.5178939834112,43.5897435897436,0,0,0,0,100,100,100,100,38.5178939834112,43.5897435897436,40,0,12.8,11
2012,"Ancien élu local","NA",12,85.7142857142857,58.3333333333333,100,58.6666666666667,59,66.0104893286197,57.3655913978495,25,0,0,0,0,0,100,100,63.8599516942111,56.6666666666667,41.6666666666667,0,21.25,19.5
2012,"Ancien élu local","profinter",98,93.3333333333333,44.8979591836735,0,57.5918367346939,58,59.0560483222699,62.7136752136752,12.2448979591837,0,0,0,100,100,100,100,57.463146999765,58.7975243147657,47.9591836734694,0,19.4897959183673,19.5
2012,"Ancien élu local","proflib",76,97.4358974358974,19.7368421052632,0,58.0657894736842,60.5,65.2307878219702,63.0032206119163,9.21052631578947,0,100,100,0,0,100,100,64.6533538150687,63.0032206119163,21.0526315789474,0,21.75,23
2012,"Jamais élu local","agri",1,5.55555555555556,100,100,56,56,0,0,0,0,100,100,0,0,0,0,0,0,100,100,0,0
2012,"Jamais élu local","cadsupprive",12,11.1111111111111,33.3333333333333,0,44.8333333333333,45,7.57246376811594,0,16.6666666666667,0,100,100,0,0,0,0,3.6231884057971,0,91.6666666666667,100,1.91666666666667,0
2012,"Jamais élu local","cadsuppub",13,7.69230769230769,46.1538461538462,0,46.6923076923077,46,5.6788739715569,0,15.3846153846154,0,100,100,0,0,0,0,1.63170163170163,0,92.3076923076923,100,1.53846153846154,0
2012,"Jamais élu local","collab",7,6.86274509803922,42.8571428571429,0,40.5714285714286,39,54.8341513558905,39.1304347826087,100,100,0,0,0,0,0,0,5.10204081632653,0,85.7142857142857,100,8.14285714285714,9
2012,"Jamais élu local","employe",1,16.6666666666667,100,100,51,51,19.2307692307692,19.2307692307692,0,0,0,0,100,100,0,0,19.2307692307692,19.2307692307692,0,0,5,5
2012,"Jamais élu local","NA",2,14.2857142857143,50,50,31.5,31.5,0,0,0,0,0,0,0,0,0,0,0,0,100,100,0,0
2012,"Jamais élu local","profinter",7,6.66666666666667,57.1428571428571,100,52.5714285714286,53,3.40136054421769,0,0,0,0,0,100,100,0,0,3.40136054421769,0,85.7142857142857,100,0.714285714285714,0
2012,"Jamais élu local","proflib",2,2.56410256410256,0,0,48,48,0,0,0,0,100,100,0,0,0,0,0,0,100,100,0,0
2012,"Total","agri",18,100,27.7777777777778,0,58.1111111111111,57.5,59.0264208840253,65,0,0,100,100,0,0,94.4444444444444,100,59.0264208840253,65,38.8888888888889,0,19.4444444444444,17.5
2012,"Total","artisancommercantpdg",23,100,13.0434782608696,0,55.5652173913044,57,57.251463878233,58.974358974359,4.34782608695652,0,100,100,0,0,100,100,57.251463878233,58.974358974359,26.0869565217391,0,18.0434782608696,21
2012,"Total","cadsupprive",108,100,18.5185185185185,0,54.287037037037,54,64.4876655215605,69.8896631823461,27.7777777777778,0,100,100,0,0,88.8888888888889,100,60.204722472295,65.821566110398,38.8888888888889,0,19.5,22
2012,"Total","cadsuppub",169,100,27.810650887574,0,54.6331360946746,56,60.1215252448928,66.6666666666667,33.7278106508876,0,100,100,0,0,92.3076923076923,100,56.2229357873978,60.5263157894737,44.3786982248521,0,18.396449704142,18
2012,"Total","collab",102,100,18.6274509803922,0,47.4705882352941,46.5,82.7937619203531,88.5164835164836,95.0980392156863,100,0,0,0,0,93.1372549019608,100,57.7975767856913,57.9796264855688,48.0392156862745,0,18.8333333333333,17
2012,"Total","employe",6,100,33.3333333333333,0,56.5,57,35.3033731913042,37.0726495726496,0,0,0,0,100,100,83.3333333333333,100,35.3033731913042,37.0726495726496,33.3333333333333,0,11.5,11
2012,"Total","NA",14,100,57.1428571428571,100,54.7857142857143,56.5,60.9327593802644,56.6666666666667,21.4285714285714,0,0,0,0,0,85.7142857142857,100,58.9476477177334,56.6666666666667,50,50,18.2142857142857,17.5
2012,"Total","profinter",105,100,45.7142857142857,0,57.2571428571429,57,55.345735803733,58.6206896551724,11.4285714285714,0,0,0,100,100,93.3333333333333,100,53.8590279027285,56.0975609756098,50.4761904761905,100,18.2380952380952,17
2012,"Total","proflib",78,100,19.2307692307692,0,57.8076923076923,60.5,63.5582035188428,62.5625625625626,8.97435897435897,0,100,100,0,0,97.4358974358974,100,62.9955755121182,62.5625625625626,23.0769230769231,0,21.1923076923077,21.5
2017,"Ancien élu local","agri",13,86.6666666666667,7.69230769230769,0,58.4615384615385,59,70.9734826506472,66.6666666666667,0,0,100,100,0,0,100,100,70.9734826506472,66.6666666666667,38.4615384615385,0,24.1538461538462,22
2017,"Ancien élu local","artisancommercantpdg",34,51.5151515151515,23.5294117647059,0,51.6176470588235,50,43.5634160095739,38.3152173913043,20.5882352941176,0,100,100,0,0,100,100,42.1969739933904,38.3152173913043,64.7058823529412,100,12.5,9
2017,"Ancien élu local","cadsupprive",63,48.0916030534351,19.047619047619,0,51.9206349206349,52,51.6991064218956,47.5972540045766,12.6984126984127,0,100,100,0,0,100,100,49.3029019225274,41.1010558069381,63.4920634920635,100,14,9
2017,"Ancien élu local","cadsuppub",88,72.7272727272727,30.6818181818182,0,54.25,53.5,53.1385270223559,56.6964285714285,18.1818181818182,0,100,100,0,0,100,100,51.1205517315905,53.4523809523809,52.2727272727273,100,15.6590909090909,16
2017,"Ancien élu local","collab",75,84.2696629213483,28,0,49.2133333333333,50,84.6220045336794,91.4285714285714,94.6666666666667,100,0,0,0,0,100,100,63.1395302849544,64,50.6666666666667,100,20.2133333333333,20
2017,"Ancien élu local","employe",4,66.6666666666667,75,100,54,52.5,25.6547619047619,21.6666666666667,0,0,0,0,100,100,100,100,25.6547619047619,21.6666666666667,100,100,8.25,6
2017,"Ancien élu local","NA",8,80,50,50,41.5,38.5,73.1428408684048,63.1578947368421,12.5,0,0,0,0,0,100,100,72.3909611691567,62.8571428571429,62.5,100,11.375,9
2017,"Ancien élu local","profinter",55,69.620253164557,56.3636363636364,100,52.6,51,46.1470093498517,41.1764705882353,3.63636363636364,0,0,0,100,100,100,100,46.1470093498517,41.1764705882353,76.3636363636364,100,13.2363636363636,9
2017,"Ancien élu local","proflib",49,72.0588235294118,30.6122448979592,0,55.469387755102,56,44.4190896279202,45.7142857142857,4.08163265306122,0,100,100,0,0,100,100,43.9838106212126,45.1612903225806,63.265306122449,100,14.5510204081633,13
2017,"Jamais élu local","agri",2,13.3333333333333,50,50,33,33,0,0,0,0,100,100,0,0,0,0,0,0,100,100,0,0
2017,"Jamais élu local","artisancommercantpdg",32,48.4848484848485,43.75,0,47.3125,47.5,0.782608695652175,0,9.375,0,100,100,0,0,0,0,0,0,100,100,0.1875,0
2017,"Jamais élu local","cadsupprive",68,51.9083969465649,58.8235294117647,100,40.1323529411765,38,5.32551259532535,0,17.6470588235294,0,100,100,0,0,0,0,0.585358437016952,0,97.0588235294118,100,0.691176470588235,0
2017,"Jamais élu local","cadsuppub",33,27.2727272727273,57.5757575757576,100,44.5454545454545,43,3.88133108721344,0,15.1515151515152,0,100,100,0,0,0,0,0.541125541125542,0,96.969696969697,100,0.757575757575758,0
2017,"Jamais élu local","collab",14,15.7303370786517,57.1428571428571,100,39.4285714285714,40,78.4034218950738,85.75,100,100,0,0,0,0,0,0,6.62554495482404,0,78.5714285714286,100,10.8571428571429,11.5
2017,"Jamais élu local","employe",2,33.3333333333333,50,50,45,45,0,0,0,0,0,0,100,100,0,0,0,0,100,100,0,0
2017,"Jamais élu local","NA",2,20,0,0,36.5,36.5,0,0,0,0,0,0,0,0,0,0,0,0,100,100,0,0
2017,"Jamais élu local","profinter",24,30.379746835443,58.3333333333333,100,42.625,44,4.27662037037037,0,12.5,0,0,0,100,100,0,0,0,0,100,100,0.625,0
2017,"Jamais élu local","proflib",19,27.9411764705882,47.3684210526316,0,42.7894736842105,44,0.350877192982456,0,5.26315789473684,0,100,100,0,0,0,0,0,0,100,100,0.0526315789473684,0
2017,"Total","agri",15,100,13.3333333333333,0,55.0666666666667,58,61.5103516305609,64.7058823529412,0,0,100,100,0,0,86.6666666666667,100,61.5103516305609,64.7058823529412,46.6666666666667,0,20.9333333333333,22
2017,"Total","artisancommercantpdg",66,100,33.3333333333333,0,49.530303030303,49,22.821206402824,10,15.1515151515152,0,100,100,0,0,51.5151515151515,100,21.7378350875041,6.44736842105263,81.8181818181818,100,6.53030303030303,2.5
2017,"Total","cadsupprive",131,100,39.6946564885496,0,45.8015267175573,47,27.613596449956,16.6666666666667,15.2671755725191,0,100,100,0,0,48.0916030534351,0,23.9999917401305,0,80.9160305343512,100,7.09160305343511,3
2017,"Total","cadsuppub",121,100,38.0165289256198,0,51.603305785124,52,39.7047463127716,37.5,17.3553719008264,0,100,100,0,0,72.7272727272727,100,37.3261627705546,36,64.4628099173554,100,11.595041322314,9
2017,"Total","collab",89,100,32.5842696629214,0,47.6741573033708,48,83.6438005231122,91.1764705882353,95.5056179775281,100,0,0,0,0,84.2696629213483,100,54.2496898959451,59.2592592592593,55.0561797752809,100,18.7415730337079,19
2017,"Total","employe",6,100,66.6666666666667,100,51,50,17.1031746031746,17.1428571428571,0,0,0,0,100,100,66.6666666666667,100,17.1031746031746,17.1428571428571,100,100,5.5,4
2017,"Total","NA",10,100,40,0,40.5,36.5,56.8888762309815,62.8571428571429,10,0,0,0,0,0,80,100,56.3040809093441,57.8947368421053,70,100,9.1,6
2017,"Total","profinter",79,100,56.9620253164557,100,49.5696202531646,49,33.42689117887,22.5806451612903,6.32911392405063,0,0,0,100,100,69.620253164557,100,32.1276647372385,19.2307692307692,83.5443037974684,100,9.40506329113924,7
2017,"Total","proflib",68,100,35.2941176470588,0,51.9264705882353,52.5,32.1059126240405,24.5689655172414,4.41176470588235,0,100,100,0,0,72.0588235294118,100,31.6942164770503,24.5689655172414,73.5294117647059,100,10.5,6.5
2022,"Ancien élu local","agri",10,90.9090909090909,10,0,56.7,57,60.2994681730887,57.1666666666667,0,0,100,100,0,0,100,100,60.2994681730887,57.1666666666667,30,0,19.7,21
2022,"Ancien élu local","artisancommercantpdg",40,76.9230769230769,27.5,0,52.65,52.5,48.067112769546,42.6406926406926,15,0,100,100,0,0,100,100,47.017920103974,41.2121212121212,37.5,0,13.25,9
2022,"Ancien élu local","cadsupprive",69,59.4827586206897,39.1304347826087,0,52.0579710144928,53,48.6720968771242,48.2758620689655,18.8405797101449,0,100,100,0,0,100,100,46.7857797713935,48,47.8260869565217,0,12.2173913043478,9
2022,"Ancien élu local","cadsuppub",83,69.7478991596639,33.7349397590361,0,52.0602409638554,53,55.3891110281852,52.5,21.6867469879518,0,100,100,0,0,100,100,53.5769269051485,51.219512195122,49.3975903614458,0,15.1807228915663,13
2022,"Ancien élu local","collab",90,76.9230769230769,21.1111111111111,0,45.9555555555556,49,83.7244057624858,90.3263403263403,93.3333333333333,100,0,0,0,0,100,100,62.038104921263,62.5874125874126,44.4444444444444,0,17.1888888888889,16.5
2022,"Ancien élu local","employe",14,51.8518518518519,50,50,48.8571428571429,49,39.1939506580771,33.8095238095238,14.2857142857143,0,0,0,100,100,100,100,39.1939506580771,33.8095238095238,71.4285714285714,100,9.85714285714286,9
2022,"Ancien élu local","NA",9,81.8181818181818,77.7777777777778,100,52.8888888888889,55,63.9147405550914,70,22.2222222222222,0,0,0,0,0,100,100,63.4517775921285,66.6666666666667,55.5555555555556,100,18.1111111111111,21
2022,"Ancien élu local","ouvrier",6,75,33.3333333333333,0,44.6666666666667,50,10.5411000238586,8.33333333333333,0,0,0,0,100,100,100,100,10.5411000238586,8.33333333333333,100,100,2,2
2022,"Ancien élu local","profinter",57,75,43.859649122807,0,52.3508771929825,52,43.6436591876063,38.8888888888889,3.50877192982456,0,0,0,100,100,100,100,43.2927819946239,38.0952380952381,61.4035087719298,100,12.3859649122807,8
2022,"Ancien élu local","proflib",48,80,41.6666666666667,0,54.4791666666667,54,45.4920571962894,45.480631276901,6.25,0,100,100,0,0,100,100,43.8530189645093,42.5394548063127,52.0833333333333,100,12.9791666666667,9.5
2022,"Jamais élu local","agri",1,9.09090909090909,100,100,31,31,83.3333333333333,83.3333333333333,0,0,100,100,0,0,0,0,83.3333333333333,83.3333333333333,0,0,5,5
2022,"Jamais élu local","artisancommercantpdg",12,23.0769230769231,50,50,55.25,56,13.8868698319524,14.7186147186147,8.33333333333333,0,100,100,0,0,0,0,13.0535364986191,14.7186147186147,16.6666666666667,0,4.08333333333333,5
2022,"Jamais élu local","cadsupprive",47,40.5172413793103,40.4255319148936,0,43.3617021276596,42,32.4004593794744,29.4117647058824,25.531914893617,0,100,100,0,0,0,0,25.4021795442602,23.8095238095238,27.6595744680851,0,4.76595744680851,5
2022,"Jamais élu local","cadsuppub",36,30.2521008403361,36.1111111111111,0,44.5555555555556,43.5,13.9264376543957,6.78733031674208,33.3333333333333,0,100,100,0,0,0,0,9.30732877670835,0,69.4444444444444,100,3,1
2022,"Jamais élu local","collab",27,23.0769230769231,55.5555555555556,100,37.8148148148148,36,84.1052684590696,94.7368421052632,100,100,0,0,0,0,0,0,13.4954405568441,0,62.962962962963,100,10.5555555555556,9
2022,"Jamais élu local","employe",13,48.1481481481481,53.8461538461538,100,42.0769230769231,42,4.37462863933452,0,23.0769230769231,0,0,0,100,100,0,0,0,0,100,100,0.538461538461538,0
2022,"Jamais élu local","NA",2,18.1818181818182,0,0,22,22,NA,NA,0,0,0,0,0,0,0,0,NA,NA,100,100,0,0
2022,"Jamais élu local","ouvrier",2,25,50,50,29,29,0,0,0,0,0,0,100,100,0,0,0,0,100,100,0,0
2022,"Jamais élu local","profinter",19,25,52.6315789473684,100,47.5789473684211,45,16.008493682474,0,10.5263157894737,0,0,0,100,100,0,0,13.8803472293848,0,52.6315789473684,100,2.78947368421053,0
2022,"Jamais élu local","proflib",12,20,58.3333333333333,100,47.1666666666667,50.5,17.6074752513091,16.6122004357299,16.6666666666667,0,100,100,0,0,0,0,15.5241419179758,16.6122004357299,33.3333333333333,0,3.16666666666667,5
2022,"Total","agri",11,100,18.1818181818182,0,54.3636363636364,56,62.3934559149291,58.3333333333333,0,0,100,100,0,0,90.9090909090909,100,62.3934559149291,58.3333333333333,27.2727272727273,0,18.3636363636364,21
2022,"Total","artisancommercantpdg",52,100,32.6923076923077,0,53.25,53,40.1793643993321,35.0925925925926,13.4615384615385,0,100,100,0,0,76.9230769230769,100,39.1799854258152,34.8913043478261,32.6923076923077,0,11.1346153846154,8
2022,"Total","cadsupprive",116,100,39.6551724137931,0,48.5344827586207,48.5,42.079278235835,37.966537966538,21.551724137931,0,100,100,0,0,59.4827586206897,100,38.1217348517792,33.3333333333333,39.6551724137931,0,9.19827586206897,7
2022,"Total","cadsuppub",119,100,34.453781512605,0,49.7899159663866,50,42.8457812680472,42.8571428571429,25.2100840336134,0,100,100,0,0,69.7478991596639,100,40.1844434377212,34.7826086956522,55.4621848739496,100,11.4957983193277,8
2022,"Total","collab",117,100,29.0598290598291,0,44.0769230769231,43,83.8122971540051,92.3076923076923,94.8717948717949,100,0,0,0,0,76.9230769230769,100,50.8359516063971,54.5454545454545,48.7179487179487,0,15.6581196581197,14
2022,"Total","employe",27,100,51.8518518518519,100,45.5925925925926,46,23.1234943417344,17.156862745098,18.5185185185185,0,0,0,100,100,51.8518518518519,100,21.1044349697338,8.33333333333334,85.1851851851852,100,5.37037037037037,2
2022,"Total","NA",11,100,63.6363636363636,100,47.2727272727273,50,63.9147405550914,70,18.1818181818182,0,0,0,0,0,81.8181818181818,100,63.4517775921285,66.6666666666667,63.6363636363636,100,14.8181818181818,17
2022,"Total","ouvrier",8,100,37.5,0,40.75,44,7.52935715989903,7.40740740740741,0,0,0,0,100,100,75,100,7.52935715989903,7.40740740740741,100,100,1.5,1.5
2022,"Total","profinter",76,100,46.0526315789474,0,51.1578947368421,50.5,36.7348678113233,36.3636363636364,5.26315789473684,0,0,0,100,100,75,100,35.9396733033141,33.3333333333333,59.2105263157895,100,9.98684210526316,8
2022,"Total","proflib",60,100,45,0,53.0166666666667,53,39.9151408072934,37.1473354231975,8.33333333333333,0,100,100,0,0,80,100,38.1872435552026,35.340022296544,48.3333333333333,0,11.0166666666667,8
2024,"Ancien élu local","agri",8,66.6666666666667,12.5,0,59.75,59,52.365593822247,54.8863636363636,0,0,100,100,0,0,100,100,52.365593822247,54.8863636363636,12.5,0,18.5,19.5
2024,"Ancien élu local","artisancommercantpdg",42,77.7777777777778,26.1904761904762,0,54.7857142857143,55,45.5137535668636,41.8831168831169,14.2857142857143,0,100,100,0,0,100,100,44.3373470487763,40.4545454545455,26.1904761904762,0,13.0238095238095,10
2024,"Ancien élu local","cadsupprive",67,63.8095238095238,28.3582089552239,0,53.089552238806,54,54.3578051853055,55.5555555555556,19.4029850746269,0,100,100,0,0,100,100,52.5446202763924,53.5714285714286,23.8805970149254,0,14.2089552238806,12
2024,"Ancien élu local","cadsuppub",80,66.6666666666667,37.5,0,52.7625,53,58.1114731372994,55.9027777777778,25,0,100,100,0,0,100,100,56.3673027802227,53.8788788788789,22.5,0,16.0875,14
2024,"Ancien élu local","collab",84,73.0434782608696,21.4285714285714,0,45.6904761904762,43.5,86.8883686613698,90.1219512195122,94.0476190476191,100,0,0,0,0,100,100,65.0942927815536,66.6666666666667,22.6190476190476,0,17.702380952381,16
2024,"Ancien élu local","employe",8,34.7826086956522,25,0,48.75,50.5,50.8978851769841,45,37.5,0,0,0,100,100,100,100,50.8978851769841,45,12.5,0,11.25,9.5
2024,"Ancien élu local","NA",11,78.5714285714286,81.8181818181818,100,53,55,58.5840672472063,57.5,18.1818181818182,0,0,0,0,0,100,100,58.234416897556,57.5,27.2727272727273,0,16.6363636363636,16
2024,"Ancien élu local","ouvrier",6,75,33.3333333333333,0,48.5,52,17.839492728258,16.7832167832168,16.6666666666667,0,0,0,100,100,100,100,16.3243412131065,14.5888594164457,16.6666666666667,0,4,4
2024,"Ancien élu local","profinter",55,75.3424657534247,40,0,52.8181818181818,54,45.979286505969,42.1052631578947,1.81818181818182,0,0,0,100,100,100,100,45.7520137786962,42.1052631578947,25.4545454545455,0,12.8545454545455,10
2024,"Ancien élu local","proflib",42,79.2452830188679,50,50,57.1904761904762,56.5,50.3754531924224,51.3157894736842,7.14285714285714,0,100,100,0,0,100,100,48.6331000338131,48.2558139534883,7.14285714285714,0,15.7142857142857,13.5
2024,"Jamais élu local","agri",4,33.3333333333333,75,100,52.25,57.5,26.1853448275862,8.6206896551724,25,0,100,100,0,0,0,0,21.875,0,75,100,3,2.5
2024,"Jamais élu local","artisancommercantpdg",12,22.2222222222222,33.3333333333333,0,51.25,53,12.5035691696033,13.1428571428571,16.6666666666667,0,100,100,0,0,0,0,11.9480136140478,13.1428571428571,33.3333333333333,0,3.58333333333333,2.5
2024,"Jamais élu local","cadsupprive",38,36.1904761904762,34.2105263157895,0,43.8157894736842,44,30.5414449694024,27.4038461538462,34.2105263157895,0,100,100,0,0,0,0,22.8569142295311,19.5533769063181,26.3157894736842,0,5.18421052631579,6.5
2024,"Jamais élu local","cadsuppub",40,33.3333333333333,32.5,0,46.125,46,18.4910384184885,15.0375939849624,32.5,0,100,100,0,0,0,0,14.2039456866589,9.09090909090909,35,0,3.35,2
2024,"Jamais élu local","collab",31,26.9565217391304,45.1612903225806,0,35.5806451612903,34,79.5407983231823,86.6071428571428,100,100,0,0,0,0,0,0,24.0700649404474,20,35.4838709677419,0,8.54838709677419,7
2024,"Jamais élu local","employe",15,65.2173913043478,46.6666666666667,0,43.2,41,12.509500335244,9.09090909090909,13.3333333333333,0,0,0,100,100,0,0,10.5044878039157,9.09090909090909,20,0,1.93333333333333,2
2024,"Jamais élu local","NA",3,21.4285714285714,0,0,24.3333333333333,24,NA,NA,0,0,0,0,0,0,0,0,NA,NA,66.6666666666667,100,0,0
2024,"Jamais élu local","ouvrier",2,25,50,50,31,31,33.3333333333333,33.3333333333333,0,0,0,0,100,100,0,0,33.3333333333333,33.3333333333333,0,0,2,2
2024,"Jamais élu local","profinter",18,24.6575342465753,38.8888888888889,0,48.5555555555556,46,14.6464156280978,11.1111111111111,5.55555555555556,0,0,0,100,100,0,0,14.1834526651348,11.1111111111111,22.2222222222222,0,3.27777777777778,2
2024,"Jamais élu local","proflib",11,20.7547169811321,72.7272727272727,100,52.5454545454545,54,20.0585335018331,19.4444444444444,9.09090909090909,0,100,100,0,0,0,0,19.6453103613372,19.4444444444444,18.1818181818182,0,4.45454545454545,7
2024,"Total","agri",12,100,33.3333333333333,0,57.25,59,43.6388441573601,48.0113636363637,8.33333333333333,0,100,100,0,0,66.6666666666667,100,42.2020625481647,48.0113636363637,33.3333333333333,0,13.3333333333333,12
2024,"Total","artisancommercantpdg",54,100,27.7777777777778,0,54,55,38.1781570341391,35.2777777777778,14.8148148148148,0,100,100,0,0,77.7777777777778,100,37.1397173966144,35.2777777777778,27.7777777777778,0,10.9259259259259,9
2024,"Total","cadsupprive",105,100,30.4761904761905,0,49.7333333333333,50,45.7385510119311,46.6666666666667,24.7619047619048,0,100,100,0,0,63.8095238095238,100,41.8004980880045,41.025641025641,24.7619047619048,0,10.9428571428571,9
2024,"Total","cadsuppub",120,100,35.8333333333333,0,50.55,51,44.9046615643624,43.3760683760683,27.5,0,100,100,0,0,66.6666666666667,100,42.3128504157015,38.6752136752137,26.6666666666667,0,11.8416666666667,10
2024,"Total","collab",115,100,27.8260869565217,0,42.9652173913043,40,85.051476076823,89.8717948717949,95.6521739130435,100,0,0,0,0,73.0434782608696,100,54.8382358212771,60,26.0869565217391,0,15.2347826086957,13
2024,"Total","employe",23,100,39.1304347826087,0,45.1304347826087,44,25.8619820193275,21.2765957446809,21.7391304347826,0,0,0,100,100,34.7826086956522,0,24.5543651510699,15.3846153846154,17.3913043478261,0,5.17391304347826,2
2024,"Total","NA",14,100,64.2857142857143,100,46.8571428571429,51.5,58.5840672472063,57.5,14.2857142857143,0,0,0,0,0,78.5714285714286,100,58.234416897556,57.5,35.7142857142857,0,13.0714285714286,9.5
2024,"Total","ouvrier",8,100,37.5,0,44.125,46,21.7129528795269,21.5909090909091,12.5,0,0,0,100,100,75,100,20.5765892431632,20.1923076923077,12.5,0,3.5,3.5
2024,"Total","profinter",73,100,39.7260273972603,0,51.7671232876712,52,38.2533731388226,40,2.73972602739726,0,0,0,100,100,75.3424657534247,100,37.9679850109688,40,24.6575342465753,0,10.4931506849315,10
2024,"Total","proflib",53,100,54.7169811320755,100,56.2264150943396,56,44.0832623132435,41.9354838709677,7.54716981132075,0,100,100,0,0,79.2452830188679,100,42.6167663282049,40,9.43396226415094,0,13.377358490566,10
