"legis.annee","primodep","groupe.pol","effectifs","pourcentages","mean_part.femmes","median_part.femmes","mean_age","median_age","mean_part.pol","median_part.pol","mean_part.cabcollab","median_part.cabcollab","mean_part.pcs.123","median_part.pcs.123","mean_part.pcs.456","median_part.pcs.456","mean_part.elu.local","median_part.elu.local","mean_part.mandat","median_part.mandat","mean_part.primos","median_part.primos","mean_duree.pol","median_duree.pol"
1978,"Ancien député","Communiste",55,62.5,7.27272727272727,0,55.6545454545455,56,57.6266941608189,57.5757575757576,1.81818181818182,0,18.1818181818182,0,81.8181818181818,100,85.4545454545455,100,57.5715977420861,57.5757575757576,0,0,16.8181818181818,16
1978,"Ancien député","Non-inscrits",9,64.2857142857143,0,0,56.7777777777778,56,52.9893921291771,60.6060606060606,11.1111111111111,0,88.8888888888889,100,11.1111111111111,0,88.8888888888889,100,49.8147889545739,46.4285714285714,0,0,15.7777777777778,19
1978,"Ancien député","RPR/UMP/LR",124,71.2643678160919,2.41935483870968,0,56.6290322580645,57,59.2632282748192,57.9796264855688,22.5806451612903,0,88.7096774193548,100,8.06451612903226,0,84.6774193548387,100,56.8261950559414,57.1428571428571,0,0,17.3790322580645,17
1978,"Ancien député","Socialiste",65,53.7190082644628,0,0,53.8461538461538,55,53.9211837596935,44,6.15384615384615,0,67.6923076923077,100,30.7692307692308,0,89.2307692307692,100,53.3783443004887,43.75,0,0,14.4769230769231,11
1978,"Ancien député","UDF/MODEM/UDI/NC/Dém",74,53.2374100719424,0,0,53.3648648648649,54,54.9607447050228,58.4753787878788,20.2702702702703,0,89.1891891891892,100,8.10810810810811,0,86.4864864864865,100,52.5272381383642,57.3593073593074,0,0,15.0405405405405,14.5
1978,"Primo-député","Communiste",33,37.5,27.2727272727273,0,43.3030303030303,43,20.9310500917359,14.2857142857143,3.03030303030303,0,27.2727272727273,0,66.6666666666667,100,66.6666666666667,100,20.065249225935,14.2857142857143,100,100,3.96969696969697,1
1978,"Primo-député","Non-inscrits",5,35.7142857142857,20,0,48.4,49,8.29004329004327,3.57142857142857,0,0,40,0,40,0,60,100,8.29004329004327,3.57142857142857,100,100,2.4,1
1978,"Primo-député","RPR/UMP/LR",50,28.735632183908,0,0,46.92,48,35.7573827711676,27.5,20,0,86,100,12,0,64,100,31.2763593793547,19.9110122358176,100,100,6.98,5
1978,"Primo-député","Socialiste",56,46.2809917355372,3.57142857142857,0,41.3214285714286,40,26.678203415519,22.4747474747474,5.35714285714286,0,75,100,21.4285714285714,0,80.3571428571429,100,25.7303673845549,19.0909090909091,100,100,4.39285714285714,2
1978,"Primo-député","UDF/MODEM/UDI/NC/Dém",65,46.7625899280576,3.07692307692308,0,47.2615384615385,48,31.9061833259384,24.2424242424242,20,0,87.6923076923077,100,10.7692307692308,0,70.7692307692308,100,28.9879911732635,21.7391304347826,100,100,7.03076923076923,5
1978,"Total","Communiste",88,100,14.7727272727273,0,51.0227272727273,52,43.8658276349128,41.8859649122807,2.27272727272727,0,21.5909090909091,0,76.1363636363636,100,78.4090909090909,100,43.5067170485294,41.8859649122807,37.5,0,12,8.5
1978,"Total","Non-inscrits",14,100,7.14285714285714,0,53.7857142857143,54,37.0253389723436,35.5734767025089,7.14285714285714,0,71.4285714285714,100,21.4285714285714,0,78.5714285714286,100,34.984522645813,35.5734767025089,35.7142857142857,0,11,9
1978,"Total","RPR/UMP/LR",174,100,1.72413793103448,0,53.8390804597701,55,52.5086749691722,56.3492063492063,21.8390804597701,0,87.9310344827586,100,9.19540229885057,0,78.7356321839081,100,49.4842882523245,51.6129032258065,28.735632183908,0,14.3908045977012,13.5
1978,"Total","Socialiste",121,100,1.65289256198347,0,48.0495867768595,47,41.3128622780921,35.7142857142857,5.78512396694215,0,71.0743801652893,100,26.4462809917355,0,85.1239669421488,100,40.5825863889822,35.7142857142857,46.2809917355372,0,9.8099173553719,7
1978,"Total","UDF/MODEM/UDI/NC/Dém",139,100,1.43884892086331,0,50.5107913669065,52,44.1798347076092,41.1764705882353,20.1438848920863,0,88.4892086330935,100,9.35251798561151,0,79.136690647482,100,41.5196766079214,40.625,46.7625899280576,0,11.294964028777,10
1997,"Ancien député","Communiste",21,51.219512195122,14.2857142857143,0,57.6666666666667,56,66.430330930774,68.4210526315789,0,0,33.3333333333333,0,66.6666666666667,100,95.2380952380952,100,66.430330930774,68.4210526315789,0,0,21.2857142857143,20
1997,"Ancien député","Non-inscrits",2,40,0,0,52.5,52.5,47.3505434782608,47.3505434782608,0,0,100,100,0,0,100,100,47.3505434782608,47.3505434782608,0,0,13,13
1997,"Ancien député","Radical",18,48.6486486486486,5.55555555555556,0,59.0555555555556,58.5,62.222288341686,63.7267904509284,0,0,83.3333333333333,100,16.6666666666667,0,100,100,62.222288341686,63.7267904509284,0,0,21.2222222222222,20
1997,"Ancien député","RPR/UMP/LR",128,81.5286624203822,3.90625,0,54.8515625,54,63.6645709204051,64.1098484848485,30.46875,0,82.03125,100,7.03125,0,99.21875,100,60.0756948200678,60.2083333333333,0,0,18.4921875,16
1997,"Ancien député","Socialiste",132,45.360824742268,6.06060606060606,0,54.1287878787879,54,69.0260911437879,70.5882352941177,19.6969696969697,0,74.2424242424242,100,15.1515151515152,0,98.4848484848485,100,66.7424882133768,68.9655172413793,0,0,19.8333333333333,20
1997,"Ancien député","UDF/MODEM/UDI/NC/Dém",103,83.739837398374,5.8252427184466,0,55.2135922330097,54,65.5304229747922,68.0851063829787,29.126213592233,0,89.3203883495146,100,4.85436893203883,0,95.1456310679612,100,62.4824382887417,66.6666666666667,0,0,19.6893203883495,20
1997,"Primo-député","Communiste",20,48.780487804878,5,0,51.3,52.5,53.7871016322174,55.3376906318083,0,0,35,0,55,100,95,100,53.7871016322174,55.3376906318083,100,100,14.65,14
1997,"Primo-député","Non-inscrits",3,60,0,0,57.6666666666667,61,62.6780626780627,72.2222222222222,33.3333333333333,0,66.6666666666667,100,33.3333333333333,0,100,100,61.7521367521367,72.2222222222222,100,100,20,20
1997,"Primo-député","Radical",19,51.3513513513514,21.0526315789474,0,50.2631578947368,50,50.0270092825405,57.1428571428571,10.5263157894737,0,73.6842105263158,100,15.7894736842105,0,100,100,47.8002886347672,44,100,100,12.3684210526316,11
1997,"Primo-député","RPR/UMP/LR",29,18.4713375796178,13.7931034482759,0,50.1379310344828,50,45.273417145771,42.4242424242424,17.2413793103448,0,89.6551724137931,100,10.3448275862069,0,89.6551724137931,100,43.5597803932021,40.5405405405405,100,100,11.4827586206897,12
1997,"Primo-député","Socialiste",159,54.639175257732,24.5283018867925,0,48.1069182389937,49,51.0558017720565,52.9411764705882,27.6729559748428,0,66.0377358490566,100,23.2704402515723,0,88.0503144654088,100,44.7731574795683,45.8333333333333,100,100,11.5408805031447,13
1997,"Primo-député","UDF/MODEM/UDI/NC/Dém",20,16.260162601626,10,0,45.65,44,56.549522201225,54.7008547008547,40,0,90,100,5,0,95,100,53.7656394173422,54.7008547008547,100,100,11.15,9.5
1997,"Total","Communiste",41,100,9.75609756097561,0,54.5609756097561,54,60.2629020046489,63.6363636363636,0,0,34.1463414634146,0,60.9756097560976,100,95.1219512195122,100,60.2629020046489,63.6363636363636,48.780487804878,0,18.0487804878049,20
1997,"Total","Non-inscrits",5,100,0,0,55.6,57,56.5470549981419,47.8260869565217,20,0,80,100,20,0,100,100,55.9914994425864,47.8260869565217,60,100,17.2,15
1997,"Total","Radical",37,100,13.5135135135135,0,54.5405405405405,54,55.9598477437464,61.7647058823529,5.40540540540541,0,78.3783783783784,100,16.2162162162162,0,100,100,54.8163966002953,61.7647058823529,51.3513513513514,100,16.6756756756757,16
1997,"Total","RPR/UMP/LR",157,100,5.73248407643312,0,53.9808917197452,53,60.2674788219058,60,28.0254777070064,0,83.4394904458599,100,7.64331210191083,0,97.4522292993631,100,57.0249845119206,56,18.4713375796178,0,17.1974522292994,15
1997,"Total","Socialiste",291,100,16.1512027491409,0,50.8384879725086,51,59.207273239646,60.8695652173913,24.0549828178694,0,69.7594501718213,100,19.5876288659794,0,92.7835051546392,100,54.7386270907804,57.6923076923077,54.639175257732,100,15.3024054982818,15
1997,"Total","UDF/MODEM/UDI/NC/Dém",123,100,6.50406504065041,0,53.6585365853659,53,64.0701139059195,66.6666666666667,30.8943089430894,0,89.4308943089431,100,4.8780487804878,0,95.1219512195122,100,61.0650726185955,65.5172413793103,16.260162601626,0,18.3008130081301,20
2007,"Ancien député","Communiste",19,73.0769230769231,21.0526315789474,0,61.3157894736842,61,73.7346975059823,80,5.26315789473684,0,36.8421052631579,0,57.8947368421053,100,100,100,73.7346975059823,80,0,0,26.7894736842105,30
2007,"Ancien député","Non-inscrits",5,62.5,20,0,51,52,89.0952178834182,93.75,60,100,60,100,20,0,100,100,85.2549721076886,93.75,0,0,23.4,27
2007,"Ancien député","RPR/UMP/LR",281,76.1517615176152,13.1672597864769,0,56.5444839857651,57,69.4066593448001,69.4444444444444,28.8256227758007,0,76.8683274021352,100,9.25266903914591,0,97.864768683274,100,65.8929627502004,66.6666666666667,0,0,21.5871886120996,22
2007,"Ancien député","Socialiste",132,62.8571428571429,18.1818181818182,0,57.1818181818182,58,75.0049473745729,78.604118993135,37.8787878787879,0,65.9090909090909,100,15.9090909090909,0,98.4848484848485,100,69.8844495906798,70.5882352941177,0,0,23.8939393939394,24
2007,"Ancien député","UDF/MODEM/UDI/NC/Dém",21,80.7692307692308,0,0,53.5714285714286,53,73.723893087388,73.3333333333333,28.5714285714286,0,85.7142857142857,100,0,0,95.2380952380952,100,71.1750909578406,73.3333333333333,0,0,20.2380952380952,18
2007,"Primo-député","Communiste",7,26.9230769230769,28.5714285714286,0,51.8571428571429,56,73.1019006635705,75,14.2857142857143,0,0,0,85.7142857142857,100,100,100,68.3399959016657,70.9677419354839,100,100,18.7142857142857,18
2007,"Primo-député","Non-inscrits",3,37.5,0,0,49.6666666666667,47,72.6430976430976,81.8181818181818,33.3333333333333,0,66.6666666666667,100,33.3333333333333,0,100,100,65.0673400673401,59.0909090909091,100,100,15.6666666666667,16
2007,"Primo-député","RPR/UMP/LR",88,23.8482384823848,23.8636363636364,0,48.9545454545455,48,54.5143541431759,52.0869565217392,26.1363636363636,0,70.4545454545455,100,7.95454545454545,0,90.9090909090909,100,49.1047229433388,48,100,100,13.0568181818182,12
2007,"Primo-député","Socialiste",78,37.1428571428571,42.3076923076923,0,51.5,53,58.190988821702,62.5776397515528,28.2051282051282,0,61.5384615384615,100,24.3589743589744,0,91.025641025641,100,48.1899099824291,45.2991452991453,100,100,14.5641025641026,12
2007,"Primo-député","UDF/MODEM/UDI/NC/Dém",5,19.2307692307692,20,0,56,61,66.7717717717718,66.6666666666667,20,0,40,0,20,0,100,100,61.7717717717718,66.6666666666667,100,100,18.6,13
2007,"Total","Communiste",26,100,23.0769230769231,0,58.7692307692308,59,73.564329125333,79.0625,7.69230769230769,0,26.9230769230769,0,65.3846153846154,100,100,100,72.2822778432817,77.5240384615385,26.9230769230769,0,24.6153846153846,24
2007,"Total","Non-inscrits",8,100,12.5,0,50.5,49.5,82.925672793298,92.0362903225806,50,50,62.5,100,25,0,100,100,77.6846100925579,87.1975806451613,37.5,0,20.5,18
2007,"Total","RPR/UMP/LR",369,100,15.7181571815718,0,54.7344173441734,56,65.8551068847921,68.4210526315789,28.1842818428184,0,75.3387533875339,100,8.94308943089431,0,96.2059620596206,100,61.8892632840654,64.2857142857143,23.8482384823848,0,19.5528455284553,19
2007,"Total","Socialiste",210,100,27.1428571428571,0,55.0714285714286,56,68.7597627692209,72.10433244916,34.2857142857143,0,64.2857142857143,100,19.047619047619,0,95.7142857142857,100,61.8264777361867,66.6666666666667,37.1428571428571,0,20.4285714285714,21
2007,"Total","UDF/MODEM/UDI/NC/Dém",26,100,3.84615384615385,0,54.0384615384615,53.5,72.3869466805388,70,26.9230769230769,0,76.9230769230769,100,3.84615384615385,0,96.1538461538462,100,69.366760345135,70,19.2307692307692,0,19.9230769230769,18
2012,"Ancien député","Communiste",10,66.6666666666667,30,0,64.8,64,83.0447653339879,84.349593495935,0,0,50,50,40,0,100,100,83.0447653339879,84.349593495935,0,0,32.8,35
2012,"Ancien député","Écologiste",2,11.1111111111111,0,0,51.5,51.5,79.4871794871795,79.4871794871795,50,50,50,50,0,0,100,100,68.7728937728938,68.7728937728938,0,0,18.5,18.5
2012,"Ancien député","Non-inscrits",5,55.5555555555556,40,0,55.4,51,80.9848484848485,76.9230769230769,40,0,80,100,0,0,100,100,79.4463869463869,76.9230769230769,0,0,24,23
2012,"Ancien député","Radical",8,40,37.5,0,56.625,57.5,75.961579813008,79.4476744186046,25,0,75,100,12.5,0,100,100,69.711579813008,71.7045454545454,0,0,23.375,26
2012,"Ancien député","RPR/UMP/LR",164,81.1881188118812,10.3658536585366,0,57.3475609756098,58.5,72.5404121509833,72.7272727272727,30.4878048780488,0,76.219512195122,100,8.53658536585366,0,98.1707317073171,100,69.0378886496746,70.5510388437218,0,0,23.2134146341463,23
2012,"Ancien député","Socialiste",151,46.177370030581,28.476821192053,0,58.9205298013245,61,73.119719102444,75.8620689655172,36.4238410596027,0,61.5894039735099,100,23.1788079470199,0,98.6754966887417,100,68.0070879706272,70.7317073170732,0,0,24.4569536423841,23
2012,"Ancien député","UDF/MODEM/UDI/NC/Dém",24,75,0,0,54.5,53.5,85.8911221749767,88.4615384615385,50,50,58.3333333333333,100,8.33333333333333,0,100,100,79.4824664887673,80.7266009852216,0,0,25.2083333333333,25
2012,"Primo-député","Communiste",5,33.3333333333333,0,0,53,51,48.6590485537854,51.1111111111111,40,0,40,0,20,0,100,100,40.8121586016323,50,100,100,13,15
2012,"Primo-député","Écologiste",16,88.8888888888889,56.25,100,49.1875,50,39.6113582573277,42.3703703703704,18.75,0,62.5,100,18.75,0,62.5,100,30.5794955122297,36.6203703703704,100,100,8.8125,10.5
2012,"Primo-député","Non-inscrits",4,44.4444444444444,25,0,41,38.5,33.3333333333333,0,25,0,25,0,0,0,25,0,11.1111111111111,0,100,100,3,0
2012,"Primo-député","Radical",12,60,16.6666666666667,0,52,49.5,54.0406950668971,57.8205128205128,16.6666666666667,0,41.6666666666667,0,41.6666666666667,0,91.6666666666667,100,46.0696805741435,42.8929765886287,100,100,15,11
2012,"Primo-député","RPR/UMP/LR",38,18.8118811881188,26.3157894736842,0,46.4736842105263,47.5,58.9591059395697,63.8344226579521,36.8421052631579,0,76.3157894736842,100,2.63157894736842,0,89.4736842105263,100,49.9483846920063,55.9907834101382,100,100,12.1315789473684,11.5
2012,"Primo-député","Socialiste",176,53.822629969419,42.6136363636364,0,49.8920454545455,50,48.8756822710561,50,35.7954545454545,0,55.1136363636364,100,23.8636363636364,0,86.9318181818182,100,39.6199672441391,37.9310344827586,100,100,11.8806818181818,11
2012,"Primo-député","UDF/MODEM/UDI/NC/Dém",8,25,25,0,51.375,50.5,31.6193031106824,24.6666666666667,0,0,50,50,37.5,0,62.5,100,31.6193031106824,24.6666666666667,100,100,8.25,4
2012,"Total","Communiste",15,100,20,0,60.8666666666667,62,71.582859740587,81.0810810810811,13.3333333333333,0,46.6666666666667,0,33.3333333333333,0,100,100,68.967229756536,81.0810810810811,33.3333333333333,0,26.2,29
2012,"Total","Écologiste",18,100,50,50,49.4444444444444,50,44.0420050606446,45.2558139534883,22.2222222222222,0,61.1111111111111,100,16.6666666666667,0,66.6666666666667,100,34.8232064300812,40.958605664488,88.8888888888889,100,9.88888888888889,11
2012,"Total","Non-inscrits",9,100,33.3333333333333,0,49,51,63.1155303030303,75,33.3333333333333,0,55.5555555555556,100,0,0,66.6666666666667,100,53.8206585081585,62.2377622377623,44.4444444444444,0,14.6666666666667,19
2012,"Total","Radical",20,100,25,0,53.85,53.5,62.8090489653415,73.6231884057971,20,0,55,100,30,0,95,100,55.5264402696893,59.0415019762846,60,100,18.35,17
2012,"Total","RPR/UMP/LR",202,100,13.3663366336634,0,55.3019801980198,56,69.9855129626976,71.4285714285714,31.6831683168317,0,76.2376237623762,100,7.42574257425743,0,96.5346534653465,100,65.4467938457568,66.260162601626,18.8118811881188,0,21.1287128712871,23
2012,"Total","Socialiste",327,100,36.085626911315,0,54.0611620795107,55,60.0709408690364,64.4444444444444,36.085626911315,0,58.1039755351682,100,23.5474006116208,0,92.3547400611621,100,52.7283930230373,54.8387096774194,53.822629969419,100,17.6880733944954,17
2012,"Total","UDF/MODEM/UDI/NC/Dém",32,100,6.25,0,53.71875,52.5,72.3231674089031,80.2801724137931,37.5,0,56.25,100,15.625,0,90.625,100,67.516675644246,77.2077922077922,25,0,20.96875,23
2017,"Ancien député","Communiste",7,43.75,28.5714285714286,0,61,59,66.7139075200124,74.0740740740741,14.2857142857143,0,42.8571428571429,0,28.5714285714286,0,100,100,64.5975054036103,62.7906976744186,0,0,24.5714285714286,27
2017,"Ancien député","LC/HOR",23,65.7142857142857,13.0434782608696,0,53,54,81.5553104839012,91.1764705882353,43.4782608695652,0,56.5217391304348,100,8.69565217391304,0,95.6521739130435,100,75.4640253149822,82.3529411764706,0,0,22.6086956521739,25
2017,"Ancien député","LREM/RE",35,10.9034267912773,22.8571428571429,0,56.2285714285714,56,64.8723792411567,65.2173913043478,37.1428571428571,0,68.5714285714286,100,8.57142857142857,0,94.2857142857143,100,56.5879073526801,59.5744680851064,0,0,20.2285714285714,19
2017,"Ancien député","Non-inscrits",7,41.1764705882353,28.5714285714286,0,57.8571428571429,59,65.5026979371556,77.4193548387097,28.5714285714286,0,71.4285714285714,100,14.2857142857143,0,100,100,59.8191341890757,66.6666666666667,0,0,19.5714285714286,16
2017,"Ancien député","RPR/UMP/LR",62,62,16.1290322580645,0,57.1612903225806,58,73.1087675443699,72.2813238770686,33.8709677419355,0,74.1935483870968,100,4.83870967741935,0,98.3870967741936,100,68.0324017273299,66.6666666666667,0,0,22.9838709677419,22
2017,"Ancien député","Socialiste",26,83.8709677419355,42.3076923076923,0,55.6153846153846,56,70.202953720039,70,53.8461538461538,100,50,50,7.69230769230769,0,92.3076923076923,100,60.1591931066271,61.3247863247863,0,0,20.7307692307692,22
2017,"Ancien député","UDF/MODEM/UDI/NC/Dém",2,4.16666666666667,0,0,53.5,53.5,63.3333333333333,63.3333333333333,0,0,100,100,0,0,100,100,63.3333333333333,63.3333333333333,0,0,18.5,18.5
2017,"Primo-député","Communiste",9,56.25,11.1111111111111,0,51.1111111111111,48,63.9800821514377,76.6666666666667,77.7777777777778,100,33.3333333333333,0,22.2222222222222,0,88.8888888888889,100,43.919354302986,41.6666666666667,100,100,16.6666666666667,18
2017,"Primo-député","LC/HOR",12,34.2857142857143,41.6666666666667,0,48.5833333333333,47.5,52.8478236400233,48.5119047619048,25,0,66.6666666666667,100,8.33333333333333,0,91.6666666666667,100,44.2367125289122,35.4166666666667,100,100,13.5833333333333,9
2017,"Primo-député","LFI",17,100,41.1764705882353,0,43.7647058823529,42,16.3210485200127,0,11.7647058823529,0,47.0588235294118,0,41.1764705882353,0,35.2941176470588,0,15.2940908820152,0,100,100,4.76470588235294,0
2017,"Primo-député","LREM/RE",286,89.0965732087227,50.6993006993007,100,44.9265734265734,45,19.3558514085949,6.66666666666667,15.7342657342657,0,77.2727272727273,100,15.034965034965,0,41.6083916083916,0,14.176475149359,0,100,100,3.93006993006993,1
2017,"Primo-député","Non-inscrits",10,58.8235294117647,20,0,49.3,48.5,55.5740925574291,47.3684210526316,50,50,40,0,0,0,90,100,49.8401951661969,47.3684210526316,100,100,12.5,15.5
2017,"Primo-député","RPR/UMP/LR",38,38,34.2105263157895,0,47.2105263157895,49,65.3669028028784,65.686274509804,28.9473684210526,0,50,50,23.6842105263158,0,97.3684210526316,100,54.8515130580195,53.5714285714285,100,100,13.3947368421053,13
2017,"Primo-député","Socialiste",5,16.1290322580645,20,0,54,47,74.0973937143568,80.952380952381,40,0,60,100,20,0,80,100,64.5786771368167,76.1904761904762,100,100,23,20
2017,"Primo-député","UDF/MODEM/UDI/NC/Dém",46,95.8333333333333,39.1304347826087,0,52.8478260869565,54,38.7501679309443,34.0714285714286,19.5652173913043,0,63.0434782608696,100,19.5652173913043,0,84.7826086956522,100,33.4056772832585,29.1062801932367,100,100,11.3260869565217,9
2017,"Total","Communiste",16,100,18.75,0,55.4375,57,65.1761307501891,75.3703703703704,50,50,37.5,0,25,0,93.75,100,52.9660454095091,52.1296296296296,56.25,100,20.125,20.5
2017,"Total","LC/HOR",35,100,22.8571428571429,0,51.4857142857143,52,71.7127435660002,82.3529411764706,37.1428571428571,0,60,100,8.57142857142857,0,94.2857142857143,100,64.7575180740439,64.7058823529412,34.2857142857143,0,19.5142857142857,21
2017,"Total","LFI",17,100,41.1764705882353,0,43.7647058823529,42,16.3210485200127,0,11.7647058823529,0,47.0588235294118,0,41.1764705882353,0,35.2941176470588,0,15.2940908820152,0,100,100,4.76470588235294,0
2017,"Total","LREM/RE",321,100,47.6635514018692,0,46.1588785046729,46,24.3498278165562,12.5,18.0685358255452,0,76.3239875389408,100,14.3302180685358,0,47.3520249221184,0,18.8297670838927,0,89.0965732087227,100,5.70716510903427,3
2017,"Total","Non-inscrits",17,100,23.5294117647059,0,52.8235294117647,49,59.9178574110595,70.3423304805793,41.1764705882353,0,52.9411764705882,100,5.88235294117647,0,94.1176470588235,100,54.2059809887064,64.9659863945579,58.8235294117647,100,15.4117647058824,16
2017,"Total","RPR/UMP/LR",100,100,23,0,53.38,55,70.1668589426031,70.7180500658762,32,0,65,100,12,0,98,100,63.023664032992,64.7058823529412,38,0,19.34,19.5
2017,"Total","Socialiste",31,100,38.7096774193548,0,55.3548387096774,56,70.8310892029935,76.1904761904762,51.6129032258064,100,51.6129032258064,100,9.67741935483871,0,90.3225806451613,100,60.8720131114964,64.1025641025641,16.1290322580645,0,21.0967741935484,22
2017,"Total","UDF/MODEM/UDI/NC/Dém",48,100,37.5,0,52.875,54,39.7744664893772,36,18.75,0,64.5833333333333,100,18.75,0,85.4166666666667,100,34.6526629520116,30.9316770186336,95.8333333333333,100,11.625,9
2022,"Ancien député","Communiste",11,50,18.1818181818182,0,54.3636363636364,53,73.6404952789225,84.6153846153846,72.7272727272727,100,27.2727272727273,0,18.1818181818182,0,100,100,59.8038958740457,54.5454545454545,0,0,23,26
2022,"Ancien député","Écologiste",4,17.3913043478261,50,50,48.75,50.5,75.290931440125,89.7022332506204,50,50,50,50,0,0,50,50,53.4960596452532,50.4807692307693,0,0,17.25,17.5
2022,"Ancien député","LC/HOR",16,51.6129032258064,25,0,50.25,52.5,63.6718047647215,51.0610079575597,25,0,75,100,6.25,0,75,100,56.982230478121,51.0610079575597,0,0,17.3125,14
2022,"Ancien député","LFI",14,18.6666666666667,35.7142857142857,0,46.5714285714286,46.5,45.4683937416298,38.7179487179488,14.2857142857143,0,50,50,35.7142857142857,0,42.8571428571429,0,44.2779175511536,38.7179487179488,0,0,9.42857142857143,5
2022,"Ancien député","LIOT",15,75,13.3333333333333,0,60.4666666666667,61,58.1314803543046,51.9230769230769,26.6666666666667,0,73.3333333333333,100,6.66666666666667,0,100,100,55.5673777902021,51.9230769230769,0,0,21.8,15
2022,"Ancien député","LREM/RE",125,67.2043010752688,43.2,0,50.912,52,48.6216814887658,45.4545454545455,24,0,75.2,100,10.4,0,55.2,100,43.814893938183,40,0,0,11.568,8
2022,"Ancien député","Non-inscrits",4,100,50,50,58.75,60,73.713939598828,88.8071895424837,75,100,50,50,0,0,75,100,70.2417173766058,83.3333333333333,0,0,25.75,31
2022,"Ancien député","RN",5,5.61797752808989,40,0,49.2,49,83.4661889834303,85.7142857142857,80,100,0,0,20,0,100,100,75.3504254366323,82.7586206896552,0,0,20.2,21
2022,"Ancien député","RPR/UMP/LR",47,75.8064516129032,27.6595744680851,0,52.7659574468085,54,75.260836084187,78.5714285714286,44.6808510638298,0,55.3191489361702,100,10.6382978723404,0,89.3617021276596,100,66.2015530385405,70.7317073170732,0,0,20.1702127659574,21
2022,"Ancien député","Socialiste",18,58.0645161290323,44.4444444444444,0,59,58,64.3044823925087,65.7393292682927,44.4444444444444,0,66.6666666666667,100,11.1111111111111,0,94.4444444444444,100,56.6202099356494,57.4279379157428,0,0,21.4444444444444,22
2022,"Ancien député","UDF/MODEM/UDI/NC/Dém",37,68.5185185185185,37.8378378378378,0,55.2162162162162,55,48.9221431969853,46.6666666666667,16.2162162162162,0,75.6756756756757,100,13.5135135135135,0,83.7837837837838,100,44.4444729298413,44.4444444444444,0,0,14.8108108108108,12
2022,"Primo-député","Communiste",11,50,18.1818181818182,0,44.3636363636364,43,36.041847041847,38.1818181818182,9.09090909090909,0,27.2727272727273,0,54.5454545454545,100,90.9090909090909,100,33.541847041847,28.1818181818182,100,100,7.72727272727273,5
2022,"Primo-député","Écologiste",19,82.6086956521739,57.8947368421053,100,42.5789473684211,41,52.5820102035207,47.3684210526316,47.3684210526316,0,47.3684210526316,0,10.5263157894737,0,68.4210526315789,100,26.4144081841181,24,100,100,8.31578947368421,9
2022,"Primo-député","LC/HOR",15,48.3870967741936,46.6666666666667,0,49.2,52,49.8048996796141,48.2758620689655,20,0,66.6666666666667,100,26.6666666666667,0,93.3333333333333,100,46.9900848647993,48.2758620689655,100,100,12.2,14
2022,"Primo-député","LFI",61,81.3333333333333,44.2622950819672,0,42.3934426229508,42,25.1165611468529,8.33333333333333,22.9508196721311,0,44.2622950819672,0,42.6229508196721,0,39.344262295082,0,15.3493670027894,0,100,100,4.0655737704918,1
2022,"Primo-député","LIOT",5,25,20,0,46.8,46,46.4069264069264,38.0952380952381,20,0,80,100,0,0,80,100,46.4069264069264,38.0952380952381,100,100,9.2,10
2022,"Primo-député","LREM/RE",61,32.7956989247312,39.344262295082,0,44.9508196721311,44,44.9720768530443,41.6666666666667,42.6229508196721,0,62.2950819672131,100,9.83606557377049,0,65.5737704918033,100,29.755289526745,19.2307692307692,100,100,7.59016393442623,6
2022,"Primo-député","RN",84,94.3820224719101,36.9047619047619,0,45.9761904761905,45.5,38.3360823728184,28.5714285714286,33.3333333333333,0,48.8095238095238,0,27.3809523809524,0,78.5714285714286,100,28.9041280467287,17.7777777777778,100,100,5.69047619047619,4
2022,"Primo-député","RPR/UMP/LR",15,24.1935483870968,33.3333333333333,0,46.3333333333333,42,75.2431451802648,73.3333333333333,26.6666666666667,0,53.3333333333333,100,20,0,100,100,63.7981533904455,58.3333333333333,100,100,15.2,12
2022,"Primo-député","Socialiste",13,41.9354838709677,23.0769230769231,0,47.5384615384615,50,46.5369594959171,48,30.7692307692308,0,61.5384615384615,100,23.0769230769231,0,92.3076923076923,100,44.2470925001677,46.1538461538462,100,100,11.5384615384615,12
2022,"Primo-député","UDF/MODEM/UDI/NC/Dém",17,31.4814814814815,41.1764705882353,0,51,50,33.2306110242189,32,41.1764705882353,0,76.4705882352941,100,17.6470588235294,0,88.2352941176471,100,29.2942541285194,20,100,100,9.35294117647059,8
2022,"Total","Communiste",22,100,18.1818181818182,0,49.3636363636364,52,55.7363770707913,51.4285714285714,40.9090909090909,0,27.2727272727273,0,36.3636363636364,0,95.4545454545455,100,47.2981583349035,50,50,50,15.3636363636364,14
2022,"Total","Écologiste",23,100,56.5217391304348,100,43.6521739130435,42,56.5313878098867,60.8695652173913,47.8260869565217,0,47.8260869565217,0,8.69565217391304,0,65.2173913043478,100,31.1242606121416,31.8181818181818,82.6086956521739,100,9.8695652173913,9
2022,"Total","LC/HOR",31,100,35.4838709677419,0,49.741935483871,52,56.962011981605,48.2758620689655,22.5806451612903,0,70.9677419354839,100,16.1290322580645,0,83.8709677419355,100,52.1473213103847,48.2758620689655,48.3870967741936,0,14.8387096774194,14
2022,"Total","LFI",75,100,42.6666666666667,0,43.1733333333333,42,29.0196523294129,16.6666666666667,21.3333333333333,0,45.3333333333333,0,41.3333333333333,0,40,0,20.8973082038455,8.33333333333333,81.3333333333333,100,5.06666666666667,2
2022,"Total","LIOT",20,100,15,0,57.05,57.5,55.2003418674601,50.0994694960212,25,0,75,100,5,0,95,100,53.2772649443831,50.0994694960212,25,0,18.65,14
2022,"Total","LREM/RE",186,100,41.9354838709677,0,48.9569892473118,49.5,47.4247681404916,42.6406926406926,30.1075268817204,0,70.9677419354839,100,10.2150537634409,0,58.6021505376344,100,39.2039484053995,33.3333333333333,32.7956989247312,0,10.2634408602151,8
2022,"Total","Non-inscrits",4,100,50,50,58.75,60,73.713939598828,88.8071895424837,75,100,50,50,0,0,75,100,70.2417173766058,83.3333333333333,0,0,25.75,31
2022,"Total","RN",89,100,37.0786516853933,0,46.1573033707865,46,40.9002929756941,32.5757575757575,35.9550561797753,0,46.0674157303371,0,26.9662921348315,0,79.7752808988764,100,31.5431222166096,20.6060606060606,94.3820224719101,100,6.50561797752809,4
2022,"Total","RPR/UMP/LR",62,100,29.0322580645161,0,51.2096774193548,53.5,75.2565560267865,78.5714285714286,40.3225806451613,0,54.8387096774194,100,12.9032258064516,0,91.9354838709677,100,65.6200853817433,67.948717948718,24.1935483870968,0,18.9677419354839,18.5
2022,"Total","Socialiste",31,100,35.4838709677419,0,54.1935483870968,57,56.853585693938,51.4285714285714,38.7096774193548,0,64.5161290322581,100,16.1290322580645,0,93.5483870967742,100,51.4314832691571,48.2758620689655,41.9354838709677,0,17.2903225806452,19
2022,"Total","UDF/MODEM/UDI/NC/Dém",54,100,38.8888888888889,0,53.8888888888889,52.5,43.9822164018551,41.9512195121951,24.0740740740741,0,75.9259259259259,100,14.8148148148148,0,85.1851851851852,100,39.6749596034992,37.2294372294373,31.4814814814815,0,13.0925925925926,8
2024,"Ancien député","Communiste",16,88.8888888888889,31.25,0,51.375,51.5,54.3458853261,48.6486486486486,18.75,0,37.5,0,43.75,0,93.75,100,50.8839556544929,48.6486486486486,0,0,15.4375,12
2024,"Ancien député","Écologiste",26,68.4210526315789,53.8461538461538,100,47.5,49,56.1492213741426,53.968253968254,50,50,57.6923076923077,100,7.69230769230769,0,61.5384615384615,100,39.6339770449842,37.5,0,0,11.8076923076923,11
2024,"Ancien député","LC/HOR",28,93.3333333333333,35.7142857142857,0,50.4642857142857,54,57.2962107262077,49.3358633776091,25,0,78.5714285714286,100,7.14285714285714,0,75,100,53.1967071999514,49.1397849462366,0,0,14.25,11.5
2024,"Ancien député","LFI",58,80.5555555555556,37.9310344827586,0,43.4655172413793,42.5,37.8685554239873,25,25.8620689655172,0,46.551724137931,0,36.2068965517241,0,32.7586206896552,0,30.0373050112638,23.3333333333333,0,0,6.10344827586207,4
2024,"Ancien député","LIOT",17,73.9130434782609,17.6470588235294,0,58.2352941176471,59,53.3864177026316,43.4782608695652,17.6470588235294,0,76.4705882352941,100,11.7647058823529,0,94.1176470588235,100,51.2003571423356,43.4782608695652,0,0,18.6470588235294,16
2024,"Ancien député","LREM/RE",90,92.7835051546392,40,0,50.5111111111111,51,51.4291808170096,46.6666666666667,31.1111111111111,0,68.8888888888889,100,12.2222222222222,0,62.2222222222222,100,44.3070282781904,37.9807692307693,0,0,11.6555555555556,10
2024,"Ancien député","Non-inscrits",9,100,44.4444444444444,0,54.1111111111111,53,68.5780813231793,88.4615384615385,33.3333333333333,0,66.6666666666667,100,0,0,77.7777777777778,100,68.5780813231793,88.4615384615385,0,0,16.8888888888889,13
2024,"Ancien député","RN",79,63.7096774193548,36.7088607594937,0,48.0886075949367,48,45.8356457661211,38.6752136752137,37.9746835443038,0,41.7721518987342,0,27.8481012658228,0,75.9493670886076,100,38.6293818008573,32.0512820512821,0,0,8.55696202531646,6
2024,"Ancien député","RPR/UMP/LR",42,87.5,33.3333333333333,0,53.8333333333333,55,79.7456483343373,86.3425925925926,40.4761904761905,0,59.5238095238095,100,9.52380952380952,0,95.2380952380952,100,70.8976287004629,73.125,0,0,22.3095238095238,22.5
2024,"Ancien député","Socialiste",33,50.7692307692308,39.3939393939394,0,57.3333333333333,60,61.5673214161285,61.1111111111111,42.4242424242424,0,69.6969696969697,100,15.1515151515152,0,93.9393939393939,100,55.9512044614797,53.3333333333333,0,0,20.3636363636364,21
2024,"Ancien député","UDF/MODEM/UDI/NC/Dém",36,100,33.3333333333333,0,55.6388888888889,54.5,49.5984601644027,50,16.6666666666667,0,77.7777777777778,100,13.8888888888889,0,88.8888888888889,100,48.4365335531296,50,0,0,15.25,11
2024,"Ancien député","UDR",3,17.6470588235294,66.6666666666667,100,56.3333333333333,59,73.8095238095238,71.4285714285714,33.3333333333333,0,66.6666666666667,100,0,0,100,100,63.0252100840336,67.6470588235294,0,0,22.3333333333333,23
2024,"Primo-député","Communiste",2,11.1111111111111,0,0,40,40,87.5,87.5,50,50,0,0,0,0,100,100,81.7307692307693,81.7307692307693,100,100,14.5,14.5
2024,"Primo-député","Écologiste",12,31.5789473684211,33.3333333333333,0,48.6666666666667,46.5,44.6299142774647,50,25,0,83.3333333333333,100,8.33333333333333,0,75,100,36.587928325996,44.0972222222222,100,100,10.75,9.5
2024,"Primo-député","LC/HOR",2,6.66666666666667,50,50,57.5,57.5,80.5977229601518,80.5977229601518,0,0,100,100,0,0,100,100,80.5977229601518,80.5977229601518,100,100,26,26
2024,"Primo-député","LFI",14,19.4444444444444,42.8571428571429,0,38.7142857142857,34,21.1615835145247,18.1818181818182,35.7142857142857,0,35.7142857142857,0,28.5714285714286,0,28.5714285714286,0,7.01905937200055,0,100,100,2.42857142857143,1
2024,"Primo-député","LIOT",6,26.0869565217391,33.3333333333333,0,53.8333333333333,60,72.5777247836071,71.2462462462462,50,50,50,50,0,0,100,100,58.274054597584,58.2516339869281,100,100,19.8333333333333,20.5
2024,"Primo-député","LREM/RE",7,7.21649484536082,42.8571428571429,0,42.1428571428571,39,58.0853703522877,55.5555555555556,85.7142857142857,100,42.8571428571429,0,0,0,14.2857142857143,0,20.0907626208378,18.4210526315789,100,100,8.85714285714286,7
2024,"Primo-député","RN",45,36.2903225806452,22.2222222222222,0,45.8222222222222,46,30.7961819563309,18.1818181818182,26.6666666666667,0,53.3333333333333,100,24.4444444444444,0,55.5555555555556,100,24.1570329916006,12,100,100,3.88888888888889,3
2024,"Primo-député","RPR/UMP/LR",6,12.5,0,0,44,43.5,72.6075493392981,76.8421052631579,50,50,83.3333333333333,100,0,0,100,100,62.0519937837425,61.1111111111111,100,100,13.8333333333333,11
2024,"Primo-député","Socialiste",32,49.2307692307692,37.5,0,50.09375,50,53.4046172523519,58.8235294117647,46.875,0,65.625,100,12.5,0,81.25,100,41.9021360171383,45.141065830721,100,100,12.90625,13
2024,"Primo-député","UDR",14,82.3529411764706,21.4285714285714,0,45.1428571428571,40.5,13.6514244768514,6.66666666666667,28.5714285714286,0,64.2857142857143,100,21.4285714285714,0,42.8571428571429,0,10.1609364702344,0,100,100,3.92857142857143,0.5
2024,"Total","Communiste",18,100,27.7777777777778,0,50.1111111111111,50,58.0296758454222,62.7413127413128,22.2222222222222,0,33.3333333333333,0,38.8888888888889,0,94.4444444444444,100,54.3113793851903,54.8048048048048,11.1111111111111,0,15.3333333333333,12
2024,"Total","Écologiste",38,100,47.3684210526316,0,47.8684210526316,48,52.5115454488759,53.968253968254,42.1052631578947,0,65.7894736842105,100,7.89473684210526,0,65.7894736842105,100,38.6720669231985,40.3716216216216,31.5789473684211,0,11.4736842105263,11
2024,"Total","LC/HOR",30,100,36.6666666666667,0,50.9333333333333,54.5,58.8496448751373,52.4731182795699,23.3333333333333,0,80,100,6.66666666666667,0,76.6666666666667,100,55.0234415839648,52.4731182795699,6.66666666666667,0,15.0333333333333,14
2024,"Total","LFI",72,100,38.8888888888889,0,42.5416666666667,40.5,34.7658320693728,24.1666666666667,27.7777777777778,0,44.4444444444444,0,34.7222222222222,0,31.9444444444444,0,25.7624879639721,20.7142857142857,19.4444444444444,0,5.38888888888889,3
2024,"Total","LIOT",23,100,21.7391304347826,0,57.0869565217391,59,58.3928456367991,53.7037037037037,26.0869565217391,0,69.5652173913043,100,8.69565217391304,0,95.6521739130435,100,53.0456695219656,47.0588235294118,26.0869565217391,0,18.9565217391304,16
2024,"Total","LREM/RE",97,100,40.2061855670103,0,49.9072164948454,50,51.9095243917204,47.6190476190476,35.0515463917526,0,67.0103092783505,100,11.340206185567,0,58.7628865979381,100,42.5594627152886,35.7142857142857,7.21649484536082,0,11.4536082474227,10
2024,"Total","Non-inscrits",9,100,44.4444444444444,0,54.1111111111111,53,68.5780813231793,88.4615384615385,33.3333333333333,0,66.6666666666667,100,0,0,77.7777777777778,100,68.5780813231793,88.4615384615385,0,0,16.8888888888889,13
2024,"Total","RN",124,100,31.4516129032258,0,47.2661290322581,48,40.4910429246254,33.3333333333333,33.8709677419355,0,45.9677419354839,0,26.6129032258065,0,68.5483870967742,100,33.4863156950884,25,36.2903225806452,0,6.86290322580645,4
2024,"Total","RPR/UMP/LR",48,100,29.1666666666667,0,52.6041666666667,55,78.8533859599574,84.2592592592592,41.6666666666667,0,62.5,100,8.33333333333333,0,95.8333333333333,100,69.7919243358729,71.82418699187,12.5,0,21.25,20.5
2024,"Total","Socialiste",65,100,38.4615384615385,0,53.7692307692308,54,57.5487593662693,58.8235294117647,44.6153846153846,0,67.6923076923077,100,13.8461538461538,0,87.6923076923077,100,49.0347399965732,50,49.2307692307692,0,16.6923076923077,16
2024,"Total","UDF/MODEM/UDI/NC/Dém",36,100,33.3333333333333,0,55.6388888888889,54.5,49.5984601644027,50,16.6666666666667,0,77.7777777777778,100,13.8888888888889,0,88.8888888888889,100,48.4365335531296,50,0,0,15.25,11
2024,"Total","UDR",17,100,29.4117647058824,0,47.1176470588235,41,24.9310681017275,10.427807486631,29.4117647058824,0,64.7058823529412,100,17.6470588235294,0,52.9411764705882,100,20.0729877728217,10.427807486631,82.3529411764706,100,7.17647058823529,4
